{
    "name": "trial_79",
    "start_time": "2024-10-20 12:16:54.604",
    "duration": "34.768",
    "directory": "/home/krakerlu/github/ImageMLResearch/demo/chihuahua_vs_muffin/experiments/experiment_03/output/trial_79",
    "hyperparameters": {
        "units1": 128,
        "kernel_size1": 5,
        "units2": 32,
        "kernel_size2": 7,
        "dense_units": 256,
        "dropout_rate": 0.22677122482282125,
        "learning_rate": 0.0001639830135276586
    },
    "figures": {
        "model_summary": "/home/krakerlu/github/ImageMLResearch/demo/chihuahua_vs_muffin/experiments/experiment_03/output/trial_79/model_summary.png",
        "confusion_matrix": "/home/krakerlu/github/ImageMLResearch/demo/chihuahua_vs_muffin/experiments/experiment_03/output/trial_79/confusion_matrix.png",
        "training_history": "/home/krakerlu/github/ImageMLResearch/demo/chihuahua_vs_muffin/experiments/experiment_03/output/trial_79/training_history.png"
    },
    "evaluation_metrics": {
        "train": {
            "accuracy": 0.9653124809265137,
            "precision": 0.9653124809265137,
            "recall": 0.9653124809265137,
            "f1": 0.9653124309265162,
            "classification_report": {
                "chihuahua": {
                    "precision": 0.9746543778801844,
                    "recall": 0.961910176236498,
                    "f1-score": 0.9682403433476395,
                    "support": 1759
                },
                "muffin": {
                    "precision": 0.9542349726775956,
                    "recall": 0.9694656488549618,
                    "f1-score": 0.961790017211704,
                    "support": 1441
                },
                "micro avg": {
                    "precision": 0.9653125,
                    "recall": 0.9653125,
                    "f1-score": 0.9653125,
                    "support": 3200
                },
                "macro avg": {
                    "precision": 0.96444467527889,
                    "recall": 0.9656879125457298,
                    "f1-score": 0.9650151802796718,
                    "support": 3200
                },
                "weighted avg": {
                    "precision": 0.9654592644748936,
                    "recall": 0.9653125,
                    "f1-score": 0.965335680859551,
                    "support": 3200
                },
                "samples avg": {
                    "precision": 0.9653125,
                    "recall": 0.9653125,
                    "f1-score": 0.9653125,
                    "support": 3200
                }
            }
        },
        "val": {
            "accuracy": 0.895312488079071,
            "precision": 0.895312488079071,
            "recall": 0.895312488079071,
            "f1": 0.8953124380790738,
            "classification_report": {
                "chihuahua": {
                    "precision": 0.9,
                    "recall": 0.891640866873065,
                    "f1-score": 0.895800933125972,
                    "support": 323
                },
                "muffin": {
                    "precision": 0.890625,
                    "recall": 0.8990536277602523,
                    "f1-score": 0.8948194662480377,
                    "support": 317
                },
                "micro avg": {
                    "precision": 0.8953125,
                    "recall": 0.8953125,
                    "f1-score": 0.8953125,
                    "support": 640
                },
                "macro avg": {
                    "precision": 0.8953125,
                    "recall": 0.8953472473166586,
                    "f1-score": 0.8953101996870048,
                    "support": 640
                },
                "weighted avg": {
                    "precision": 0.8953564453125,
                    "recall": 0.8953125,
                    "f1-score": 0.895314800312995,
                    "support": 640
                },
                "samples avg": {
                    "precision": 0.8953125,
                    "recall": 0.8953125,
                    "f1-score": 0.8953125,
                    "support": 640
                }
            }
        },
        "test": {
            "accuracy": 0.900335967540741,
            "precision": 0.900335967540741,
            "recall": 0.900335967540741,
            "f1": 0.9003359175407437,
            "classification_report": {
                "chihuahua": {
                    "precision": 0.907563025210084,
                    "recall": 0.9056603773584906,
                    "f1-score": 0.906610703043022,
                    "support": 477
                },
                "muffin": {
                    "precision": 0.8920863309352518,
                    "recall": 0.8942307692307693,
                    "f1-score": 0.8931572629051621,
                    "support": 416
                },
                "micro avg": {
                    "precision": 0.9003359462486002,
                    "recall": 0.9003359462486002,
                    "f1-score": 0.9003359462486002,
                    "support": 893
                },
                "macro avg": {
                    "precision": 0.899824678072668,
                    "recall": 0.89994557329463,
                    "f1-score": 0.8998839829740921,
                    "support": 893
                },
                "weighted avg": {
                    "precision": 0.9003532773732081,
                    "recall": 0.9003359462486002,
                    "f1-score": 0.900343478969842,
                    "support": 893
                },
                "samples avg": {
                    "precision": 0.9003359462486002,
                    "recall": 0.9003359462486002,
                    "f1-score": 0.9003359462486002,
                    "support": 893
                }
            }
        }
    },
    "training_history": {
        "accuracy": [
            0.6378124952316284,
            0.7668750286102295,
            0.8046875,
            0.8196874856948853,
            0.8428124785423279,
            0.8418750166893005,
            0.854687511920929,
            0.8553125262260437,
            0.8706250190734863,
            0.8784375190734863,
            0.8965625166893005,
            0.8899999856948853,
            0.9009374976158142,
            0.909375011920929,
            0.9137499928474426,
            0.918749988079071,
            0.9156249761581421,
            0.9275000095367432,
            0.9006249904632568,
            0.9128124713897705,
            0.9237499833106995,
            0.9284374713897705,
            0.9393749833106995,
            0.9371874928474426,
            0.9381250143051147
        ],
        "loss": [
            0.6219776272773743,
            0.5003930330276489,
            0.44075730443000793,
            0.4078374207019806,
            0.3748588562011719,
            0.36180946230888367,
            0.3488229811191559,
            0.35761919617652893,
            0.3124542832374573,
            0.29959893226623535,
            0.26203158497810364,
            0.27267876267433167,
            0.23596687614917755,
            0.23783574998378754,
            0.21176652610301971,
            0.19758662581443787,
            0.2025575190782547,
            0.18627603352069855,
            0.22519253194332123,
            0.20852157473564148,
            0.18878883123397827,
            0.18247570097446442,
            0.16032220423221588,
            0.16893459856510162,
            0.1558014154434204
        ],