{
    "name": "trial_73",
    "start_time": "2024-10-27 12:13:07.882",
    "duration": "0:05:47.241",
    "directory": "/home/krakerlu/github/ImageMLResearch/demo/chihuahua_vs_muffin/experiments/experiment_04/output/trial_73",
    "hyperparameters": {
        "normalization": "standard",
        "batch_size": 128,
        "learning_rate": 6.686534316065796e-05
    },
    "figures": {
        "training_history": "/home/krakerlu/github/ImageMLResearch/demo/chihuahua_vs_muffin/experiments/experiment_04/output/trial_73/training_history.png"
    },
    "evaluation_metrics": {
        "train": {
            "accuracy": 0.9690612554550171,
            "precision": 0.9690612554550171,
            "recall": 0.9690612554550171,
            "f1": 0.9690612054550196,
            "classification_report": {
                "chihuahua": {
                    "precision": 0.958922379301147,
                    "recall": 0.9860120680197477,
                    "f1-score": 0.9722785665990534,
                    "support": 3646
                },
                "muffin": {
                    "precision": 0.9822732012513035,
                    "recall": 0.9483221476510068,
                    "f1-score": 0.964999146320642,
                    "support": 2980
                },
                "micro avg": {
                    "precision": 0.969061273769997,
                    "recall": 0.969061273769997,
                    "f1-score": 0.969061273769997,
                    "support": 6626
                },
                "macro avg": {
                    "precision": 0.9705977902762253,
                    "recall": 0.9671671078353772,
                    "f1-score": 0.9686388564598477,
                    "support": 6626
                },
                "weighted avg": {
                    "precision": 0.9694242581739914,
                    "recall": 0.969061273769997,
                    "f1-score": 0.9690046951185727,
                    "support": 6626
                },
                "samples avg": {
                    "precision": 0.969061273769997,
                    "recall": 0.969061273769997,
                    "f1-score": 0.969061273769997,
                    "support": 6626
                }
            }
        },
        "val": {
            "accuracy": 0.8730606436729431,
            "precision": 0.8730606436729431,
            "recall": 0.8730606436729431,
            "f1": 0.873060593672946,
            "classification_report": {
                "chihuahua": {
                    "precision": 0.9096385542168675,
                    "recall": 0.8342541436464088,
                    "f1-score": 0.8703170028818443,
                    "support": 362
                },
                "muffin": {
                    "precision": 0.8408488063660478,
                    "recall": 0.9135446685878963,
                    "f1-score": 0.8756906077348067,
                    "support": 347
                },
                "micro avg": {
                    "precision": 0.8730606488011283,
                    "recall": 0.8730606488011283,
                    "f1-score": 0.8730606488011283,
                    "support": 709
                },
                "macro avg": {
                    "precision": 0.8752436802914576,
                    "recall": 0.8738994061171526,
                    "f1-score": 0.8730038053083256,
                    "support": 709
                },
                "weighted avg": {
                    "precision": 0.8759713574549008,
                    "recall": 0.8730606488011283,
                    "f1-score": 0.8729469618155228,
                    "support": 709
                },
                "samples avg": {
                    "precision": 0.8730606488011283,
                    "recall": 0.8730606488011283,
                    "f1-score": 0.8730606488011283,
                    "support": 709
                }
            }
        },
        "test": {
            "accuracy": 0.8832629919052124,
            "precision": 0.8832629919052124,
            "recall": 0.8832629919052124,
            "f1": 0.8832629419052151,
            "classification_report": {
                "chihuahua": {
                    "precision": 0.9052924791086351,
                    "recall": 0.8689839572192514,
                    "f1-score": 0.8867667121418826,
                    "support": 374
                },
                "muffin": {
                    "precision": 0.8607954545454546,
                    "recall": 0.8991097922848664,
                    "f1-score": 0.8795355587808418,
                    "support": 337
                },
                "micro avg": {
                    "precision": 0.8832630098452883,
                    "recall": 0.8832630098452883,
                    "f1-score": 0.8832630098452883,
                    "support": 711
                },
                "macro avg": {
                    "precision": 0.8830439668270449,
                    "recall": 0.8840468747520589,
                    "f1-score": 0.8831511354613621,
                    "support": 711
                },
                "weighted avg": {
                    "precision": 0.8842017656377604,
                    "recall": 0.8832630098452883,
                    "f1-score": 0.8833392878343289,
                    "support": 711
                },
                "samples avg": {
                    "precision": 0.8832630098452883,
                    "recall": 0.8832630098452883,
                    "f1-score": 0.8832630098452883,
                    "support": 711
                }
            }
        }
    },
    "training_history": {
        "accuracy": [
            0.7044974565505981,
            0.797766387462616,
            0.8480229377746582,
            0.8640205264091492,
            0.882583737373352,
            0.8898279666900635,
            0.8942046761512756,
            0.9103531837463379,
            0.9144279956817627,
            0.9185028672218323,
            0.9230304956436157,
            0.9266526103019714,
            0.9406881928443909,
            0.9447630643844604,
            0.9506489634513855
        ],
        "loss": [
            0.5595505237579346,
            0.44230565428733826,
            0.36772334575653076,
            0.3302246630191803,
            0.2909408509731293,
            0.27089402079582214,
            0.25829222798347473,
            0.23270031809806824,
            0.2161853015422821,
            0.20584768056869507,
            0.19344083964824677,
            0.1879138946533203,
            0.15588124096393585,
            0.1460307538509369,
            0.13087420165538788
        ],
        "val_accuracy": [
            0.7842031121253967,
            0.8025388121604919,
            0.8377997279167175,
            0.8349788188934326,
            0.8392101526260376,
            0.8504936695098877,
            0.8208744525909424,
            0.8462623357772827,
            0.8222849369049072,
            0.8053596615791321,
            0.8547249436378479,
            0.8674188852310181,
            0.8674188852310181,
            0.8744710683822632,
            0.8730606436729431
        ],
        "val_loss": [
            0.46688300371170044,
            0.4420051574707031,
            0.36934754252433777,
            0.4077717363834381,
            0.3837813436985016,
            0.33256611227989197,
            0.40362995862960815,
            0.3644278645515442,
            0.41058027744293213,
            0.4339296519756317,
            0.3332526981830597,
            0.30097678303718567,
            0.3364379405975342,
            0.3056989312171936,
            0.3199514150619507
        ]
    }
}