{
    "name": "trial_73",
    "start_time": "2024-10-17 15:59:10.634",
    "duration": "06.158",
    "directory": "/home/krakerlu/github/ImageMLResearch/demo/chihuahua_vs_muffin/experiments/experiment_02/output/trial_73",
    "hyperparameters": {
        "units1": 64,
        "kernel_size1": 3,
        "units2": 128,
        "kernel_size2": 3,
        "units3": 256,
        "learning_rate": 0.00030231029814696255
    },
    "figures": {
        "model_summary": "/home/krakerlu/github/ImageMLResearch/demo/chihuahua_vs_muffin/experiments/experiment_02/output/trial_73/model_summary.png",
        "confusion_matrix": "/home/krakerlu/github/ImageMLResearch/demo/chihuahua_vs_muffin/experiments/experiment_02/output/trial_73/confusion_matrix.png",
        "training_history": "/home/krakerlu/github/ImageMLResearch/demo/chihuahua_vs_muffin/experiments/experiment_02/output/trial_73/training_history.png"
    },
    "evaluation_metrics": {
        "train": {
            "accuracy": 0.754687488079071,
            "precision": 0.754687488079071,
            "recall": 0.754687488079071,
            "f1": 0.7546874380790743,
            "classification_report": {
                "chihuahua": {
                    "precision": 0.830393487109905,
                    "recall": 0.6958499147242752,
                    "f1-score": 0.7571914630374266,
                    "support": 1759
                },
                "muffin": {
                    "precision": 0.6900347624565469,
                    "recall": 0.8265093684941013,
                    "f1-score": 0.7521313545942533,
                    "support": 1441
                },
                "micro avg": {
                    "precision": 0.7546875,
                    "recall": 0.7546875,
                    "f1-score": 0.7546875,
                    "support": 3200
                },
                "macro avg": {
                    "precision": 0.7602141247832259,
                    "recall": 0.7611796416091883,
                    "f1-score": 0.7546614088158399,
                    "support": 3200
                },
                "weighted avg": {
                    "precision": 0.7671881989144397,
                    "recall": 0.7546875,
                    "f1-score": 0.75491283295411,
                    "support": 3200
                },
                "samples avg": {
                    "precision": 0.7546875,
                    "recall": 0.7546875,
                    "f1-score": 0.7546875,
                    "support": 3200
                }
            }
        },
        "val": {
            "accuracy": 0.745312511920929,
            "precision": 0.745312511920929,
            "recall": 0.745312511920929,
            "f1": 0.7453124619209323,
            "classification_report": {
                "chihuahua": {
                    "precision": 0.7898550724637681,
                    "recall": 0.6749226006191951,
                    "f1-score": 0.7278797996661102,
                    "support": 323
                },
                "muffin": {
                    "precision": 0.7115384615384616,
                    "recall": 0.8170347003154574,
                    "f1-score": 0.7606461086637298,
                    "support": 317
                },
                "micro avg": {
                    "precision": 0.7453125,
                    "recall": 0.7453125,
                    "f1-score": 0.7453125,
                    "support": 640
                },
                "macro avg": {
                    "precision": 0.7506967670011149,
                    "recall": 0.7459786504673263,
                    "f1-score": 0.7442629541649199,
                    "support": 640
                },
                "weighted avg": {
                    "precision": 0.7510638761148272,
                    "recall": 0.7453125,
                    "f1-score": 0.7441093620914936,
                    "support": 640
                },
                "samples avg": {
                    "precision": 0.7453125,
                    "recall": 0.7453125,
                    "f1-score": 0.7453125,
                    "support": 640
                }
            }
        },
        "test": {
            "accuracy": 0.7513997554779053,
            "precision": 0.7513997554779053,
            "recall": 0.7513997554779053,
            "f1": 0.7513997054779086,
            "classification_report": {
                "chihuahua": {
                    "precision": 0.8364116094986808,
                    "recall": 0.6645702306079665,
                    "f1-score": 0.7406542056074766,
                    "support": 477
                },
                "muffin": {
                    "precision": 0.688715953307393,
                    "recall": 0.8509615384615384,
                    "f1-score": 0.7612903225806451,
                    "support": 416
                },
                "micro avg": {
                    "precision": 0.7513997760358343,
                    "recall": 0.7513997760358343,
                    "f1-score": 0.7513997760358343,
                    "support": 893
                },
                "macro avg": {
                    "precision": 0.7625637814030368,
                    "recall": 0.7577658845347525,
                    "f1-score": 0.7509722640940608,
                    "support": 893
                },
                "weighted avg": {
                    "precision": 0.7676082579022913,
                    "recall": 0.7513997760358343,
                    "f1-score": 0.7502674471089752,
                    "support": 893
                },
                "samples avg": {
                    "precision": 0.7513997760358343,
                    "recall": 0.7513997760358343,
                    "f1-score": 0.7513997760358343,
                    "support": 893
                }
            }
        }
    },
    "training_history": {
        "accuracy": [
            0.6118749976158142,
            0.7928125262260437,
            0.8465625047683716,
            0.8843749761581421
        ],
        "loss": [
            0.841782808303833,
            0.4617771804332733,
            0.3515947461128235,
            0.2862216830253601
        ],
        "val_accuracy": [
            0.745312511920929,
            0.832812488079071,
            0.84375,
            0.8500000238418579
        ],
        "val_loss": [
            0.5786935091018677,
            0.394055038690567,
            0.3459654748439789,
            0.33437058329582214
        ]
    }
}