{
    "name": "trial_62",
    "start_time": "2024-10-23 08:45:19.473",
    "duration": "21.079",
    "directory": "/home/krakerlu/github/ImageMLResearch/demo/chihuahua_vs_muffin/experiments/experiment_05/output/trial_62",
    "hyperparameters": {
        "dense_units": 256,
        "dropout_rate": 0.36123171188871395,
        "learning_rate": 2.650223222168248e-05
    },
    "figures": {
        "model_summary": "/home/krakerlu/github/ImageMLResearch/demo/chihuahua_vs_muffin/experiments/experiment_05/output/trial_62/model_summary.png",
        "confusion_matrix": "/home/krakerlu/github/ImageMLResearch/demo/chihuahua_vs_muffin/experiments/experiment_05/output/trial_62/confusion_matrix.png",
        "training_history": "/home/krakerlu/github/ImageMLResearch/demo/chihuahua_vs_muffin/experiments/experiment_05/output/trial_62/training_history.png"
    },
    "evaluation_metrics": {
        "train": {
            "accuracy": 0.995312511920929,
            "precision": 0.995312511920929,
            "recall": 0.995312511920929,
            "f1": 0.9953124619209315,
            "classification_report": {
                "chihuahua": {
                    "precision": 0.9937712344280861,
                    "recall": 0.9977259806708357,
                    "f1-score": 0.9957446808510638,
                    "support": 1759
                },
                "muffin": {
                    "precision": 0.99721059972106,
                    "recall": 0.9923664122137404,
                    "f1-score": 0.9947826086956522,
                    "support": 1441
                },
                "micro avg": {
                    "precision": 0.9953125,
                    "recall": 0.9953125,
                    "f1-score": 0.9953125,
                    "support": 3200
                },
                "macro avg": {
                    "precision": 0.995490917074573,
                    "recall": 0.9950461964422881,
                    "f1-score": 0.995263644773358,
                    "support": 3200
                },
                "weighted avg": {
                    "precision": 0.9953200236115785,
                    "recall": 0.9953125,
                    "f1-score": 0.9953114477335799,
                    "support": 3200
                },
                "samples avg": {
                    "precision": 0.9953125,
                    "recall": 0.9953125,
                    "f1-score": 0.9953125,
                    "support": 3200
                }
            }
        },
        "val": {
            "accuracy": 0.989062488079071,
            "precision": 0.989062488079071,
            "recall": 0.989062488079071,
            "f1": 0.9890624380790736,
            "classification_report": {
                "chihuahua": {
                    "precision": 0.9876543209876543,
                    "recall": 0.9907120743034056,
                    "f1-score": 0.9891808346213292,
                    "support": 323
                },
                "muffin": {
                    "precision": 0.990506329113924,
                    "recall": 0.9873817034700315,
                    "f1-score": 0.9889415481832543,
                    "support": 317
                },
                "micro avg": {
                    "precision": 0.9890625,
                    "recall": 0.9890625,
                    "f1-score": 0.9890625,
                    "support": 640
                },
                "macro avg": {
                    "precision": 0.9890803250507891,
                    "recall": 0.9890468888867185,
                    "f1-score": 0.9890611914022918,
                    "support": 640
                },
                "weighted avg": {
                    "precision": 0.9890669562626971,
                    "recall": 0.9890625,
                    "f1-score": 0.9890623130574703,
                    "support": 640
                },
                "samples avg": {
                    "precision": 0.9890625,
                    "recall": 0.9890625,
                    "f1-score": 0.9890625,
                    "support": 640
                }
            }
        },
        "test": {
            "accuracy": 0.9843224883079529,
            "precision": 0.9843224883079529,
            "recall": 0.9843224883079529,
            "f1": 0.9843224383079554,
            "classification_report": {
                "chihuahua": {
                    "precision": 0.977319587628866,
                    "recall": 0.9937106918238994,
                    "f1-score": 0.9854469854469855,
                    "support": 477
                },
                "muffin": {
                    "precision": 0.9926470588235294,
                    "recall": 0.9735576923076923,
                    "f1-score": 0.9830097087378641,
                    "support": 416
                },
                "micro avg": {
                    "precision": 0.9843225083986562,
                    "recall": 0.9843225083986562,
                    "f1-score": 0.9843225083986562,
                    "support": 893
                },
                "macro avg": {
                    "precision": 0.9849833232261977,
                    "recall": 0.9836341920657958,
                    "f1-score": 0.9842283470924248,
                    "support": 893
                },
                "weighted avg": {
                    "precision": 0.9844598205706129,
                    "recall": 0.9843225083986562,
                    "f1-score": 0.9843115911457598,
                    "support": 893
                },
                "samples avg": {
                    "precision": 0.9843225083986562,
                    "recall": 0.9843225083986562,
                    "f1-score": 0.9843225083986562,
                    "support": 893
                }
            }
        }
    },
    "training_history": {
        "accuracy": [
            0.6721875071525574,
            0.864062488079071,
            0.9256250262260437,
            0.9362499713897705,
            0.9587500095367432,
            0.9662500023841858,
            0.9696875214576721,
            0.9706249833106995,
            0.9728124737739563,
            0.9737499952316284,
            0.9793750047683716,
            0.9784374833106995,
            0.9809374809265137,
            0.9834374785423279,
            0.9862499833106995,
            0.9859374761581421,
            0.9856250286102295,
            0.9853125214576721,
            0.9878125190734863,
            0.9831249713897705,
            0.987500011920929,
            0.9893749952316284,
            0.9887499809265137,
            0.9906250238418579,
            0.9912499785423279
        ],
        "loss": [
            0.6471495032310486,
            0.32097285985946655,
            0.20993700623512268,
            0.16603751480579376,
            0.12582620978355408,
            0.10742122679948807,
            0.08851125091314316,
            0.09156302362680435,
            0.08206424117088318,
            0.07329950481653214,
            0.06851435452699661,
            0.0596608966588974,
            0.05585291236639023,
            0.054907821118831635,
            0.04882703721523285,
            0.04565825313329697,
            0.045529041439294815,
            0.04543788731098175,
            0.04058538004755974,
            0.04702518507838249,
            0.03530939668416977,
            0.03370581939816475,
            0.03487274423241615,
            0.031663596630096436,
            0.03021049313247204
        ],