{
    "name": "trial_58",
    "start_time": "2024-10-17 15:57:19.000",
    "duration": "05.804",
    "directory": "/home/krakerlu/github/ImageMLResearch/demo/chihuahua_vs_muffin/experiments/experiment_02/output/trial_58",
    "hyperparameters": {
        "units1": 64,
        "kernel_size1": 5,
        "units2": 128,
        "kernel_size2": 3,
        "units3": 128,
        "learning_rate": 2.7551780405710867e-05
    },
    "figures": {
        "model_summary": "/home/krakerlu/github/ImageMLResearch/demo/chihuahua_vs_muffin/experiments/experiment_02/output/trial_58/model_summary.png",
        "confusion_matrix": "/home/krakerlu/github/ImageMLResearch/demo/chihuahua_vs_muffin/experiments/experiment_02/output/trial_58/confusion_matrix.png",
        "training_history": "/home/krakerlu/github/ImageMLResearch/demo/chihuahua_vs_muffin/experiments/experiment_02/output/trial_58/training_history.png"
    },
    "evaluation_metrics": {
        "train": {
            "accuracy": 0.7178124785423279,
            "precision": 0.7178124785423279,
            "recall": 0.7178124785423279,
            "f1": 0.7178124285423313,
            "classification_report": {
                "chihuahua": {
                    "precision": 0.7215320910973085,
                    "recall": 0.7924957362137578,
                    "f1-score": 0.7553508534272555,
                    "support": 1759
                },
                "muffin": {
                    "precision": 0.7121451104100947,
                    "recall": 0.6266481609993061,
                    "f1-score": 0.6666666666666666,
                    "support": 1441
                },
                "micro avg": {
                    "precision": 0.7178125,
                    "recall": 0.7178125,
                    "f1-score": 0.7178125,
                    "support": 3200
                },
                "macro avg": {
                    "precision": 0.7168386007537015,
                    "recall": 0.7095719486065319,
                    "f1-score": 0.711008760046961,
                    "support": 3200
                },
                "weighted avg": {
                    "precision": 0.7173050163565975,
                    "recall": 0.7178125,
                    "f1-score": 0.7154152555766278,
                    "support": 3200
                },
                "samples avg": {
                    "precision": 0.7178125,
                    "recall": 0.7178125,
                    "f1-score": 0.7178125,
                    "support": 3200
                }
            }
        },
        "val": {
            "accuracy": 0.6890624761581421,
            "precision": 0.6890624761581421,
            "recall": 0.6890624761581421,
            "f1": 0.6890624261581457,
            "classification_report": {
                "chihuahua": {
                    "precision": 0.6693989071038251,
                    "recall": 0.7585139318885449,
                    "f1-score": 0.7111756168359942,
                    "support": 323
                },
                "muffin": {
                    "precision": 0.7153284671532847,
                    "recall": 0.6182965299684543,
                    "f1-score": 0.6632825719120136,
                    "support": 317
                },
                "micro avg": {
                    "precision": 0.6890625,
                    "recall": 0.6890625,
                    "f1-score": 0.6890625,
                    "support": 640
                },
                "macro avg": {
                    "precision": 0.6923636871285549,
                    "recall": 0.6884052309284996,
                    "f1-score": 0.6872290943740038,
                    "support": 640
                },
                "weighted avg": {
                    "precision": 0.692148392315823,
                    "recall": 0.6890625,
                    "f1-score": 0.6874535930220851,
                    "support": 640
                },
                "samples avg": {
                    "precision": 0.6890625,
                    "recall": 0.6890625,
                    "f1-score": 0.6890625,
                    "support": 640
                }
            }
        },
        "test": {
            "accuracy": 0.6875699758529663,
            "precision": 0.6875699758529663,
            "recall": 0.6875699758529663,
            "f1": 0.6875699258529699,
            "classification_report": {
                "chihuahua": {
                    "precision": 0.6867924528301886,
                    "recall": 0.7631027253668763,
                    "f1-score": 0.7229394240317776,
                    "support": 477
                },
                "muffin": {
                    "precision": 0.6887052341597796,
                    "recall": 0.6009615384615384,
                    "f1-score": 0.6418485237483954,
                    "support": 416
                },
                "micro avg": {
                    "precision": 0.6875699888017918,
                    "recall": 0.6875699888017918,
                    "f1-score": 0.6875699888017918,
                    "support": 893
                },
                "macro avg": {
                    "precision": 0.6877488434949841,
                    "recall": 0.6820321319142073,
                    "f1-score": 0.6823939738900865,
                    "support": 893
                },
                "weighted avg": {
                    "precision": 0.6876835133375905,
                    "recall": 0.6875699888017918,
                    "f1-score": 0.6851635959042446,
                    "support": 893
                },
                "samples avg": {
                    "precision": 0.6875699888017918,
                    "recall": 0.6875699888017918,
                    "f1-score": 0.6875699888017918,
                    "support": 893
                }
            }
        }
    },
    "training_history": {
        "accuracy": [
            0.6000000238418579,
            0.7256249785423279,
            0.7712500095367432,
            0.8062499761581421
        ],
        "loss": [
            0.6626402139663696,
            0.5621564984321594,
            0.4942699372768402,
            0.4493769705295563
        ],
        "val_accuracy": [
            0.6890624761581421,
            0.7203124761581421,
            0.7875000238418579,
            0.809374988079071
        ],
        "val_loss": [
            0.6182348132133484,
            0.5496848821640015,
            0.4897165894508362,
            0.4525609612464905
        ]
    }
}