{
    "name": "trial_65",
    "start_time": "2024-10-20 12:10:03.669",
    "duration": "29.140",
    "directory": "/home/krakerlu/github/ImageMLResearch/demo/chihuahua_vs_muffin/experiments/experiment_03/output/trial_65",
    "hyperparameters": {
        "units1": 128,
        "kernel_size1": 3,
        "units2": 32,
        "kernel_size2": 5,
        "dense_units": 128,
        "dropout_rate": 0.15819561694140055,
        "learning_rate": 0.00011011998450543897
    },
    "figures": {
        "model_summary": "/home/krakerlu/github/ImageMLResearch/demo/chihuahua_vs_muffin/experiments/experiment_03/output/trial_65/model_summary.png",
        "confusion_matrix": "/home/krakerlu/github/ImageMLResearch/demo/chihuahua_vs_muffin/experiments/experiment_03/output/trial_65/confusion_matrix.png",
        "training_history": "/home/krakerlu/github/ImageMLResearch/demo/chihuahua_vs_muffin/experiments/experiment_03/output/trial_65/training_history.png"
    },
    "evaluation_metrics": {
        "train": {
            "accuracy": 0.8928124904632568,
            "precision": 0.8928124904632568,
            "recall": 0.8928124904632568,
            "f1": 0.8928124404632596,
            "classification_report": {
                "chihuahua": {
                    "precision": 0.9639580602883355,
                    "recall": 0.8362706083001705,
                    "f1-score": 0.8955859969558599,
                    "support": 1759
                },
                "muffin": {
                    "precision": 0.8279569892473119,
                    "recall": 0.9618320610687023,
                    "f1-score": 0.8898876404494382,
                    "support": 1441
                },
                "micro avg": {
                    "precision": 0.8928125,
                    "recall": 0.8928125,
                    "f1-score": 0.8928125,
                    "support": 3200
                },
                "macro avg": {
                    "precision": 0.8959575247678238,
                    "recall": 0.8990513346844364,
                    "f1-score": 0.8927368187026491,
                    "support": 3200
                },
                "weighted avg": {
                    "precision": 0.9027150779851746,
                    "recall": 0.8928125,
                    "f1-score": 0.893019955791562,
                    "support": 3200
                },
                "samples avg": {
                    "precision": 0.8928125,
                    "recall": 0.8928125,
                    "f1-score": 0.8928125,
                    "support": 3200
                }
            }
        },
        "val": {
            "accuracy": 0.878125011920929,
            "precision": 0.878125011920929,
            "recall": 0.878125011920929,
            "f1": 0.8781249619209318,
            "classification_report": {
                "chihuahua": {
                    "precision": 0.9328621908127208,
                    "recall": 0.8173374613003096,
                    "f1-score": 0.8712871287128713,
                    "support": 323
                },
                "muffin": {
                    "precision": 0.834733893557423,
                    "recall": 0.9400630914826499,
                    "f1-score": 0.884272997032641,
                    "support": 317
                },
                "micro avg": {
                    "precision": 0.878125,
                    "recall": 0.878125,
                    "f1-score": 0.878125,
                    "support": 640
                },
                "macro avg": {
                    "precision": 0.883798042185072,
                    "recall": 0.8787002763914797,
                    "f1-score": 0.8777800628727561,
                    "support": 640
                },
                "weighted avg": {
                    "precision": 0.8842580185784561,
                    "recall": 0.878125,
                    "f1-score": 0.8777191916150071,
                    "support": 640
                },
                "samples avg": {
                    "precision": 0.878125,
                    "recall": 0.878125,
                    "f1-score": 0.878125,
                    "support": 640
                }
            }
        },
        "test": {
            "accuracy": 0.8633818626403809,
            "precision": 0.8633818626403809,
            "recall": 0.8633818626403809,
            "f1": 0.8633818126403837,
            "classification_report": {
                "chihuahua": {
                    "precision": 0.9256594724220624,
                    "recall": 0.8092243186582809,
                    "f1-score": 0.8635346756152126,
                    "support": 477
                },
                "muffin": {
                    "precision": 0.8088235294117647,
                    "recall": 0.9254807692307693,
                    "f1-score": 0.8632286995515696,
                    "support": 416
                },
                "micro avg": {
                    "precision": 0.8633818589025756,
                    "recall": 0.8633818589025756,
                    "f1-score": 0.8633818589025756,
                    "support": 893
                },
                "macro avg": {
                    "precision": 0.8672415009169135,
                    "recall": 0.8673525439445251,
                    "f1-score": 0.8633816875833911,
                    "support": 893
                },
                "weighted avg": {
                    "precision": 0.8712319782537714,
                    "recall": 0.8633818589025756,
                    "f1-score": 0.8633921380536499,
                    "support": 893
                },
                "samples avg": {
                    "precision": 0.8633818589025756,
                    "recall": 0.8633818589025756,
                    "f1-score": 0.8633818589025756,
                    "support": 893
                }
            }
        }
    },
    "training_history": {
        "accuracy": [
            0.645312488079071,
            0.746874988079071,
            0.7850000262260437,
            0.8221874833106995,
            0.8365625143051147,
            0.8440625071525574,
            0.8531249761581421,
            0.8659374713897705,
            0.859375,
            0.8659374713897705,
            0.8746874928474426,
            0.8840625286102295,
            0.8734375238418579,
            0.8843749761581421,
            0.8943750262260437,
            0.9012500047683716,
            0.8993750214576721,
            0.9081249833106995,
            0.8965625166893005,
            0.9078124761581421,
            0.9175000190734863,
            0.9028124809265137,
            0.8949999809265137,
            0.9071875214576721,
            0.9146875143051147
        ],
        "loss": [
            0.6416865587234497,
            0.521827220916748,
            0.4570065438747406,
            0.41328516602516174,
            0.37599483132362366,
            0.36737731099128723,
            0.3437064290046692,
            0.32810038328170776,
            0.32784679532051086,
            0.3202907145023346,
            0.29904842376708984,
            0.2878566086292267,
            0.29594478011131287,
            0.28290218114852905,
            0.25470617413520813,
            0.2471562772989273,
            0.2536121606826782,
            0.23670217394828796,
            0.26169103384017944,
            0.2343796193599701,
            0.22326505184173584,
            0.24678602814674377,
            0.2592548131942749,
            0.2384641021490097,
            0.22117377817630768
        ],