{
    "name": "trial_47",
    "start_time": "2024-10-24 15:11:11.571",
    "duration": "0:05:43.775",
    "directory": "/home/krakerlu/github/ImageMLResearch/demo/chihuahua_vs_muffin/experiments/experiment_04/output/trial_47",
    "hyperparameters": {
        "normalization": "standard",
        "batch_size": 256,
        "learning_rate": 0.00025305054466329103
    },
    "figures": {
        "training_history": "/home/krakerlu/github/ImageMLResearch/demo/chihuahua_vs_muffin/experiments/experiment_04/output/trial_47/training_history.png"
    },
    "evaluation_metrics": {
        "train": {
            "accuracy": 0.9858134388923645,
            "precision": 0.9858134388923645,
            "recall": 0.9858134388923645,
            "f1": 0.985813388892367,
            "classification_report": {
                "chihuahua": {
                    "precision": 0.9805194805194806,
                    "recall": 0.9939659901261657,
                    "f1-score": 0.9871969490602016,
                    "support": 3646
                },
                "muffin": {
                    "precision": 0.9924914675767919,
                    "recall": 0.9758389261744966,
                    "f1-score": 0.9840947546531302,
                    "support": 2980
                },
                "micro avg": {
                    "precision": 0.9858134621189254,
                    "recall": 0.9858134621189254,
                    "f1-score": 0.9858134621189254,
                    "support": 6626
                },
                "macro avg": {
                    "precision": 0.9865054740481363,
                    "recall": 0.9849024581503312,
                    "f1-score": 0.985645851856666,
                    "support": 6626
                },
                "weighted avg": {
                    "precision": 0.9859038031018511,
                    "recall": 0.9858134621189254,
                    "f1-score": 0.9858017574916726,
                    "support": 6626
                },
                "samples avg": {
                    "precision": 0.9858134621189254,
                    "recall": 0.9858134621189254,
                    "f1-score": 0.9858134621189254,
                    "support": 6626
                }
            }
        },
        "val": {
            "accuracy": 0.8631876111030579,
            "precision": 0.8631876111030579,
            "recall": 0.8631876111030579,
            "f1": 0.8631875611030607,
            "classification_report": {
                "chihuahua": {
                    "precision": 0.9431438127090301,
                    "recall": 0.7790055248618785,
                    "f1-score": 0.8532526475037822,
                    "support": 362
                },
                "muffin": {
                    "precision": 0.8048780487804879,
                    "recall": 0.9510086455331412,
                    "f1-score": 0.8718626155878467,
                    "support": 347
                },
                "micro avg": {
                    "precision": 0.8631875881523272,
                    "recall": 0.8631875881523272,
                    "f1-score": 0.8631875881523272,
                    "support": 709
                },
                "macro avg": {
                    "precision": 0.874010930744759,
                    "recall": 0.8650070851975098,
                    "f1-score": 0.8625576315458144,
                    "support": 709
                },
                "weighted avg": {
                    "precision": 0.875473544608601,
                    "recall": 0.8631875881523272,
                    "f1-score": 0.8623607701062792,
                    "support": 709
                },
                "samples avg": {
                    "precision": 0.8631875881523272,
                    "recall": 0.8631875881523272,
                    "f1-score": 0.8631875881523272,
                    "support": 709
                }
            }
        },
        "test": {
            "accuracy": 0.8748241662979126,
            "precision": 0.8748241662979126,
            "recall": 0.8748241662979126,
            "f1": 0.8748241162979155,
            "classification_report": {
                "chihuahua": {
                    "precision": 0.9384615384615385,
                    "recall": 0.8155080213903744,
                    "f1-score": 0.8726752503576538,
                    "support": 374
                },
                "muffin": {
                    "precision": 0.8212435233160622,
                    "recall": 0.9406528189910979,
                    "f1-score": 0.8769017980636238,
                    "support": 337
                },
                "micro avg": {
                    "precision": 0.8748241912798875,
                    "recall": 0.8748241912798875,
                    "f1-score": 0.8748241912798875,
                    "support": 711
                },
                "macro avg": {
                    "precision": 0.8798525308888003,
                    "recall": 0.8780804201907362,
                    "f1-score": 0.8747885242106388,
                    "support": 711
                },
                "weighted avg": {
                    "precision": 0.8829025073728951,
                    "recall": 0.8748241912798875,
                    "f1-score": 0.8746785507471221,
                    "support": 711
                },
                "samples avg": {
                    "precision": 0.8748241912798875,
                    "recall": 0.8748241912798875,
                    "f1-score": 0.8748241912798875,
                    "support": 711
                }
            }
        }
    },
    "training_history": {
        "accuracy": [
            0.6494113802909851,
            0.7559613585472107,
            0.8035013675689697,
            0.835647463798523,
            0.8686990737915039,
            0.8810745477676392,
            0.9053727984428406,
            0.9129188060760498,
            0.924237847328186,
            0.9372169971466064,
            0.945064902305603,
            0.9532145857810974,
            0.9408391118049622,
            0.9210684895515442,
            0.9661937952041626
        ],
        "loss": [
            0.6038904786109924,
            0.5029774308204651,
            0.44000932574272156,
            0.3810849189758301,
            0.3130394220352173,
            0.28120046854019165,
            0.235411137342453,
            0.21484892070293427,
            0.18292492628097534,
            0.16558369994163513,
            0.13761006295681,
            0.122228242456913,
            0.14769281446933746,
            0.18115997314453125,
            0.09304497390985489
        ],
        "val_accuracy": [
            0.7700987458229065,
            0.8236953616142273,
            0.8420310020446777,
            0.8166431784629822,
            0.8561354279518127,
            0.8279266357421875,
            0.861777126789093,
            0.8025388121604919,
            0.7757405042648315,
            0.8180536031723022,
            0.8321579694747925,
            0.7489421963691711,
            0.8462623357772827,
            0.8434414863586426,
            0.8631876111030579
        ],
        "val_loss": [
            0.5079684853553772,
            0.4176708459854126,
            0.3673635423183441,
            0.39389631152153015,
            0.3688875436782837,
            0.3982912003993988,
            0.3414141833782196,
            0.46863266825675964,
            0.6459582448005676,
            0.5037751197814941,
            0.40251368284225464,
            0.7737078070640564,
            0.4567667543888092,
            0.4148072302341461,
            0.3931122422218323
        ]
    }
}