{
    "name": "trial_60",
    "start_time": "2024-10-27 10:56:39.664",
    "duration": "0:06:20.471",
    "directory": "/home/krakerlu/github/ImageMLResearch/demo/chihuahua_vs_muffin/experiments/experiment_04/output/trial_60",
    "hyperparameters": {
        "normalization": "standard",
        "batch_size": 256,
        "learning_rate": 7.51769233315701e-05
    },
    "figures": {
        "training_history": "/home/krakerlu/github/ImageMLResearch/demo/chihuahua_vs_muffin/experiments/experiment_04/output/trial_60/training_history.png"
    },
    "evaluation_metrics": {
        "train": {
            "accuracy": 0.9228795766830444,
            "precision": 0.9228795766830444,
            "recall": 0.9228795766830444,
            "f1": 0.9228795266830471,
            "classification_report": {
                "chihuahua": {
                    "precision": 0.8911904167706514,
                    "recall": 0.9794295117937466,
                    "f1-score": 0.9332287991637267,
                    "support": 3646
                },
                "muffin": {
                    "precision": 0.9713631156930126,
                    "recall": 0.8536912751677852,
                    "f1-score": 0.9087337024468655,
                    "support": 2980
                },
                "micro avg": {
                    "precision": 0.9228795653486266,
                    "recall": 0.9228795653486266,
                    "f1-score": 0.9228795653486266,
                    "support": 6626
                },
                "macro avg": {
                    "precision": 0.931276766231832,
                    "recall": 0.9165603934807659,
                    "f1-score": 0.9209812508052961,
                    "support": 6626
                },
                "weighted avg": {
                    "precision": 0.9272475617734639,
                    "recall": 0.9228795653486266,
                    "f1-score": 0.9222122902267742,
                    "support": 6626
                },
                "samples avg": {
                    "precision": 0.9228795653486266,
                    "recall": 0.9228795653486266,
                    "f1-score": 0.9228795653486266,
                    "support": 6626
                }
            }
        },
        "val": {
            "accuracy": 0.8829337358474731,
            "precision": 0.8829337358474731,
            "recall": 0.8829337358474731,
            "f1": 0.882933685847476,
            "classification_report": {
                "chihuahua": {
                    "precision": 0.8974358974358975,
                    "recall": 0.8701657458563536,
                    "f1-score": 0.8835904628330996,
                    "support": 362
                },
                "muffin": {
                    "precision": 0.8687150837988827,
                    "recall": 0.8962536023054755,
                    "f1-score": 0.8822695035460993,
                    "support": 347
                },
                "micro avg": {
                    "precision": 0.8829337094499294,
                    "recall": 0.8829337094499294,
                    "f1-score": 0.8829337094499294,
                    "support": 709
                },
                "macro avg": {
                    "precision": 0.8830754906173901,
                    "recall": 0.8832096740809146,
                    "f1-score": 0.8829299831895995,
                    "support": 709
                },
                "weighted avg": {
                    "precision": 0.8833793074048056,
                    "recall": 0.8829337094499294,
                    "f1-score": 0.8829439566658371,
                    "support": 709
                },
                "samples avg": {
                    "precision": 0.8829337094499294,
                    "recall": 0.8829337094499294,
                    "f1-score": 0.8829337094499294,
                    "support": 709
                }
            }
        },
        "test": {
            "accuracy": 0.8945147395133972,
            "precision": 0.8945147395133972,
            "recall": 0.8945147395133972,
            "f1": 0.8945146895134,
            "classification_report": {
                "chihuahua": {
                    "precision": 0.900804289544236,
                    "recall": 0.8983957219251337,
                    "f1-score": 0.8995983935742972,
                    "support": 374
                },
                "muffin": {
                    "precision": 0.8875739644970414,
                    "recall": 0.8902077151335311,
                    "f1-score": 0.8888888888888888,
                    "support": 337
                },
                "micro avg": {
                    "precision": 0.8945147679324894,
                    "recall": 0.8945147679324894,
                    "f1-score": 0.8945147679324894,
                    "support": 711
                },
                "macro avg": {
                    "precision": 0.8941891270206387,
                    "recall": 0.8943017185293325,
                    "f1-score": 0.8942436412315931,
                    "support": 711
                },
                "weighted avg": {
                    "precision": 0.8945333759845951,
                    "recall": 0.8945147679324894,
                    "f1-score": 0.8945222992297365,
                    "support": 711
                },
                "samples avg": {
                    "precision": 0.8945147679324894,
                    "recall": 0.8945147679324894,
                    "f1-score": 0.8945147679324894,
                    "support": 711
                }
            }
        }
    },
    "training_history": {
        "accuracy": [
            0.6930274963378906,
            0.7645638585090637,
            0.8000301718711853,
            0.8259885311126709,
            0.8484756946563721,
            0.8561726808547974,
            0.8721702098846436,
            0.8791126012802124,
            0.8936009407043457,
            0.9015997648239136,
            0.9047690629959106,
            0.9138243198394775,
            0.915635347366333,
            0.928010880947113,
            0.9257470369338989
        ],
        "loss": [
            0.5787511467933655,
            0.491706520318985,
            0.4428592920303345,
            0.40194961428642273,
            0.36478742957115173,
            0.34297606348991394,
            0.30985838174819946,
            0.2919720411300659,
            0.27085137367248535,
            0.25040408968925476,
            0.246918722987175,
            0.2191285938024521,
            0.21625031530857086,
            0.1900174766778946,
            0.18826645612716675
        ],
        "val_accuracy": [
            0.7588152289390564,
            0.8067700862884521,
            0.7898448705673218,
            0.7912552952766418,
            0.8321579694747925,
            0.7898448705673218,
            0.8265162110328674,
            0.8166431784629822,
            0.8490832448005676,
            0.8547249436378479,
            0.8222849369049072,
            0.8730606436729431,
            0.8349788188934326,
            0.860366702079773,
            0.8829337358474731
        ],
        "val_loss": [
            0.5149714946746826,
            0.4320118725299835,
            0.44285207986831665,
            0.4515690803527832,
            0.41050344705581665,
            0.47894150018692017,
            0.4259225130081177,
            0.4170888066291809,
            0.36810293793678284,
            0.3581022024154663,
            0.3786553144454956,
            0.3212524652481079,
            0.3740244209766388,
            0.34808871150016785,
            0.29884421825408936
        ]
    }
}