{
    "name": "trial_58",
    "start_time": "2024-10-20 12:06:16.603",
    "duration": "34.115",
    "directory": "/home/krakerlu/github/ImageMLResearch/demo/chihuahua_vs_muffin/experiments/experiment_03/output/trial_58",
    "hyperparameters": {
        "units1": 128,
        "kernel_size1": 3,
        "units2": 32,
        "kernel_size2": 7,
        "dense_units": 512,
        "dropout_rate": 0.3145021386975546,
        "learning_rate": 4.85825521931806e-05
    },
    "figures": {
        "model_summary": "/home/krakerlu/github/ImageMLResearch/demo/chihuahua_vs_muffin/experiments/experiment_03/output/trial_58/model_summary.png",
        "confusion_matrix": "/home/krakerlu/github/ImageMLResearch/demo/chihuahua_vs_muffin/experiments/experiment_03/output/trial_58/confusion_matrix.png",
        "training_history": "/home/krakerlu/github/ImageMLResearch/demo/chihuahua_vs_muffin/experiments/experiment_03/output/trial_58/training_history.png"
    },
    "evaluation_metrics": {
        "train": {
            "accuracy": 0.9346874952316284,
            "precision": 0.9346874952316284,
            "recall": 0.9346874952316284,
            "f1": 0.934687445231631,
            "classification_report": {
                "chihuahua": {
                    "precision": 0.9202819956616052,
                    "recall": 0.9647527003979534,
                    "f1-score": 0.941992783791285,
                    "support": 1759
                },
                "muffin": {
                    "precision": 0.9542772861356932,
                    "recall": 0.8979875086745316,
                    "f1-score": 0.9252770825884876,
                    "support": 1441
                },
                "micro avg": {
                    "precision": 0.9346875,
                    "recall": 0.9346875,
                    "f1-score": 0.9346875,
                    "support": 3200
                },
                "macro avg": {
                    "precision": 0.9372796408986492,
                    "recall": 0.9313701045362425,
                    "f1-score": 0.9336349331898863,
                    "support": 3200
                },
                "weighted avg": {
                    "precision": 0.935590499903218,
                    "recall": 0.9346875,
                    "f1-score": 0.9344654945934003,
                    "support": 3200
                },
                "samples avg": {
                    "precision": 0.9346875,
                    "recall": 0.9346875,
                    "f1-score": 0.9346875,
                    "support": 3200
                }
            }
        },
        "val": {
            "accuracy": 0.887499988079071,
            "precision": 0.887499988079071,
            "recall": 0.887499988079071,
            "f1": 0.8874999380790738,
            "classification_report": {
                "chihuahua": {
                    "precision": 0.8595988538681948,
                    "recall": 0.9287925696594427,
                    "f1-score": 0.8928571428571429,
                    "support": 323
                },
                "muffin": {
                    "precision": 0.9209621993127147,
                    "recall": 0.8454258675078864,
                    "f1-score": 0.881578947368421,
                    "support": 317
                },
                "micro avg": {
                    "precision": 0.8875,
                    "recall": 0.8875,
                    "f1-score": 0.8875,
                    "support": 640
                },
                "macro avg": {
                    "precision": 0.8902805265904548,
                    "recall": 0.8871092185836645,
                    "f1-score": 0.887218045112782,
                    "support": 640
                },
                "weighted avg": {
                    "precision": 0.8899928859086836,
                    "recall": 0.8875,
                    "f1-score": 0.8872709116541355,
                    "support": 640
                },
                "samples avg": {
                    "precision": 0.8875,
                    "recall": 0.8875,
                    "f1-score": 0.8875,
                    "support": 640
                }
            }
        },
        "test": {
            "accuracy": 0.900335967540741,
            "precision": 0.900335967540741,
            "recall": 0.900335967540741,
            "f1": 0.9003359175407437,
            "classification_report": {
                "chihuahua": {
                    "precision": 0.883399209486166,
                    "recall": 0.9371069182389937,
                    "f1-score": 0.9094608341810784,
                    "support": 477
                },
                "muffin": {
                    "precision": 0.9224806201550387,
                    "recall": 0.8581730769230769,
                    "f1-score": 0.8891656288916563,
                    "support": 416
                },
                "micro avg": {
                    "precision": 0.9003359462486002,
                    "recall": 0.9003359462486002,
                    "f1-score": 0.9003359462486002,
                    "support": 893
                },
                "macro avg": {
                    "precision": 0.9029399148206023,
                    "recall": 0.8976399975810353,
                    "f1-score": 0.8993132315363673,
                    "support": 893
                },
                "weighted avg": {
                    "precision": 0.9016051074013408,
                    "recall": 0.9003359462486002,
                    "f1-score": 0.9000064048413252,
                    "support": 893
                },
                "samples avg": {
                    "precision": 0.9003359462486002,
                    "recall": 0.9003359462486002,
                    "f1-score": 0.9003359462486002,
                    "support": 893
                }
            }
        }
    },
    "training_history": {
        "accuracy": [
            0.5946875214576721,
            0.7328125238418579,
            0.7737500071525574,
            0.7918750047683716,
            0.8137500286102295,
            0.8362500071525574,
            0.8528125286102295,
            0.8587499856948853,
            0.8665624856948853,
            0.870312511920929,
            0.8774999976158142,
            0.8849999904632568,
            0.8918750286102295,
            0.8924999833106995,
            0.8996875286102295,
            0.8921874761581421,
            0.9078124761581421,
            0.9068750143051147,
            0.9115625023841858,
            0.9081249833106995,
            0.895312488079071,
            0.9059374928474426,
            0.9168750047683716,
            0.9087499976158142,
            0.9231250286102295
        ],
        "loss": [
            0.6640737056732178,
            0.5417283773422241,
            0.486197829246521,
            0.4500975012779236,
            0.41714945435523987,
            0.38088297843933105,
            0.3558262586593628,
            0.3387466073036194,
            0.3271864056587219,
            0.30689293146133423,
            0.2991517186164856,
            0.28740304708480835,
            0.2739861309528351,
            0.2664296627044678,
            0.2554563581943512,
            0.2519616186618805,
            0.23744378983974457,
            0.23682810366153717,
            0.22767461836338043,
            0.2294100970029831,
            0.26343390345573425,
            0.23337867856025696,
            0.21096554398536682,
            0.21866710484027863,
            0.20505937933921814
        ],