{
    "name": "trial_52",
    "start_time": "2024-10-23 08:41:30.411",
    "duration": "21.284",
    "directory": "/home/krakerlu/github/ImageMLResearch/demo/chihuahua_vs_muffin/experiments/experiment_05/output/trial_52",
    "hyperparameters": {
        "dense_units": 256,
        "dropout_rate": 0.4494865543599071,
        "learning_rate": 7.598301801980728e-05
    },
    "figures": {
        "model_summary": "/home/krakerlu/github/ImageMLResearch/demo/chihuahua_vs_muffin/experiments/experiment_05/output/trial_52/model_summary.png",
        "confusion_matrix": "/home/krakerlu/github/ImageMLResearch/demo/chihuahua_vs_muffin/experiments/experiment_05/output/trial_52/confusion_matrix.png",
        "training_history": "/home/krakerlu/github/ImageMLResearch/demo/chihuahua_vs_muffin/experiments/experiment_05/output/trial_52/training_history.png"
    },
    "evaluation_metrics": {
        "train": {
            "accuracy": 0.9996874928474426,
            "precision": 0.9996874928474426,
            "recall": 0.9996874928474426,
            "f1": 0.9996874428474452,
            "classification_report": {
                "chihuahua": {
                    "precision": 1.0,
                    "recall": 0.9994314951677089,
                    "f1-score": 0.9997156667614444,
                    "support": 1759
                },
                "muffin": {
                    "precision": 0.9993065187239945,
                    "recall": 1.0,
                    "f1-score": 0.9996531390912244,
                    "support": 1441
                },
                "micro avg": {
                    "precision": 0.9996875,
                    "recall": 0.9996875,
                    "f1-score": 0.9996875,
                    "support": 3200
                },
                "macro avg": {
                    "precision": 0.9996532593619972,
                    "recall": 0.9997157475838545,
                    "f1-score": 0.9996844029263344,
                    "support": 3200
                },
                "weighted avg": {
                    "precision": 0.9996877167128987,
                    "recall": 0.9996875,
                    "f1-score": 0.9996875097699484,
                    "support": 3200
                },
                "samples avg": {
                    "precision": 0.9996875,
                    "recall": 0.9996875,
                    "f1-score": 0.9996875,
                    "support": 3200
                }
            }
        },
        "val": {
            "accuracy": 0.989062488079071,
            "precision": 0.989062488079071,
            "recall": 0.989062488079071,
            "f1": 0.9890624380790736,
            "classification_report": {
                "chihuahua": {
                    "precision": 0.9906832298136646,
                    "recall": 0.9876160990712074,
                    "f1-score": 0.9891472868217054,
                    "support": 323
                },
                "muffin": {
                    "precision": 0.9874213836477987,
                    "recall": 0.9905362776025236,
                    "f1-score": 0.988976377952756,
                    "support": 317
                },
                "micro avg": {
                    "precision": 0.9890625,
                    "recall": 0.9890625,
                    "f1-score": 0.9890625,
                    "support": 640
                },
                "macro avg": {
                    "precision": 0.9890523067307317,
                    "recall": 0.9890761883368655,
                    "f1-score": 0.9890618323872307,
                    "support": 640
                },
                "weighted avg": {
                    "precision": 0.9890675966346342,
                    "recall": 0.9890625,
                    "f1-score": 0.9890626335225537,
                    "support": 640
                },
                "samples avg": {
                    "precision": 0.9890625,
                    "recall": 0.9890625,
                    "f1-score": 0.9890625,
                    "support": 640
                }
            }
        },
        "test": {
            "accuracy": 0.9843224883079529,
            "precision": 0.9843224883079529,
            "recall": 0.9843224883079529,
            "f1": 0.9843224383079554,
            "classification_report": {
                "chihuahua": {
                    "precision": 0.9832985386221295,
                    "recall": 0.9874213836477987,
                    "f1-score": 0.9853556485355649,
                    "support": 477
                },
                "muffin": {
                    "precision": 0.9855072463768116,
                    "recall": 0.9807692307692307,
                    "f1-score": 0.983132530120482,
                    "support": 416
                },
                "micro avg": {
                    "precision": 0.9843225083986562,
                    "recall": 0.9843225083986562,
                    "f1-score": 0.9843225083986562,
                    "support": 893
                },
                "macro avg": {
                    "precision": 0.9844028924994705,
                    "recall": 0.9840953072085148,
                    "f1-score": 0.9842440893280234,
                    "support": 893
                },
                "weighted avg": {
                    "precision": 0.9843274551125525,
                    "recall": 0.9843225083986562,
                    "f1-score": 0.9843200189043505,
                    "support": 893
                },
                "samples avg": {
                    "precision": 0.9843225083986562,
                    "recall": 0.9843225083986562,
                    "f1-score": 0.9843225083986562,
                    "support": 893
                }
            }
        }
    },
    "training_history": {
        "accuracy": [
            0.7953125238418579,
            0.9518749713897705,
            0.9693750143051147,
            0.971875011920929,
            0.9771875143051147,
            0.9793750047683716,
            0.9834374785423279,
            0.9871875047683716,
            0.9887499809265137,
            0.9915624856948853,
            0.9909374713897705,
            0.9900000095367432,
            0.9912499785423279,
            0.9921875,
            0.9940624833106995,
            0.995312511920929,
            0.9965624809265137,
            0.9950000047683716,
            0.9962499737739563,
            0.9965624809265137,
            0.9965624809265137,
            0.9971874952316284,
            0.9965624809265137,
            0.9962499737739563,
            0.9984375238418579
        ],
        "loss": [
            0.4460529685020447,
            0.1408989578485489,
            0.09318041056394577,
            0.07994331419467926,
            0.064457468688488,
            0.05834168940782547,
            0.05020029470324516,
            0.04329494386911392,
            0.034534454345703125,
            0.031761255115270615,
            0.0288138035684824,
            0.02975885383784771,
            0.02547113411128521,
            0.025046465918421745,
            0.020300516858696938,
            0.019146278500556946,
            0.01810392551124096,
            0.01724334806203842,
            0.014529180712997913,
            0.013496344909071922,
            0.013409262523055077,
            0.013364274054765701,
            0.013715594075620174,
            0.013487588614225388,
            0.010555016808211803
        ],