{
    "name": "trial_99",
    "start_time": "2024-10-17 16:33:08.945",
    "duration": "07.235",
    "directory": "/home/krakerlu/github/ImageMLResearch/demo/chihuahua_vs_muffin/experiments/experiment_02/output/trial_99",
    "hyperparameters": {
        "units1": 128,
        "kernel_size1": 3,
        "units2": 128,
        "kernel_size2": 3,
        "units3": 128,
        "learning_rate": 0.0004148548173940254
    },
    "figures": {
        "model_summary": "/home/krakerlu/github/ImageMLResearch/demo/chihuahua_vs_muffin/experiments/experiment_02/output/trial_99/model_summary.png",
        "confusion_matrix": "/home/krakerlu/github/ImageMLResearch/demo/chihuahua_vs_muffin/experiments/experiment_02/output/trial_99/confusion_matrix.png",
        "training_history": "/home/krakerlu/github/ImageMLResearch/demo/chihuahua_vs_muffin/experiments/experiment_02/output/trial_99/training_history.png"
    },
    "evaluation_metrics": {
        "train": {
            "accuracy": 0.7071874737739563,
            "precision": 0.7071874737739563,
            "recall": 0.7071874737739563,
            "f1": 0.7071874237739598,
            "classification_report": {
                "chihuahua": {
                    "precision": 0.7067404426559356,
                    "recall": 0.7987492893689596,
                    "f1-score": 0.7499332799572992,
                    "support": 1759
                },
                "muffin": {
                    "precision": 0.7079207920792079,
                    "recall": 0.5954198473282443,
                    "f1-score": 0.6468149264983039,
                    "support": 1441
                },
                "micro avg": {
                    "precision": 0.7071875,
                    "recall": 0.7071875,
                    "f1-score": 0.7071875,
                    "support": 3200
                },
                "macro avg": {
                    "precision": 0.7073306173675717,
                    "recall": 0.697084568348602,
                    "f1-score": 0.6983741032278015,
                    "support": 3200
                },
                "weighted avg": {
                    "precision": 0.7072719687556028,
                    "recall": 0.7071875,
                    "f1-score": 0.7034977964152954,
                    "support": 3200
                },
                "samples avg": {
                    "precision": 0.7071875,
                    "recall": 0.7071875,
                    "f1-score": 0.7071875,
                    "support": 3200
                }
            }
        },
        "val": {
            "accuracy": 0.667187511920929,
            "precision": 0.667187511920929,
            "recall": 0.667187511920929,
            "f1": 0.6671874619209327,
            "classification_report": {
                "chihuahua": {
                    "precision": 0.643979057591623,
                    "recall": 0.7616099071207431,
                    "f1-score": 0.6978723404255319,
                    "support": 323
                },
                "muffin": {
                    "precision": 0.7015503875968992,
                    "recall": 0.5709779179810726,
                    "f1-score": 0.6295652173913043,
                    "support": 317
                },
                "micro avg": {
                    "precision": 0.6671875,
                    "recall": 0.6671875,
                    "f1-score": 0.6671875,
                    "support": 640
                },
                "macro avg": {
                    "precision": 0.6727647225942611,
                    "recall": 0.6662939125509078,
                    "f1-score": 0.6637187789084181,
                    "support": 640
                },
                "weighted avg": {
                    "precision": 0.6724948569848614,
                    "recall": 0.6671875,
                    "f1-score": 0.6640389685476411,
                    "support": 640
                },
                "samples avg": {
                    "precision": 0.6671875,
                    "recall": 0.6671875,
                    "f1-score": 0.6671875,
                    "support": 640
                }
            }
        },
        "test": {
            "accuracy": 0.6752519607543945,
            "precision": 0.6752519607543945,
            "recall": 0.6752519607543945,
            "f1": 0.6752519107543982,
            "classification_report": {
                "chihuahua": {
                    "precision": 0.6747663551401869,
                    "recall": 0.7568134171907757,
                    "f1-score": 0.7134387351778656,
                    "support": 477
                },
                "muffin": {
                    "precision": 0.6759776536312849,
                    "recall": 0.5817307692307693,
                    "f1-score": 0.6253229974160207,
                    "support": 416
                },
                "micro avg": {
                    "precision": 0.6752519596864501,
                    "recall": 0.6752519596864501,
                    "f1-score": 0.6752519596864501,
                    "support": 893
                },
                "macro avg": {
                    "precision": 0.6753720043857359,
                    "recall": 0.6692720932107725,
                    "f1-score": 0.6693808662969432,
                    "support": 893
                },
                "weighted avg": {
                    "precision": 0.6753306330486938,
                    "recall": 0.6752519596864501,
                    "f1-score": 0.672390418370556,
                    "support": 893
                },
                "samples avg": {
                    "precision": 0.6752519596864501,
                    "recall": 0.6752519596864501,
                    "f1-score": 0.6752519596864501,
                    "support": 893
                }
            }
        }
    },
    "training_history": {
        "accuracy": [
            0.5696874856948853,
            0.7568749785423279,
            0.832812488079071,
            0.8706250190734863
        ],
        "loss": [
            1.1321543455123901,
            0.5193614959716797,
            0.37605229020118713,
            0.3004528284072876
        ],
        "val_accuracy": [
            0.667187511920929,
            0.8187500238418579,
            0.8421875238418579,
            0.856249988079071
        ],
        "val_loss": [
            0.6229603886604309,
            0.41868892312049866,
            0.3492525815963745,
            0.329805850982666
        ]
    }
}