{
    "name": "trial_47",
    "start_time": "2024-10-23 08:39:37.344",
    "duration": "21.314",
    "directory": "/home/krakerlu/github/ImageMLResearch/demo/chihuahua_vs_muffin/experiments/experiment_05/output/trial_47",
    "hyperparameters": {
        "dense_units": 512,
        "dropout_rate": 0.33648935595104096,
        "learning_rate": 1.985872849744353e-05
    },
    "figures": {
        "model_summary": "/home/krakerlu/github/ImageMLResearch/demo/chihuahua_vs_muffin/experiments/experiment_05/output/trial_47/model_summary.png",
        "confusion_matrix": "/home/krakerlu/github/ImageMLResearch/demo/chihuahua_vs_muffin/experiments/experiment_05/output/trial_47/confusion_matrix.png",
        "training_history": "/home/krakerlu/github/ImageMLResearch/demo/chihuahua_vs_muffin/experiments/experiment_05/output/trial_47/training_history.png"
    },
    "evaluation_metrics": {
        "train": {
            "accuracy": 0.995312511920929,
            "precision": 0.995312511920929,
            "recall": 0.995312511920929,
            "f1": 0.9953124619209315,
            "classification_report": {
                "chihuahua": {
                    "precision": 0.9943310657596371,
                    "recall": 0.9971574758385446,
                    "f1-score": 0.9957422651149589,
                    "support": 1759
                },
                "muffin": {
                    "precision": 0.9965181058495822,
                    "recall": 0.993060374739764,
                    "f1-score": 0.9947862356621481,
                    "support": 1441
                },
                "micro avg": {
                    "precision": 0.9953125,
                    "recall": 0.9953125,
                    "f1-score": 0.9953125,
                    "support": 3200
                },
                "macro avg": {
                    "precision": 0.9954245858046097,
                    "recall": 0.9951089252891543,
                    "f1-score": 0.9952642503885535,
                    "support": 3200
                },
                "weighted avg": {
                    "precision": 0.9953159172501406,
                    "recall": 0.9953125,
                    "f1-score": 0.99531175310199,
                    "support": 3200
                },
                "samples avg": {
                    "precision": 0.9953125,
                    "recall": 0.9953125,
                    "f1-score": 0.9953125,
                    "support": 3200
                }
            }
        },
        "val": {
            "accuracy": 0.9906250238418579,
            "precision": 0.9906250238418579,
            "recall": 0.9906250238418579,
            "f1": 0.9906249738418604,
            "classification_report": {
                "chihuahua": {
                    "precision": 0.9876923076923076,
                    "recall": 0.9938080495356038,
                    "f1-score": 0.9907407407407407,
                    "support": 323
                },
                "muffin": {
                    "precision": 0.9936507936507937,
                    "recall": 0.9873817034700315,
                    "f1-score": 0.990506329113924,
                    "support": 317
                },
                "micro avg": {
                    "precision": 0.990625,
                    "recall": 0.990625,
                    "f1-score": 0.990625,
                    "support": 640
                },
                "macro avg": {
                    "precision": 0.9906715506715507,
                    "recall": 0.9905948765028176,
                    "f1-score": 0.9906235349273323,
                    "support": 640
                },
                "weighted avg": {
                    "precision": 0.9906436202686202,
                    "recall": 0.990625,
                    "f1-score": 0.990624633731833,
                    "support": 640
                },
                "samples avg": {
                    "precision": 0.990625,
                    "recall": 0.990625,
                    "f1-score": 0.990625,
                    "support": 640
                }
            }
        },
        "test": {
            "accuracy": 0.9843224883079529,
            "precision": 0.9843224883079529,
            "recall": 0.9843224883079529,
            "f1": 0.9843224383079554,
            "classification_report": {
                "chihuahua": {
                    "precision": 0.979296066252588,
                    "recall": 0.9916142557651991,
                    "f1-score": 0.9854166666666667,
                    "support": 477
                },
                "muffin": {
                    "precision": 0.9902439024390244,
                    "recall": 0.9759615384615384,
                    "f1-score": 0.9830508474576272,
                    "support": 416
                },
                "micro avg": {
                    "precision": 0.9843225083986562,
                    "recall": 0.9843225083986562,
                    "f1-score": 0.9843225083986562,
                    "support": 893
                },
                "macro avg": {
                    "precision": 0.9847699843458062,
                    "recall": 0.9837878971133688,
                    "f1-score": 0.9842337570621469,
                    "support": 893
                },
                "weighted avg": {
                    "precision": 0.9843960660885988,
                    "recall": 0.9843225083986562,
                    "f1-score": 0.9843145605177748,
                    "support": 893
                },
                "samples avg": {
                    "precision": 0.9843225083986562,
                    "recall": 0.9843225083986562,
                    "f1-score": 0.9843225083986562,
                    "support": 893
                }
            }
        }
    },
    "training_history": {
        "accuracy": [
            0.6915624737739563,
            0.8821874856948853,
            0.9309375286102295,
            0.9468749761581421,
            0.9587500095367432,
            0.9728124737739563,
            0.9746875166893005,
            0.9750000238418579,
            0.9756249785423279,
            0.9800000190734863,
            0.981249988079071,
            0.9825000166893005,
            0.9837499856948853,
            0.9840624928474426,
            0.9856250286102295,
            0.9868749976158142,
            0.9881250262260437,
            0.9853125214576721,
            0.9918749928474426,
            0.9893749952316284,
            0.9903125166893005,
            0.9909374713897705,
            0.9906250238418579,
            0.9928125143051147,
            0.9915624856948853
        ],
        "loss": [
            0.6086202263832092,
            0.29342904686927795,
            0.19266632199287415,
            0.14617735147476196,
            0.12063298374414444,
            0.09754732251167297,
            0.08834641426801682,
            0.08343939483165741,
            0.07415607571601868,
            0.06250736862421036,
            0.06220921874046326,
            0.05666372925043106,
            0.05280781164765358,
            0.05001172050833702,
            0.0485842265188694,
            0.04305550456047058,
            0.039123743772506714,
            0.040982261300086975,
            0.03454749658703804,
            0.03500179946422577,
            0.031598545610904694,
            0.031427036970853806,
            0.03295230492949486,
            0.02876320295035839,
            0.028659164905548096
        ],