{
    "name": "trial_65",
    "start_time": "2024-10-27 11:26:14.412",
    "duration": "0:05:46.173",
    "directory": "/home/krakerlu/github/ImageMLResearch/demo/chihuahua_vs_muffin/experiments/experiment_04/output/trial_65",
    "hyperparameters": {
        "normalization": "standard",
        "batch_size": 128,
        "learning_rate": 5.842274274517951e-05
    },
    "figures": {
        "training_history": "/home/krakerlu/github/ImageMLResearch/demo/chihuahua_vs_muffin/experiments/experiment_04/output/trial_65/training_history.png"
    },
    "evaluation_metrics": {
        "train": {
            "accuracy": 0.9566857814788818,
            "precision": 0.9566857814788818,
            "recall": 0.9566857814788818,
            "f1": 0.9566857314788845,
            "classification_report": {
                "chihuahua": {
                    "precision": 0.9592562209461307,
                    "recall": 0.9621503017004936,
                    "f1-score": 0.9607010817472271,
                    "support": 3646
                },
                "muffin": {
                    "precision": 0.953519703603907,
                    "recall": 0.95,
                    "f1-score": 0.9517565977475206,
                    "support": 2980
                },
                "micro avg": {
                    "precision": 0.9566857832779958,
                    "recall": 0.9566857832779958,
                    "f1-score": 0.9566857832779958,
                    "support": 6626
                },
                "macro avg": {
                    "precision": 0.9563879622750189,
                    "recall": 0.9560751508502467,
                    "f1-score": 0.9562288397473739,
                    "support": 6626
                },
                "weighted avg": {
                    "precision": 0.9566762599319704,
                    "recall": 0.9566857832779958,
                    "f1-score": 0.9566783587893151,
                    "support": 6626
                },
                "samples avg": {
                    "precision": 0.9566857832779958,
                    "recall": 0.9566857832779958,
                    "f1-score": 0.9566857832779958,
                    "support": 6626
                }
            }
        },
        "val": {
            "accuracy": 0.8335683941841125,
            "precision": 0.8335683941841125,
            "recall": 0.8335683941841125,
            "f1": 0.8335683441841155,
            "classification_report": {
                "chihuahua": {
                    "precision": 0.9552238805970149,
                    "recall": 0.7071823204419889,
                    "f1-score": 0.8126984126984127,
                    "support": 362
                },
                "muffin": {
                    "precision": 0.7596371882086168,
                    "recall": 0.9654178674351584,
                    "f1-score": 0.850253807106599,
                    "support": 347
                },
                "micro avg": {
                    "precision": 0.8335684062059239,
                    "recall": 0.8335684062059239,
                    "f1-score": 0.8335684062059239,
                    "support": 709
                },
                "macro avg": {
                    "precision": 0.8574305344028159,
                    "recall": 0.8363000939385736,
                    "f1-score": 0.8314761099025059,
                    "support": 709
                },
                "weighted avg": {
                    "precision": 0.8594995050557257,
                    "recall": 0.8335684062059239,
                    "f1-score": 0.8310788384524896,
                    "support": 709
                },
                "samples avg": {
                    "precision": 0.8335684062059239,
                    "recall": 0.8335684062059239,
                    "f1-score": 0.8335684062059239,
                    "support": 709
                }
            }
        },
        "test": {
            "accuracy": 0.8579465746879578,
            "precision": 0.8579465746879578,
            "recall": 0.8579465746879578,
            "f1": 0.8579465246879606,
            "classification_report": {
                "chihuahua": {
                    "precision": 0.941747572815534,
                    "recall": 0.7780748663101604,
                    "f1-score": 0.8521229868228404,
                    "support": 374
                },
                "muffin": {
                    "precision": 0.7935323383084577,
                    "recall": 0.9465875370919882,
                    "f1-score": 0.8633288227334236,
                    "support": 337
                },
                "micro avg": {
                    "precision": 0.8579465541490858,
                    "recall": 0.8579465541490858,
                    "f1-score": 0.8579465541490858,
                    "support": 711
                },
                "macro avg": {
                    "precision": 0.8676399555619958,
                    "recall": 0.8623312017010742,
                    "f1-score": 0.857725904778132,
                    "support": 711
                },
                "weighted avg": {
                    "precision": 0.871496470102616,
                    "recall": 0.8579465541490858,
                    "f1-score": 0.8574343323950857,
                    "support": 711
                },
                "samples avg": {
                    "precision": 0.8579465541490858,
                    "recall": 0.8579465541490858,
                    "f1-score": 0.8579465541490858,
                    "support": 711
                }
            }
        }
    },
    "training_history": {
        "accuracy": [
            0.7118925452232361,
            0.7659221291542053,
            0.799879252910614,
            0.8250830173492432,
            0.8495321273803711,
            0.867189884185791,
            0.8797162771224976,
            0.893751859664917,
            0.900241494178772,
            0.903410792350769,
            0.913522481918335,
            0.9239360094070435,
            0.931632936000824,
            0.9382734894752502,
            0.942348301410675
        ],
        "loss": [
            0.5675607323646545,
            0.4869479238986969,
            0.44416844844818115,
            0.40417417883872986,
            0.35116225481033325,
            0.3204643130302429,
            0.2967325448989868,
            0.2689288556575775,
            0.2619975507259369,
            0.24128273129463196,
            0.2198035717010498,
            0.19781085848808289,
            0.18200385570526123,
            0.16505764424800873,
            0.15585969388484955
        ],
        "val_accuracy": [
            0.7785613536834717,
            0.8138222694396973,
            0.8349788188934326,
            0.8251057863235474,
            0.8081805109977722,
            0.8377997279167175,
            0.8392101526260376,
            0.8392101526260376,
            0.799717903137207,
            0.8293371200561523,
            0.8392101526260376,
            0.8363893032073975,
            0.861777126789093,
            0.8504936695098877,
            0.8335683941841125
        ],
        "val_loss": [
            0.49476057291030884,
            0.4177938997745514,
            0.377044677734375,
            0.41060158610343933,
            0.47047004103660583,
            0.4215097427368164,
            0.4056580364704132,
            0.38398340344429016,
            0.49528127908706665,
            0.40166589617729187,
            0.3696598410606384,
            0.3991943597793579,
            0.33432143926620483,
            0.351369172334671,
            0.3921041786670685
        ]
    }
}