{
    "name": "trial_6",
    "start_time": "2024-10-17 15:50:22.440",
    "duration": "09.302",
    "directory": "/home/krakerlu/github/ImageMLResearch/demo/chihuahua_vs_muffin/experiments/experiment_02/output/trial_6",
    "hyperparameters": {
        "units1": 64,
        "kernel_size1": 5,
        "units2": 128,
        "kernel_size2": 3,
        "units3": 256,
        "learning_rate": 2.4947660241581293e-05
    },
    "figures": {
        "model_summary": "/home/krakerlu/github/ImageMLResearch/demo/chihuahua_vs_muffin/experiments/experiment_02/output/trial_6/model_summary.png",
        "confusion_matrix": "/home/krakerlu/github/ImageMLResearch/demo/chihuahua_vs_muffin/experiments/experiment_02/output/trial_6/confusion_matrix.png",
        "training_history": "/home/krakerlu/github/ImageMLResearch/demo/chihuahua_vs_muffin/experiments/experiment_02/output/trial_6/training_history.png"
    },
    "evaluation_metrics": {
        "train": {
            "accuracy": 0.7237499952316284,
            "precision": 0.7237499952316284,
            "recall": 0.7237499952316284,
            "f1": 0.7237499452316318,
            "classification_report": {
                "chihuahua": {
                    "precision": 0.7177700348432056,
                    "recall": 0.8197839681637293,
                    "f1-score": 0.7653927813163482,
                    "support": 1759
                },
                "muffin": {
                    "precision": 0.7338371116708649,
                    "recall": 0.6065232477446217,
                    "f1-score": 0.6641337386018237,
                    "support": 1441
                },
                "micro avg": {
                    "precision": 0.72375,
                    "recall": 0.72375,
                    "f1-score": 0.72375,
                    "support": 3200
                },
                "macro avg": {
                    "precision": 0.7258035732570352,
                    "recall": 0.7131536079541756,
                    "f1-score": 0.714763259959086,
                    "support": 3200
                },
                "weighted avg": {
                    "precision": 0.7250052403771609,
                    "recall": 0.72375,
                    "f1-score": 0.7197945686439639,
                    "support": 3200
                },
                "samples avg": {
                    "precision": 0.72375,
                    "recall": 0.72375,
                    "f1-score": 0.72375,
                    "support": 3200
                }
            }
        },
        "val": {
            "accuracy": 0.682812511920929,
            "precision": 0.682812511920929,
            "recall": 0.682812511920929,
            "f1": 0.6828124619209326,
            "classification_report": {
                "chihuahua": {
                    "precision": 0.6595744680851063,
                    "recall": 0.7678018575851393,
                    "f1-score": 0.709585121602289,
                    "support": 323
                },
                "muffin": {
                    "precision": 0.7159090909090909,
                    "recall": 0.5962145110410094,
                    "f1-score": 0.6506024096385542,
                    "support": 317
                },
                "micro avg": {
                    "precision": 0.6828125,
                    "recall": 0.6828125,
                    "f1-score": 0.6828125,
                    "support": 640
                },
                "macro avg": {
                    "precision": 0.6877417794970986,
                    "recall": 0.6820081843130743,
                    "f1-score": 0.6800937656204216,
                    "support": 640
                },
                "weighted avg": {
                    "precision": 0.6874777109526112,
                    "recall": 0.6828125,
                    "f1-score": 0.6803702470827517,
                    "support": 640
                },
                "samples avg": {
                    "precision": 0.6828125,
                    "recall": 0.6828125,
                    "f1-score": 0.6828125,
                    "support": 640
                }
            }
        },
        "test": {
            "accuracy": 0.6808510422706604,
            "precision": 0.6808510422706604,
            "recall": 0.6808510422706604,
            "f1": 0.680850992270664,
            "classification_report": {
                "chihuahua": {
                    "precision": 0.6797752808988764,
                    "recall": 0.7610062893081762,
                    "f1-score": 0.7181008902077152,
                    "support": 477
                },
                "muffin": {
                    "precision": 0.6824512534818942,
                    "recall": 0.5889423076923077,
                    "f1-score": 0.632258064516129,
                    "support": 416
                },
                "micro avg": {
                    "precision": 0.6808510638297872,
                    "recall": 0.6808510638297872,
                    "f1-score": 0.6808510638297872,
                    "support": 893
                },
                "macro avg": {
                    "precision": 0.6811132671903852,
                    "recall": 0.6749742985002419,
                    "f1-score": 0.6751794773619221,
                    "support": 893
                },
                "weighted avg": {
                    "precision": 0.6810218705904054,
                    "recall": 0.6808510638297872,
                    "f1-score": 0.6781113991800557,
                    "support": 893
                },
                "samples avg": {
                    "precision": 0.6808510638297872,
                    "recall": 0.6808510638297872,
                    "f1-score": 0.6808510638297872,
                    "support": 893
                }
            }
        }
    },
    "training_history": {
        "accuracy": [
            0.5862500071525574,
            0.7153124809265137,
            0.7649999856948853,
            0.8100000023841858
        ],
        "loss": [
            0.6903944611549377,
            0.5780947208404541,
            0.5017375349998474,
            0.44508835673332214
        ],
        "val_accuracy": [
            0.682812511920929,
            0.7171875238418579,
            0.7796875238418579,
            0.8046875
        ],
        "val_loss": [
            0.631761908531189,
            0.5601037740707397,
            0.4940418303012848,
            0.4469662606716156
        ]
    }
}