{
    "name": "trial_4",
    "start_time": "2024-10-17 15:49:57.818",
    "duration": "16.933",
    "directory": "/home/krakerlu/github/ImageMLResearch/demo/chihuahua_vs_muffin/experiments/experiment_02/output/trial_4",
    "hyperparameters": {
        "units1": 128,
        "kernel_size1": 7,
        "units2": 128,
        "kernel_size2": 5,
        "units3": 512,
        "learning_rate": 6.565826339211449e-05
    },
    "figures": {
        "model_summary": "/home/krakerlu/github/ImageMLResearch/demo/chihuahua_vs_muffin/experiments/experiment_02/output/trial_4/model_summary.png",
        "confusion_matrix": "/home/krakerlu/github/ImageMLResearch/demo/chihuahua_vs_muffin/experiments/experiment_02/output/trial_4/confusion_matrix.png",
        "training_history": "/home/krakerlu/github/ImageMLResearch/demo/chihuahua_vs_muffin/experiments/experiment_02/output/trial_4/training_history.png"
    },
    "evaluation_metrics": {
        "train": {
            "accuracy": 0.7368749976158142,
            "precision": 0.7368749976158142,
            "recall": 0.7368749976158142,
            "f1": 0.7368749476158176,
            "classification_report": {
                "chihuahua": {
                    "precision": 0.750409612233752,
                    "recall": 0.7811256395679363,
                    "f1-score": 0.7654596100278551,
                    "support": 1759
                },
                "muffin": {
                    "precision": 0.718772826880935,
                    "recall": 0.6828591256072172,
                    "f1-score": 0.700355871886121,
                    "support": 1441
                },
                "micro avg": {
                    "precision": 0.736875,
                    "recall": 0.736875,
                    "f1-score": 0.736875,
                    "support": 3200
                },
                "macro avg": {
                    "precision": 0.7345912195573435,
                    "recall": 0.7319923825875767,
                    "f1-score": 0.7329077409569881,
                    "support": 3200
                },
                "weighted avg": {
                    "precision": 0.7361631723295616,
                    "recall": 0.736875,
                    "f1-score": 0.7361425829459054,
                    "support": 3200
                },
                "samples avg": {
                    "precision": 0.736875,
                    "recall": 0.736875,
                    "f1-score": 0.736875,
                    "support": 3200
                }
            }
        },
        "val": {
            "accuracy": 0.698437511920929,
            "precision": 0.698437511920929,
            "recall": 0.698437511920929,
            "f1": 0.6984374619209325,
            "classification_report": {
                "chihuahua": {
                    "precision": 0.6900584795321637,
                    "recall": 0.7306501547987616,
                    "f1-score": 0.7097744360902256,
                    "support": 323
                },
                "muffin": {
                    "precision": 0.7080536912751678,
                    "recall": 0.6656151419558359,
                    "f1-score": 0.6861788617886179,
                    "support": 317
                },
                "micro avg": {
                    "precision": 0.6984375,
                    "recall": 0.6984375,
                    "f1-score": 0.6984375,
                    "support": 640
                },
                "macro avg": {
                    "precision": 0.6990560854036658,
                    "recall": 0.6981326483772987,
                    "f1-score": 0.6979766489394217,
                    "support": 640
                },
                "weighted avg": {
                    "precision": 0.6989717328486205,
                    "recall": 0.6984375,
                    "f1-score": 0.6980872531939605,
                    "support": 640
                },
                "samples avg": {
                    "precision": 0.6984375,
                    "recall": 0.6984375,
                    "f1-score": 0.6984375,
                    "support": 640
                }
            }
        },
        "test": {
            "accuracy": 0.7054871320724487,
            "precision": 0.7054871320724487,
            "recall": 0.7054871320724487,
            "f1": 0.7054870820724523,
            "classification_report": {
                "chihuahua": {
                    "precision": 0.7229166666666667,
                    "recall": 0.7274633123689728,
                    "f1-score": 0.7251828631138976,
                    "support": 477
                },
                "muffin": {
                    "precision": 0.6852300242130751,
                    "recall": 0.6802884615384616,
                    "f1-score": 0.6827503015681544,
                    "support": 416
                },
                "micro avg": {
                    "precision": 0.7054871220604704,
                    "recall": 0.7054871220604704,
                    "f1-score": 0.7054871220604704,
                    "support": 893
                },
                "macro avg": {
                    "precision": 0.7040733454398709,
                    "recall": 0.7038758869537172,
                    "f1-score": 0.7039665823410259,
                    "support": 893
                },
                "weighted avg": {
                    "precision": 0.7053605151989242,
                    "recall": 0.7054871220604704,
                    "f1-score": 0.7054158467611215,
                    "support": 893
                },
                "samples avg": {
                    "precision": 0.7054871220604704,
                    "recall": 0.7054871220604704,
                    "f1-score": 0.7054871220604704,
                    "support": 893
                }
            }
        }
    },
    "training_history": {
        "accuracy": [
            0.5568749904632568,
            0.7306249737739563,
            0.8128125071525574,
            0.8424999713897705
        ],
        "loss": [
            0.7530708312988281,
            0.553091824054718,
            0.43808525800704956,
            0.37231627106666565
        ],
        "val_accuracy": [
            0.698437511920929,
            0.7484375238418579,
            0.8265625238418579,
            0.8578125238418579
        ],
        "val_loss": [
            0.638675332069397,
            0.5116616487503052,
            0.409776508808136,
            0.3618248403072357
        ]
    }
}