{
    "name": "trial_33",
    "start_time": "2024-10-24 13:50:06.250",
    "duration": "0:05:42.024",
    "directory": "/home/krakerlu/github/ImageMLResearch/demo/chihuahua_vs_muffin/experiments/experiment_04/output/trial_33",
    "hyperparameters": {
        "normalization": "standard",
        "batch_size": 128,
        "learning_rate": 7.788116549848595e-05
    },
    "figures": {
        "training_history": "/home/krakerlu/github/ImageMLResearch/demo/chihuahua_vs_muffin/experiments/experiment_04/output/trial_33/training_history.png"
    },
    "evaluation_metrics": {
        "train": {
            "accuracy": 0.9566857814788818,
            "precision": 0.9566857814788818,
            "recall": 0.9566857814788818,
            "f1": 0.9566857314788845,
            "classification_report": {
                "chihuahua": {
                    "precision": 0.9869527399246159,
                    "recall": 0.9336258913878223,
                    "f1-score": 0.9595489781536293,
                    "support": 3646
                },
                "muffin": {
                    "precision": 0.9238275102297765,
                    "recall": 0.9848993288590604,
                    "f1-score": 0.9533863894753939,
                    "support": 2980
                },
                "micro avg": {
                    "precision": 0.9566857832779958,
                    "recall": 0.9566857832779958,
                    "f1-score": 0.9566857832779958,
                    "support": 6626
                },
                "macro avg": {
                    "precision": 0.9553901250771961,
                    "recall": 0.9592626101234414,
                    "f1-score": 0.9564676838145116,
                    "support": 6626
                },
                "weighted avg": {
                    "precision": 0.958562582289448,
                    "recall": 0.9566857832779958,
                    "f1-score": 0.9567773943532758,
                    "support": 6626
                },
                "samples avg": {
                    "precision": 0.9566857832779958,
                    "recall": 0.9566857832779958,
                    "f1-score": 0.9566857832779958,
                    "support": 6626
                }
            }
        },
        "val": {
            "accuracy": 0.8293371200561523,
            "precision": 0.8293371200561523,
            "recall": 0.8293371200561523,
            "f1": 0.8293370700561553,
            "classification_report": {
                "chihuahua": {
                    "precision": 0.9688715953307393,
                    "recall": 0.6878453038674033,
                    "f1-score": 0.8045234248788369,
                    "support": 362
                },
                "muffin": {
                    "precision": 0.75,
                    "recall": 0.9769452449567724,
                    "f1-score": 0.8485607008760951,
                    "support": 347
                },
                "micro avg": {
                    "precision": 0.8293370944992948,
                    "recall": 0.8293370944992948,
                    "f1-score": 0.8293370944992948,
                    "support": 709
                },
                "macro avg": {
                    "precision": 0.8594357976653697,
                    "recall": 0.8323952744120878,
                    "f1-score": 0.826542062877466,
                    "support": 709
                },
                "weighted avg": {
                    "precision": 0.8617510825242984,
                    "recall": 0.8293370944992948,
                    "f1-score": 0.8260762242738279,
                    "support": 709
                },
                "samples avg": {
                    "precision": 0.8293370944992948,
                    "recall": 0.8293370944992948,
                    "f1-score": 0.8293370944992948,
                    "support": 709
                }
            }
        },
        "test": {
            "accuracy": 0.8354430198669434,
            "precision": 0.8354430198669434,
            "recall": 0.8354430198669434,
            "f1": 0.8354429698669463,
            "classification_report": {
                "chihuahua": {
                    "precision": 0.9477351916376306,
                    "recall": 0.7272727272727273,
                    "f1-score": 0.8229954614220878,
                    "support": 374
                },
                "muffin": {
                    "precision": 0.7594339622641509,
                    "recall": 0.9554896142433235,
                    "f1-score": 0.8462549277266754,
                    "support": 337
                },
                "micro avg": {
                    "precision": 0.8354430379746836,
                    "recall": 0.8354430379746836,
                    "f1-score": 0.8354430379746836,
                    "support": 711
                },
                "macro avg": {
                    "precision": 0.8535845769508907,
                    "recall": 0.8413811707580254,
                    "f1-score": 0.8346251945743817,
                    "support": 711
                },
                "weighted avg": {
                    "precision": 0.8584841166743921,
                    "recall": 0.8354430379746836,
                    "f1-score": 0.8340199904581581,
                    "support": 711
                },
                "samples avg": {
                    "precision": 0.8354430379746836,
                    "recall": 0.8354430379746836,
                    "f1-score": 0.8354430379746836,
                    "support": 711
                }
            }
        }
    },
    "training_history": {
        "accuracy": [
            0.6939330101013184,
            0.774222731590271,
            0.819649875164032,
            0.8570781946182251,
            0.8753395676612854,
            0.8880168795585632,
            0.895412027835846,
            0.915635347366333,
            0.9195592999458313,
            0.9237850904464722,
            0.9322366714477539,
            0.934349536895752,
            0.9308783411979675,
            0.9286145567893982,
            0.9438575506210327
        ],
        "loss": [
            0.5764525532722473,
            0.4788888990879059,
            0.4041048288345337,
            0.3382134735584259,
            0.29717838764190674,
            0.27527472376823425,
            0.25418680906295776,
            0.21641980111598969,
            0.19995805621147156,
            0.18986837565898895,
            0.17030754685401917,
            0.1705942153930664,
            0.17649026215076447,
            0.1757577359676361,
            0.14517126977443695
        ],
        "val_accuracy": [
            0.7771509289741516,
            0.8194640278816223,
            0.8420310020446777,
            0.8476727604866028,
            0.870239794254303,
            0.8476727604866028,
            0.8674188852310181,
            0.8674188852310181,
            0.8744710683822632,
            0.8942171931266785,
            0.866008460521698,
            0.8110014200210571,
            0.8984485268592834,
            0.8194640278816223,
            0.8293371200561523
        ],
        "val_loss": [
            0.47795623540878296,
            0.39194729924201965,
            0.36861303448677063,
            0.36601579189300537,
            0.31510287523269653,
            0.3959256708621979,
            0.31762078404426575,
            0.3246857821941376,
            0.3006483018398285,
            0.2723281979560852,
            0.29244840145111084,
            0.5094541907310486,
            0.2657567858695984,
            0.4617413878440857,
            0.46596553921699524
        ]
    }
}