{
    "name": "trial_93",
    "start_time": "2024-10-27 14:09:18.367",
    "duration": "0:05:44.848",
    "directory": "/home/krakerlu/github/ImageMLResearch/demo/chihuahua_vs_muffin/experiments/experiment_04/output/trial_93",
    "hyperparameters": {
        "normalization": "mean",
        "batch_size": 128,
        "learning_rate": 8.089144574527342e-05
    },
    "figures": {
        "training_history": "/home/krakerlu/github/ImageMLResearch/demo/chihuahua_vs_muffin/experiments/experiment_04/output/trial_93/training_history.png"
    },
    "evaluation_metrics": {
        "train": {
            "accuracy": 0.9444612264633179,
            "precision": 0.9444612264633179,
            "recall": 0.9444612264633179,
            "f1": 0.9444611764633205,
            "classification_report": {
                "chihuahua": {
                    "precision": 0.930635838150289,
                    "recall": 0.9714755896873286,
                    "f1-score": 0.9506172839506173,
                    "support": 3646
                },
                "muffin": {
                    "precision": 0.9631205673758865,
                    "recall": 0.9114093959731544,
                    "f1-score": 0.9365517241379311,
                    "support": 2980
                },
                "micro avg": {
                    "precision": 0.9444612134017507,
                    "recall": 0.9444612134017507,
                    "f1-score": 0.9444612134017507,
                    "support": 6626
                },
                "macro avg": {
                    "precision": 0.9468782027630878,
                    "recall": 0.9414424928302415,
                    "f1-score": 0.9435845040442742,
                    "support": 6626
                },
                "weighted avg": {
                    "precision": 0.9452456318557343,
                    "recall": 0.9444612134017507,
                    "f1-score": 0.94429139076592,
                    "support": 6626
                },
                "samples avg": {
                    "precision": 0.9444612134017507,
                    "recall": 0.9444612134017507,
                    "f1-score": 0.9444612134017507,
                    "support": 6626
                }
            }
        },
        "val": {
            "accuracy": 0.8730606436729431,
            "precision": 0.8730606436729431,
            "recall": 0.8730606436729431,
            "f1": 0.873060593672946,
            "classification_report": {
                "chihuahua": {
                    "precision": 0.8715846994535519,
                    "recall": 0.8812154696132597,
                    "f1-score": 0.8763736263736264,
                    "support": 362
                },
                "muffin": {
                    "precision": 0.8746355685131195,
                    "recall": 0.8645533141210374,
                    "f1-score": 0.8695652173913043,
                    "support": 347
                },
                "micro avg": {
                    "precision": 0.8730606488011283,
                    "recall": 0.8730606488011283,
                    "f1-score": 0.8730606488011283,
                    "support": 709
                },
                "macro avg": {
                    "precision": 0.8731101339833357,
                    "recall": 0.8728843918671485,
                    "f1-score": 0.8729694218824653,
                    "support": 709
                },
                "weighted avg": {
                    "precision": 0.8730778610384179,
                    "recall": 0.8730606488011283,
                    "f1-score": 0.8730414431340413,
                    "support": 709
                },
                "samples avg": {
                    "precision": 0.8730606488011283,
                    "recall": 0.8730606488011283,
                    "f1-score": 0.8730606488011283,
                    "support": 709
                }
            }
        },
        "test": {
            "accuracy": 0.8706047534942627,
            "precision": 0.8706047534942627,
            "recall": 0.8706047534942627,
            "f1": 0.8706047034942656,
            "classification_report": {
                "chihuahua": {
                    "precision": 0.8671875,
                    "recall": 0.8903743315508021,
                    "f1-score": 0.8786279683377308,
                    "support": 374
                },
                "muffin": {
                    "precision": 0.8746177370030581,
                    "recall": 0.8486646884272997,
                    "f1-score": 0.8614457831325302,
                    "support": 337
                },
                "micro avg": {
                    "precision": 0.870604781997187,
                    "recall": 0.870604781997187,
                    "f1-score": 0.870604781997187,
                    "support": 711
                },
                "macro avg": {
                    "precision": 0.8709026185015291,
                    "recall": 0.8695195099890509,
                    "f1-score": 0.8700368757351304,
                    "support": 711
                },
                "weighted avg": {
                    "precision": 0.8707092860337984,
                    "recall": 0.870604781997187,
                    "f1-score": 0.8704839508776007,
                    "support": 711
                },
                "samples avg": {
                    "precision": 0.870604781997187,
                    "recall": 0.870604781997187,
                    "f1-score": 0.870604781997187,
                    "support": 711
                }
            }
        }
    },
    "training_history": {
        "accuracy": [
            0.6943857669830322,
            0.7613945007324219,
            0.8045578002929688,
            0.8502867221832275,
            0.8706610202789307,
            0.8773015141487122,
            0.8913371562957764,
            0.8981285691261292,
            0.9025052785873413,
            0.9105041027069092,
            0.9154844284057617,
            0.9212194681167603,
            0.9219740629196167,
            0.9323875904083252,
            0.9390280842781067
        ],
        "loss": [
            0.583289384841919,
            0.4921092391014099,
            0.4323594570159912,
            0.35971343517303467,
            0.32154130935668945,
            0.30728739500045776,
            0.2764148712158203,
            0.26288217306137085,
            0.24978187680244446,
            0.23048558831214905,
            0.21686086058616638,
            0.20639847218990326,
            0.2025829255580902,
            0.17839863896369934,
            0.16335977613925934
        ],
        "val_accuracy": [
            0.7743300199508667,
            0.8251057863235474,
            0.8335683941841125,
            0.8222849369049072,
            0.8222849369049072,
            0.8011283278465271,
            0.8349788188934326,
            0.8547249436378479,
            0.8561354279518127,
            0.8631876111030579,
            0.8801128268241882,
            0.8857545852661133,
            0.8504936695098877,
            0.8730606436729431,
            0.8730606436729431
        ],
        "val_loss": [
            0.49195605516433716,
            0.4113045632839203,
            0.39155226945877075,
            0.4450354278087616,
            0.4423891305923462,
            0.4866323173046112,
            0.40432727336883545,
            0.3619476854801178,
            0.35351449251174927,
            0.34079793095588684,
            0.31047341227531433,
            0.3002709746360779,
            0.36232009530067444,
            0.32326599955558777,
            0.33751580119132996
        ]
    }
}