{
    "name": "Trial 5",
    "start_time": "2024-08-01 15:14:57.249",
    "duration": "07.276",
    "directory": "/home/krakerlu/github/ImageMLResearch/demo/mnist_digits_experiment/outputs/Trial_5",
    "hyperparameters": {
        "units1": 256,
        "units2": 128,
        "dropout1": 0.3,
        "dropout2": 0.3,
        "learning_rate": 0.0005
    },
    "figures": {
        "model_summary": "/home/krakerlu/github/ImageMLResearch/demo/mnist_digits_experiment/outputs/Trial_5/model_summary.png",
        "training_history": "/home/krakerlu/github/ImageMLResearch/demo/mnist_digits_experiment/outputs/Trial_5/training_history.png",
        "confusion_matrix": "/home/krakerlu/github/ImageMLResearch/demo/mnist_digits_experiment/outputs/Trial_5/confusion_matrix.png",
        "results": "/home/krakerlu/github/ImageMLResearch/demo/mnist_digits_experiment/outputs/Trial_5/results.png"
    },
    "evaluation_metrics": {
        "train": {
            "accuracy": 0.9851642847061157,
            "precision": 0.9501672983169556,
            "recall": 0.9026250243186951,
            "f1": 0.9257861488122305,
            "classification_report": {
                "Digit 0": {
                    "precision": 0.9542938760935548,
                    "recall": 0.9668958031837916,
                    "f1-score": 0.9605535088507503,
                    "support": 5528
                },
                "Digit 1": {
                    "precision": 0.961611076148521,
                    "recall": 0.9757343550446999,
                    "f1-score": 0.968621236133122,
                    "support": 6264
                },
                "Digit 2": {
                    "precision": 0.8854542332131203,
                    "recall": 0.9246771879483501,
                    "f1-score": 0.9046407579612247,
                    "support": 5576
                },
                "Digit 3": {
                    "precision": 0.9012667013708138,
                    "recall": 0.9069320761306094,
                    "f1-score": 0.9040905134899913,
                    "support": 5727
                },
                "Digit 4": {
                    "precision": 0.9242062763809873,
                    "recall": 0.9223443223443224,
                    "f1-score": 0.9232743606196718,
                    "support": 5460
                },
                "Digit 5": {
                    "precision": 0.8988985051140834,
                    "recall": 0.9053090332805072,
                    "f1-score": 0.9020923805763916,
                    "support": 5048
                },
                "Digit 6": {
                    "precision": 0.9504734158776402,
                    "recall": 0.9463379260333575,
                    "f1-score": 0.9484011627906976,
                    "support": 5516
                },
                "Digit 7": {
                    "precision": 0.9520789288231148,
                    "recall": 0.9215552523874488,
                    "f1-score": 0.9365684575389948,
                    "support": 5864
                },
                "Digit 8": {
                    "precision": 0.9144272917857823,
                    "recall": 0.8803669724770642,
                    "f1-score": 0.8970739459661587,
                    "support": 5450
                },
                "Digit 9": {
                    "precision": 0.9096024686876021,
                    "recall": 0.9001257409735944,
                    "f1-score": 0.9048392921632358,
                    "support": 5567
                },
                "micro avg": {
                    "precision": 0.9258214285714286,
                    "recall": 0.9258214285714286,
                    "f1-score": 0.9258214285714286,
                    "support": 56000
                },
                "macro avg": {
                    "precision": 0.9252312773495219,
                    "recall": 0.9250278669803746,
                    "f1-score": 0.925015561609024,
                    "support": 56000
                },
                "weighted avg": {
                    "precision": 0.9259769524653356,
                    "recall": 0.9258214285714286,
                    "f1-score": 0.9257846142374513,
                    "support": 56000
                },
                "samples avg": {
                    "precision": 0.9258214285714286,
                    "recall": 0.9258214285714286,
                    "f1-score": 0.9258214285714286,
                    "support": 56000
                }
            }
        },
        "val": {
            "accuracy": 0.9840883016586304,
            "precision": 0.9486985206604004,
            "recall": 0.8986524939537048,
            "f1": 0.9229975664693814,
            "classification_report": {
                "Digit 0": {
                    "precision": 0.9437229437229437,
                    "recall": 0.9589442815249267,
                    "f1-score": 0.9512727272727273,
                    "support": 682
                },
                "Digit 1": {
                    "precision": 0.9634760705289672,
                    "recall": 0.9757653061224489,
                    "f1-score": 0.9695817490494296,
                    "support": 784
                },
                "Digit 2": {
                    "precision": 0.8966480446927374,
                    "recall": 0.9119318181818182,
                    "f1-score": 0.9042253521126761,
                    "support": 704
                },
                "Digit 3": {
                    "precision": 0.8910761154855643,
                    "recall": 0.9138627187079408,
                    "f1-score": 0.9023255813953488,
                    "support": 743
                },
                "Digit 4": {
                    "precision": 0.922173274596182,
                    "recall": 0.9235294117647059,
                    "f1-score": 0.922850844966936,
                    "support": 680
                },
                "Digit 5": {
                    "precision": 0.8985024958402662,
                    "recall": 0.8925619834710744,
                    "f1-score": 0.8955223880597015,
                    "support": 605
                },
                "Digit 6": {
                    "precision": 0.9453717754172989,
                    "recall": 0.9453717754172989,
                    "f1-score": 0.9453717754172989,
                    "support": 659
                },
                "Digit 7": {
                    "precision": 0.9368863955119214,
                    "recall": 0.9355742296918768,
                    "f1-score": 0.9362298528381219,
                    "support": 714
                },
                "Digit 8": {
                    "precision": 0.8951367781155015,
                    "recall": 0.8611111111111112,
                    "f1-score": 0.8777943368107303,
                    "support": 684
                },
                "Digit 9": {
                    "precision": 0.9055793991416309,
                    "recall": 0.8779472954230236,
                    "f1-score": 0.8915492957746479,
                    "support": 721
                },
                "micro avg": {
                    "precision": 0.9204415137614679,
                    "recall": 0.9204415137614679,
                    "f1-score": 0.9204415137614679,
                    "support": 6976
                },
                "macro avg": {
                    "precision": 0.9198573293053014,
                    "recall": 0.9196599931416225,
                    "f1-score": 0.9196723903697619,
                    "support": 6976
                },
                "weighted avg": {
                    "precision": 0.9203123695957016,
                    "recall": 0.9204415137614679,
                    "f1-score": 0.9202893848954897,
                    "support": 6976
                },
                "samples avg": {
                    "precision": 0.9204415137614679,