{
    "name": "trial_18",
    "start_time": "2024-10-23 08:28:37.198",
    "duration": "22.111",
    "directory": "/home/krakerlu/github/ImageMLResearch/demo/chihuahua_vs_muffin/experiments/experiment_05/output/trial_18",
    "hyperparameters": {
        "dense_units": 512,
        "dropout_rate": 0.41850228623510344,
        "learning_rate": 2.8536446734542353e-05
    },
    "figures": {
        "model_summary": "/home/krakerlu/github/ImageMLResearch/demo/chihuahua_vs_muffin/experiments/experiment_05/output/trial_18/model_summary.png",
        "confusion_matrix": "/home/krakerlu/github/ImageMLResearch/demo/chihuahua_vs_muffin/experiments/experiment_05/output/trial_18/confusion_matrix.png",
        "training_history": "/home/krakerlu/github/ImageMLResearch/demo/chihuahua_vs_muffin/experiments/experiment_05/output/trial_18/training_history.png"
    },
    "evaluation_metrics": {
        "train": {
            "accuracy": 0.9981250166893005,
            "precision": 0.9981250166893005,
            "recall": 0.9981250166893005,
            "f1": 0.9981249666893031,
            "classification_report": {
                "chihuahua": {
                    "precision": 0.9977285633162976,
                    "recall": 0.9988629903354178,
                    "f1-score": 0.9982954545454545,
                    "support": 1759
                },
                "muffin": {
                    "precision": 0.9986101459346769,
                    "recall": 0.9972241498959056,
                    "f1-score": 0.9979166666666667,
                    "support": 1441
                },
                "micro avg": {
                    "precision": 0.998125,
                    "recall": 0.998125,
                    "f1-score": 0.998125,
                    "support": 3200
                },
                "macro avg": {
                    "precision": 0.9981693546254873,
                    "recall": 0.9980435701156617,
                    "f1-score": 0.9981060606060606,
                    "support": 3200
                },
                "weighted avg": {
                    "precision": 0.9981255509891365,
                    "recall": 0.998125,
                    "f1-score": 0.998124881628788,
                    "support": 3200
                },
                "samples avg": {
                    "precision": 0.998125,
                    "recall": 0.998125,
                    "f1-score": 0.998125,
                    "support": 3200
                }
            }
        },
        "val": {
            "accuracy": 0.9906250238418579,
            "precision": 0.9906250238418579,
            "recall": 0.9906250238418579,
            "f1": 0.9906249738418604,
            "classification_report": {
                "chihuahua": {
                    "precision": 0.9907120743034056,
                    "recall": 0.9907120743034056,
                    "f1-score": 0.9907120743034056,
                    "support": 323
                },
                "muffin": {
                    "precision": 0.9905362776025236,
                    "recall": 0.9905362776025236,
                    "f1-score": 0.9905362776025236,
                    "support": 317
                },
                "micro avg": {
                    "precision": 0.990625,
                    "recall": 0.990625,
                    "f1-score": 0.990625,
                    "support": 640
                },
                "macro avg": {
                    "precision": 0.9906241759529646,
                    "recall": 0.9906241759529646,
                    "f1-score": 0.9906241759529646,
                    "support": 640
                },
                "weighted avg": {
                    "precision": 0.990625,
                    "recall": 0.990625,
                    "f1-score": 0.990625,
                    "support": 640
                },
                "samples avg": {
                    "precision": 0.990625,
                    "recall": 0.990625,
                    "f1-score": 0.990625,
                    "support": 640
                }
            }
        },
        "test": {
            "accuracy": 0.9832026958465576,
            "precision": 0.9832026958465576,
            "recall": 0.9832026958465576,
            "f1": 0.9832026458465601,
            "classification_report": {
                "chihuahua": {
                    "precision": 0.979253112033195,
                    "recall": 0.989517819706499,
                    "f1-score": 0.9843587069864442,
                    "support": 477
                },
                "muffin": {
                    "precision": 0.9878345498783455,
                    "recall": 0.9759615384615384,
                    "f1-score": 0.9818621523579202,
                    "support": 416
                },
                "micro avg": {
                    "precision": 0.9832026875699889,
                    "recall": 0.9832026875699889,
                    "f1-score": 0.9832026875699889,
                    "support": 893
                },
                "macro avg": {
                    "precision": 0.9835438309557702,
                    "recall": 0.9827396790840187,
                    "f1-score": 0.9831104296721822,
                    "support": 893
                },
                "weighted avg": {
                    "precision": 0.9832507359341833,
                    "recall": 0.9832026875699889,
                    "f1-score": 0.9831956983353065,
                    "support": 893
                },
                "samples avg": {
                    "precision": 0.9832026875699889,
                    "recall": 0.9832026875699889,
                    "f1-score": 0.9832026875699889,
                    "support": 893
                }
            }
        }
    },
    "training_history": {
        "accuracy": [
            0.6606249809265137,
            0.8956249952316284,
            0.9465625286102295,
            0.957812488079071,
            0.9659374952316284,
            0.9731249809265137,
            0.9781249761581421,
            0.9793750047683716,
            0.9793750047683716,
            0.9806249737739563,
            0.9862499833106995,
            0.9856250286102295,
            0.9856250286102295,
            0.9859374761581421,
            0.9887499809265137,
            0.9903125166893005,
            0.9906250238418579,
            0.9915624856948853,
            0.9912499785423279,
            0.989062488079071,
            0.9943749904632568,
            0.9931250214576721,
            0.9940624833106995,
            0.9950000047683716,
            0.9956250190734863
        ],
        "loss": [
            0.6812138557434082,
            0.2631809115409851,
            0.15705989301204681,
            0.1247066855430603,
            0.09782537817955017,
            0.08336268365383148,
            0.07037869095802307,
            0.06741560995578766,
            0.06238957867026329,
            0.0581018403172493,
            0.049212321639060974,
            0.04599769040942192,
            0.04284558445215225,
            0.039756353944540024,
            0.03407277166843414,
            0.031799253076314926,
            0.033056195825338364,
            0.030694687739014626,
            0.028640884906053543,
            0.03035145066678524,
            0.02426235005259514,
            0.024502195417881012,
            0.020782817155122757,
            0.020038411021232605,
            0.017934488132596016
        ],