{
    "name": "trial_80",
    "start_time": "2024-10-27 12:53:49.697",
    "duration": "0:05:46.228",
    "directory": "/home/krakerlu/github/ImageMLResearch/demo/chihuahua_vs_muffin/experiments/experiment_04/output/trial_80",
    "hyperparameters": {
        "normalization": "standard",
        "batch_size": 128,
        "learning_rate": 5.8828252205874735e-05
    },
    "figures": {
        "training_history": "/home/krakerlu/github/ImageMLResearch/demo/chihuahua_vs_muffin/experiments/experiment_04/output/trial_80/training_history.png"
    },
    "evaluation_metrics": {
        "train": {
            "accuracy": 0.9634771943092346,
            "precision": 0.9634771943092346,
            "recall": 0.9634771943092346,
            "f1": 0.9634771443092371,
            "classification_report": {
                "chihuahua": {
                    "precision": 0.9548369855692144,
                    "recall": 0.9799780581459133,
                    "f1-score": 0.9672441797509475,
                    "support": 3646
                },
                "muffin": {
                    "precision": 0.9746879334257975,
                    "recall": 0.9432885906040268,
                    "f1-score": 0.958731241473397,
                    "support": 2980
                },
                "micro avg": {
                    "precision": 0.9634772109870209,
                    "recall": 0.9634772109870209,
                    "f1-score": 0.9634772109870209,
                    "support": 6626
                },
                "macro avg": {
                    "precision": 0.9647624594975059,
                    "recall": 0.9616333243749701,
                    "f1-score": 0.9629877106121723,
                    "support": 6626
                },
                "weighted avg": {
                    "precision": 0.9637648190453112,
                    "recall": 0.9634772109870209,
                    "f1-score": 0.9634155416484572,
                    "support": 6626
                },
                "samples avg": {
                    "precision": 0.9634772109870209,
                    "recall": 0.9634772109870209,
                    "f1-score": 0.9634772109870209,
                    "support": 6626
                }
            }
        },
        "val": {
            "accuracy": 0.866008460521698,
            "precision": 0.866008460521698,
            "recall": 0.866008460521698,
            "f1": 0.8660084105217009,
            "classification_report": {
                "chihuahua": {
                    "precision": 0.9377049180327869,
                    "recall": 0.7900552486187845,
                    "f1-score": 0.8575712143928036,
                    "support": 362
                },
                "muffin": {
                    "precision": 0.8118811881188119,
                    "recall": 0.9452449567723343,
                    "f1-score": 0.8735019973368842,
                    "support": 347
                },
                "micro avg": {
                    "precision": 0.8660084626234132,
                    "recall": 0.8660084626234132,
                    "f1-score": 0.8660084626234132,
                    "support": 709
                },
                "macro avg": {
                    "precision": 0.8747930530757995,
                    "recall": 0.8676501026955594,
                    "f1-score": 0.8655366058648439,
                    "support": 709
                },
                "weighted avg": {
                    "precision": 0.8761240516291913,
                    "recall": 0.8660084626234132,
                    "f1-score": 0.8653680855939262,
                    "support": 709
                },
                "samples avg": {
                    "precision": 0.8660084626234132,
                    "recall": 0.8660084626234132,
                    "f1-score": 0.8660084626234132,
                    "support": 709
                }
            }
        },
        "test": {
            "accuracy": 0.8565400838851929,
            "precision": 0.8565400838851929,
            "recall": 0.8565400838851929,
            "f1": 0.8565400338851957,
            "classification_report": {
                "chihuahua": {
                    "precision": 0.9121212121212121,
                    "recall": 0.8048128342245989,
                    "f1-score": 0.8551136363636364,
                    "support": 374
                },
                "muffin": {
                    "precision": 0.8083989501312336,
                    "recall": 0.913946587537092,
                    "f1-score": 0.8579387186629527,
                    "support": 337
                },
                "micro avg": {
                    "precision": 0.8565400843881856,
                    "recall": 0.8565400843881856,
                    "f1-score": 0.8565400843881856,
                    "support": 711
                },
                "macro avg": {
                    "precision": 0.8602600811262229,
                    "recall": 0.8593797108808454,
                    "f1-score": 0.8565261775132945,
                    "support": 711
                },
                "weighted avg": {
                    "precision": 0.8629589022891127,
                    "recall": 0.8565400843881856,
                    "f1-score": 0.8564526697460128,
                    "support": 711
                },
                "samples avg": {
                    "precision": 0.8565400843881856,
                    "recall": 0.8565400843881856,
                    "f1-score": 0.8565400843881856,
                    "support": 711
                }
            }
        }
    },
    "training_history": {
        "accuracy": [
            0.684123158454895,
            0.769544243812561,
            0.798822820186615,
            0.8270449638366699,
            0.8510413765907288,
            0.8782070875167847,
            0.8883187174797058,
            0.8942046761512756,
            0.8982794880867004,
            0.9144279956817627,
            0.9168427586555481,
            0.9286145567893982,
            0.9345004558563232,
            0.9428010582923889,
            0.9486870169639587
        ],
        "loss": [
            0.5859854221343994,
            0.48747602105140686,
            0.44657859206199646,
            0.390787810087204,
            0.3430008888244629,
            0.30295470356941223,
            0.27812087535858154,
            0.26114875078201294,
            0.2506569027900696,
            0.21839192509651184,
            0.20801296830177307,
            0.18684695661067963,
            0.17682895064353943,
            0.1563517451286316,
            0.13918569684028625
        ],
        "val_accuracy": [
            0.7926657199859619,
            0.8152326941490173,
            0.8095909953117371,
            0.8377997279167175,
            0.8236953616142273,
            0.8406205773353577,
            0.8321579694747925,
            0.8110014200210571,
            0.8533145189285278,
            0.8279266357421875,
            0.8434414863586426,
            0.8462623357772827,
            0.8674188852310181,
            0.875881552696228,
            0.866008460521698
        ],
        "val_loss": [
            0.4841899871826172,
            0.4190002381801605,
            0.41764703392982483,
            0.36403965950012207,
            0.4181099236011505,
            0.3697865605354309,
            0.39549675583839417,
            0.43611806631088257,
            0.337387353181839,
            0.39408743381500244,
            0.34425440430641174,
            0.3547864854335785,
            0.31105175614356995,
            0.3336818218231201,
            0.3348536193370819
        ]
    }
}