{
    "name": "trial_76",
    "start_time": "2024-10-23 08:50:41.931",
    "duration": "21.042",
    "directory": "/home/krakerlu/github/ImageMLResearch/demo/chihuahua_vs_muffin/experiments/experiment_05/output/trial_76",
    "hyperparameters": {
        "dense_units": 512,
        "dropout_rate": 0.345841062578444,
        "learning_rate": 3.0282110791216976e-05
    },
    "figures": {
        "model_summary": "/home/krakerlu/github/ImageMLResearch/demo/chihuahua_vs_muffin/experiments/experiment_05/output/trial_76/model_summary.png",
        "confusion_matrix": "/home/krakerlu/github/ImageMLResearch/demo/chihuahua_vs_muffin/experiments/experiment_05/output/trial_76/confusion_matrix.png",
        "training_history": "/home/krakerlu/github/ImageMLResearch/demo/chihuahua_vs_muffin/experiments/experiment_05/output/trial_76/training_history.png"
    },
    "evaluation_metrics": {
        "train": {
            "accuracy": 0.9996874928474426,
            "precision": 0.9996874928474426,
            "recall": 0.9996874928474426,
            "f1": 0.9996874428474452,
            "classification_report": {
                "chihuahua": {
                    "precision": 1.0,
                    "recall": 0.9994314951677089,
                    "f1-score": 0.9997156667614444,
                    "support": 1759
                },
                "muffin": {
                    "precision": 0.9993065187239945,
                    "recall": 1.0,
                    "f1-score": 0.9996531390912244,
                    "support": 1441
                },
                "micro avg": {
                    "precision": 0.9996875,
                    "recall": 0.9996875,
                    "f1-score": 0.9996875,
                    "support": 3200
                },
                "macro avg": {
                    "precision": 0.9996532593619972,
                    "recall": 0.9997157475838545,
                    "f1-score": 0.9996844029263344,
                    "support": 3200
                },
                "weighted avg": {
                    "precision": 0.9996877167128987,
                    "recall": 0.9996875,
                    "f1-score": 0.9996875097699484,
                    "support": 3200
                },
                "samples avg": {
                    "precision": 0.9996875,
                    "recall": 0.9996875,
                    "f1-score": 0.9996875,
                    "support": 3200
                }
            }
        },
        "val": {
            "accuracy": 0.989062488079071,
            "precision": 0.989062488079071,
            "recall": 0.989062488079071,
            "f1": 0.9890624380790736,
            "classification_report": {
                "chihuahua": {
                    "precision": 0.9906832298136646,
                    "recall": 0.9876160990712074,
                    "f1-score": 0.9891472868217054,
                    "support": 323
                },
                "muffin": {
                    "precision": 0.9874213836477987,
                    "recall": 0.9905362776025236,
                    "f1-score": 0.988976377952756,
                    "support": 317
                },
                "micro avg": {
                    "precision": 0.9890625,
                    "recall": 0.9890625,
                    "f1-score": 0.9890625,
                    "support": 640
                },
                "macro avg": {
                    "precision": 0.9890523067307317,
                    "recall": 0.9890761883368655,
                    "f1-score": 0.9890618323872307,
                    "support": 640
                },
                "weighted avg": {
                    "precision": 0.9890675966346342,
                    "recall": 0.9890625,
                    "f1-score": 0.9890626335225537,
                    "support": 640
                },
                "samples avg": {
                    "precision": 0.9890625,
                    "recall": 0.9890625,
                    "f1-score": 0.9890625,
                    "support": 640
                }
            }
        },
        "test": {
            "accuracy": 0.9876819849014282,
            "precision": 0.9876819849014282,
            "recall": 0.9876819849014282,
            "f1": 0.9876819349014307,
            "classification_report": {
                "chihuahua": {
                    "precision": 0.9894957983193278,
                    "recall": 0.9874213836477987,
                    "f1-score": 0.9884575026232949,
                    "support": 477
                },
                "muffin": {
                    "precision": 0.9856115107913669,
                    "recall": 0.9879807692307693,
                    "f1-score": 0.9867947178871549,
                    "support": 416
                },
                "micro avg": {
                    "precision": 0.9876819708846585,
                    "recall": 0.9876819708846585,
                    "f1-score": 0.9876819708846585,
                    "support": 893
                },
                "macro avg": {
                    "precision": 0.9875536545553474,
                    "recall": 0.987701076439284,
                    "f1-score": 0.9876261102552248,
                    "support": 893
                },
                "weighted avg": {
                    "precision": 0.9876863205907368,
                    "recall": 0.9876819708846585,
                    "f1-score": 0.9876829018951491,
                    "support": 893
                },
                "samples avg": {
                    "precision": 0.9876819708846585,
                    "recall": 0.9876819708846585,
                    "f1-score": 0.9876819708846585,
                    "support": 893
                }
            }
        }
    },
    "training_history": {
        "accuracy": [
            0.7646874785423279,
            0.9318749904632568,
            0.9556249976158142,
            0.9696875214576721,
            0.9753124713897705,
            0.9806249737739563,
            0.9781249761581421,
            0.9859374761581421,
            0.9853125214576721,
            0.9859374761581421,
            0.989062488079071,
            0.9893749952316284,
            0.9906250238418579,
            0.9900000095367432,
            0.9906250238418579,
            0.9921875,
            0.9937499761581421,
            0.9943749904632568,
            0.9921875,
            0.995312511920929,
            0.9943749904632568,
            0.9959375262260437,
            0.995312511920929,
            0.9959375262260437,
            0.995312511920929
        ],
        "loss": [
            0.5107775926589966,
            0.19280515611171722,
            0.12591640651226044,
            0.09163489937782288,
            0.08008749037981033,
            0.06633449345827103,
            0.06183870881795883,
            0.04746271297335625,
            0.048054829239845276,
            0.04274126514792442,
            0.037912528961896896,
            0.033904463052749634,
            0.029457898810505867,
            0.03046872653067112,
            0.02763918600976467,
            0.026603300124406815,
            0.023276202380657196,
            0.021840928122401237,
            0.023405855521559715,
            0.01851021684706211,
            0.018968995660543442,
            0.016706345602869987,
            0.016078805550932884,
            0.01651214435696602,
            0.015181643888354301
        ],