{
    "name": "trial_24",
    "start_time": "2024-10-20 11:48:20.166",
    "duration": "25.119",
    "directory": "/home/krakerlu/github/ImageMLResearch/demo/chihuahua_vs_muffin/experiments/experiment_03/output/trial_24",
    "hyperparameters": {
        "units1": 128,
        "kernel_size1": 3,
        "units2": 64,
        "kernel_size2": 3,
        "dense_units": 256,
        "dropout_rate": 0.07928769039582001,
        "learning_rate": 4.088736404840006e-05
    },
    "figures": {
        "model_summary": "/home/krakerlu/github/ImageMLResearch/demo/chihuahua_vs_muffin/experiments/experiment_03/output/trial_24/model_summary.png",
        "confusion_matrix": "/home/krakerlu/github/ImageMLResearch/demo/chihuahua_vs_muffin/experiments/experiment_03/output/trial_24/confusion_matrix.png",
        "training_history": "/home/krakerlu/github/ImageMLResearch/demo/chihuahua_vs_muffin/experiments/experiment_03/output/trial_24/training_history.png"
    },
    "evaluation_metrics": {
        "train": {
            "accuracy": 0.9315624833106995,
            "precision": 0.9315624833106995,
            "recall": 0.9315624833106995,
            "f1": 0.9315624333107021,
            "classification_report": {
                "chihuahua": {
                    "precision": 0.9583333333333334,
                    "recall": 0.9152927799886299,
                    "f1-score": 0.9363186972957255,
                    "support": 1759
                },
                "muffin": {
                    "precision": 0.9019736842105263,
                    "recall": 0.9514226231783484,
                    "f1-score": 0.9260385005065856,
                    "support": 1441
                },
                "micro avg": {
                    "precision": 0.9315625,
                    "recall": 0.9315625,
                    "f1-score": 0.9315625,
                    "support": 3200
                },
                "macro avg": {
                    "precision": 0.9301535087719298,
                    "recall": 0.9333577015834891,
                    "f1-score": 0.9311785989011556,
                    "support": 3200
                },
                "weighted avg": {
                    "precision": 0.9329538788377192,
                    "recall": 0.9315625,
                    "f1-score": 0.9316893961791161,
                    "support": 3200
                },
                "samples avg": {
                    "precision": 0.9315625,
                    "recall": 0.9315625,
                    "f1-score": 0.9315625,
                    "support": 3200
                }
            }
        },
        "val": {
            "accuracy": 0.8984375,
            "precision": 0.8984375,
            "recall": 0.8984375,
            "f1": 0.8984374500000027,
            "classification_report": {
                "chihuahua": {
                    "precision": 0.9082278481012658,
                    "recall": 0.8885448916408669,
                    "f1-score": 0.8982785602503912,
                    "support": 323
                },
                "muffin": {
                    "precision": 0.8888888888888888,
                    "recall": 0.9085173501577287,
                    "f1-score": 0.8985959438377535,
                    "support": 317
                },
                "micro avg": {
                    "precision": 0.8984375,
                    "recall": 0.8984375,
                    "f1-score": 0.8984375,
                    "support": 640
                },
                "macro avg": {
                    "precision": 0.8985583684950773,
                    "recall": 0.8985311208992979,
                    "f1-score": 0.8984372520440724,
                    "support": 640
                },
                "weighted avg": {
                    "precision": 0.8986490198663853,
                    "recall": 0.8984375,
                    "f1-score": 0.8984357643085066,
                    "support": 640
                },
                "samples avg": {
                    "precision": 0.8984375,
                    "recall": 0.8984375,
                    "f1-score": 0.8984375,
                    "support": 640
                }
            }
        },
        "test": {
            "accuracy": 0.8880178928375244,
            "precision": 0.8880178928375244,
            "recall": 0.8880178928375244,
            "f1": 0.8880178428375272,
            "classification_report": {
                "chihuahua": {
                    "precision": 0.9071274298056156,
                    "recall": 0.8805031446540881,
                    "f1-score": 0.8936170212765957,
                    "support": 477
                },
                "muffin": {
                    "precision": 0.8674418604651163,
                    "recall": 0.8966346153846154,
                    "f1-score": 0.8817966903073287,
                    "support": 416
                },
                "micro avg": {
                    "precision": 0.8880179171332587,
                    "recall": 0.8880179171332587,
                    "f1-score": 0.8880179171332587,
                    "support": 893
                },
                "macro avg": {
                    "precision": 0.887284645135366,
                    "recall": 0.8885688800193517,
                    "f1-score": 0.8877068557919622,
                    "support": 893
                },
                "weighted avg": {
                    "precision": 0.8886400873132888,
                    "recall": 0.8880179171332587,
                    "f1-score": 0.8881105737030066,
                    "support": 893
                },
                "samples avg": {
                    "precision": 0.8880179171332587,
                    "recall": 0.8880179171332587,
                    "f1-score": 0.8880179171332587,
                    "support": 893
                }
            }
        }
    },
    "training_history": {
        "accuracy": [
            0.606249988079071,
            0.7262499928474426,
            0.7771875262260437,
            0.809374988079071,
            0.8174999952316284,
            0.831250011920929,
            0.8496875166893005,
            0.8528125286102295,
            0.8565624952316284,
            0.8631250262260437,
            0.8734375238418579,
            0.878125011920929,
            0.8806250095367432,
            0.8887500166893005,
            0.8909375071525574,
            0.8949999809265137,
            0.9003124833106995,
            0.9068750143051147,
            0.9053124785423279,
            0.9100000262260437,
            0.9125000238418579,
            0.9175000190734863,
            0.9215624928474426,
            0.9287499785423279,
            0.9309375286102295
        ],
        "loss": [
            0.6640505194664001,
            0.5766937732696533,
            0.489721417427063,
            0.440423846244812,
            0.41307663917541504,
            0.3917709290981293,
            0.3670773208141327,
            0.35439422726631165,
            0.3420861065387726,
            0.33234474062919617,
            0.3196622133255005,
            0.30621349811553955,
            0.29446977376937866,
            0.28892287611961365,
            0.2783927619457245,
            0.2672053575515747,
            0.2565498650074005,
            0.2437121421098709,
            0.23837019503116608,
            0.22920899093151093,
            0.2268693894147873,
            0.21121147274971008,
            0.20298554003238678,
            0.19326552748680115,
            0.187911257147789
        ],