{
    "name": "trial_56",
    "start_time": "2024-10-20 12:05:07.997",
    "duration": "33.409",
    "directory": "/home/krakerlu/github/ImageMLResearch/demo/chihuahua_vs_muffin/experiments/experiment_03/output/trial_56",
    "hyperparameters": {
        "units1": 128,
        "kernel_size1": 3,
        "units2": 64,
        "kernel_size2": 7,
        "dense_units": 512,
        "dropout_rate": 0.15939983644441566,
        "learning_rate": 7.638535387067337e-05
    },
    "figures": {
        "model_summary": "/home/krakerlu/github/ImageMLResearch/demo/chihuahua_vs_muffin/experiments/experiment_03/output/trial_56/model_summary.png",
        "confusion_matrix": "/home/krakerlu/github/ImageMLResearch/demo/chihuahua_vs_muffin/experiments/experiment_03/output/trial_56/confusion_matrix.png",
        "training_history": "/home/krakerlu/github/ImageMLResearch/demo/chihuahua_vs_muffin/experiments/experiment_03/output/trial_56/training_history.png"
    },
    "evaluation_metrics": {
        "train": {
            "accuracy": 0.9793750047683716,
            "precision": 0.9793750047683716,
            "recall": 0.9793750047683716,
            "f1": 0.9793749547683741,
            "classification_report": {
                "chihuahua": {
                    "precision": 0.9763646595385481,
                    "recall": 0.9863558840250142,
                    "f1-score": 0.9813348416289592,
                    "support": 1759
                },
                "muffin": {
                    "precision": 0.983134223471539,
                    "recall": 0.970853573907009,
                    "f1-score": 0.9769553072625698,
                    "support": 1441
                },
                "micro avg": {
                    "precision": 0.979375,
                    "recall": 0.979375,
                    "f1-score": 0.979375,
                    "support": 3200
                },
                "macro avg": {
                    "precision": 0.9797494415050436,
                    "recall": 0.9786047289660116,
                    "f1-score": 0.9791450744457646,
                    "support": 3200
                },
                "weighted avg": {
                    "precision": 0.979413078797123,
                    "recall": 0.979375,
                    "f1-score": 0.9793626825595945,
                    "support": 3200
                },
                "samples avg": {
                    "precision": 0.979375,
                    "recall": 0.979375,
                    "f1-score": 0.979375,
                    "support": 3200
                }
            }
        },
        "val": {
            "accuracy": 0.893750011920929,
            "precision": 0.893750011920929,
            "recall": 0.893750011920929,
            "f1": 0.8937499619209317,
            "classification_report": {
                "chihuahua": {
                    "precision": 0.8828828828828829,
                    "recall": 0.9102167182662538,
                    "f1-score": 0.8963414634146342,
                    "support": 323
                },
                "muffin": {
                    "precision": 0.9055374592833876,
                    "recall": 0.8769716088328076,
                    "f1-score": 0.8910256410256411,
                    "support": 317
                },
                "micro avg": {
                    "precision": 0.89375,
                    "recall": 0.89375,
                    "f1-score": 0.89375,
                    "support": 640
                },
                "macro avg": {
                    "precision": 0.8942101710831352,
                    "recall": 0.8935941635495307,
                    "f1-score": 0.8936835522201376,
                    "support": 640
                },
                "weighted avg": {
                    "precision": 0.8941039777562579,
                    "recall": 0.89375,
                    "f1-score": 0.8937084701375859,
                    "support": 640
                },
                "samples avg": {
                    "precision": 0.89375,
                    "recall": 0.89375,
                    "f1-score": 0.89375,
                    "support": 640
                }
            }
        },
        "test": {
            "accuracy": 0.9036954045295715,
            "precision": 0.9036954045295715,
            "recall": 0.9036954045295715,
            "f1": 0.9036953545295743,
            "classification_report": {
                "chihuahua": {
                    "precision": 0.8981670061099797,
                    "recall": 0.9245283018867925,
                    "f1-score": 0.9111570247933884,
                    "support": 477
                },
                "muffin": {
                    "precision": 0.9104477611940298,
                    "recall": 0.8798076923076923,
                    "f1-score": 0.8948655256723717,
                    "support": 416
                },
                "micro avg": {
                    "precision": 0.9036954087346024,
                    "recall": 0.9036954087346024,
                    "f1-score": 0.9036954087346024,
                    "support": 893
                },
                "macro avg": {
                    "precision": 0.9043073836520048,
                    "recall": 0.9021679970972424,
                    "f1-score": 0.90301127523288,
                    "support": 893
                },
                "weighted avg": {
                    "precision": 0.9038879401692909,
                    "recall": 0.9036954087346024,
                    "f1-score": 0.9035677038142809,
                    "support": 893
                },
                "samples avg": {
                    "precision": 0.9036954087346024,
                    "recall": 0.9036954087346024,
                    "f1-score": 0.9036954087346024,
                    "support": 893
                }
            }
        }
    },
    "training_history": {
        "accuracy": [
            0.6584374904632568,
            0.7724999785423279,
            0.8059375286102295,
            0.8143749833106995,
            0.8453124761581421,
            0.8578125238418579,
            0.8603125214576721,
            0.8728125095367432,
            0.8799999952316284,
            0.8856250047683716,
            0.9018750190734863,
            0.9034374952316284,
            0.910937488079071,
            0.9146875143051147,
            0.918749988079071,
            0.9196875095367432,
            0.9168750047683716,
            0.9271875023841858,
            0.9350000023841858,
            0.9440624713897705,
            0.9537500143051147,
            0.9574999809265137,
            0.9559375047683716,
            0.9546874761581421,
            0.9453125
        ],
        "loss": [
            0.6162136197090149,
            0.48832687735557556,
            0.4330802857875824,
            0.3998895287513733,
            0.3592034876346588,
            0.332534521818161,
            0.31936895847320557,
            0.30639907717704773,
            0.28509482741355896,
            0.28462672233581543,
            0.2531052827835083,
            0.23214387893676758,
            0.22394318878650665,
            0.2095194309949875,
            0.20079557597637177,
            0.2027512788772583,
            0.2154342234134674,
            0.1914941370487213,
            0.17100809514522552,
            0.15096908807754517,
            0.1345016360282898,
            0.12189506739377975,
            0.1185552179813385,
            0.12045492976903915,
            0.13399623334407806
        ],