{
    "name": "trial_26",
    "start_time": "2024-10-20 11:49:11.761",
    "duration": "26.168",
    "directory": "/home/krakerlu/github/ImageMLResearch/demo/chihuahua_vs_muffin/experiments/experiment_03/output/trial_26",
    "hyperparameters": {
        "units1": 128,
        "kernel_size1": 5,
        "units2": 64,
        "kernel_size2": 3,
        "dense_units": 128,
        "dropout_rate": 0.11776526252462811,
        "learning_rate": 5.079774681443778e-05
    },
    "figures": {
        "model_summary": "/home/krakerlu/github/ImageMLResearch/demo/chihuahua_vs_muffin/experiments/experiment_03/output/trial_26/model_summary.png",
        "confusion_matrix": "/home/krakerlu/github/ImageMLResearch/demo/chihuahua_vs_muffin/experiments/experiment_03/output/trial_26/confusion_matrix.png",
        "training_history": "/home/krakerlu/github/ImageMLResearch/demo/chihuahua_vs_muffin/experiments/experiment_03/output/trial_26/training_history.png"
    },
    "evaluation_metrics": {
        "train": {
            "accuracy": 0.9356250166893005,
            "precision": 0.9356250166893005,
            "recall": 0.9356250166893005,
            "f1": 0.9356249666893032,
            "classification_report": {
                "chihuahua": {
                    "precision": 0.9301939058171745,
                    "recall": 0.9545196134167141,
                    "f1-score": 0.9421997755331089,
                    "support": 1759
                },
                "muffin": {
                    "precision": 0.942652329749104,
                    "recall": 0.9125607217210271,
                    "f1-score": 0.9273624823695346,
                    "support": 1441
                },
                "micro avg": {
                    "precision": 0.935625,
                    "recall": 0.935625,
                    "f1-score": 0.935625,
                    "support": 3200
                },
                "macro avg": {
                    "precision": 0.9364231177831392,
                    "recall": 0.9335401675688706,
                    "f1-score": 0.9347811289513217,
                    "support": 3200
                },
                "weighted avg": {
                    "precision": 0.9358040898440215,
                    "recall": 0.935625,
                    "f1-score": 0.9355183569553869,
                    "support": 3200
                },
                "samples avg": {
                    "precision": 0.935625,
                    "recall": 0.935625,
                    "f1-score": 0.935625,
                    "support": 3200
                }
            }
        },
        "val": {
            "accuracy": 0.8984375,
            "precision": 0.8984375,
            "recall": 0.8984375,
            "f1": 0.8984374500000027,
            "classification_report": {
                "chihuahua": {
                    "precision": 0.8839285714285714,
                    "recall": 0.9195046439628483,
                    "f1-score": 0.9013657056145675,
                    "support": 323
                },
                "muffin": {
                    "precision": 0.9144736842105263,
                    "recall": 0.8769716088328076,
                    "f1-score": 0.895330112721417,
                    "support": 317
                },
                "micro avg": {
                    "precision": 0.8984375,
                    "recall": 0.8984375,
                    "f1-score": 0.8984375,
                    "support": 640
                },
                "macro avg": {
                    "precision": 0.8992011278195489,
                    "recall": 0.8982381263978279,
                    "f1-score": 0.8983479091679922,
                    "support": 640
                },
                "weighted avg": {
                    "precision": 0.8990579476033833,
                    "recall": 0.8984375,
                    "f1-score": 0.898376201009679,
                    "support": 640
                },
                "samples avg": {
                    "precision": 0.8984375,
                    "recall": 0.8984375,
                    "f1-score": 0.8984375,
                    "support": 640
                }
            }
        },
        "test": {
            "accuracy": 0.8857782483100891,
            "precision": 0.8857782483100891,
            "recall": 0.8857782483100891,
            "f1": 0.8857781983100919,
            "classification_report": {
                "chihuahua": {
                    "precision": 0.874251497005988,
                    "recall": 0.9182389937106918,
                    "f1-score": 0.8957055214723927,
                    "support": 477
                },
                "muffin": {
                    "precision": 0.9005102040816326,
                    "recall": 0.8485576923076923,
                    "f1-score": 0.8737623762376238,
                    "support": 416
                },
                "micro avg": {
                    "precision": 0.8857782754759238,
                    "recall": 0.8857782754759238,
                    "f1-score": 0.8857782754759238,
                    "support": 893
                },
                "macro avg": {
                    "precision": 0.8873808505438103,
                    "recall": 0.8833983430091921,
                    "f1-score": 0.8847339488550082,
                    "support": 893
                },
                "weighted avg": {
                    "precision": 0.8864839966067362,
                    "recall": 0.8857782754759238,
                    "f1-score": 0.8854834067829594,
                    "support": 893
                },
                "samples avg": {
                    "precision": 0.8857782754759238,
                    "recall": 0.8857782754759238,
                    "f1-score": 0.8857782754759238,
                    "support": 893
                }
            }
        }
    },
    "training_history": {
        "accuracy": [
            0.6178125143051147,
            0.7121875286102295,
            0.768750011920929,
            0.7940624952316284,
            0.8178125023841858,
            0.8318750262260437,
            0.8475000262260437,
            0.8521875143051147,
            0.8571875095367432,
            0.8671875,
            0.8778125047683716,
            0.8821874856948853,
            0.8849999904632568,
            0.8921874761581421,
            0.9028124809265137,
            0.8978124856948853,
            0.8968750238418579,
            0.9043750166893005,
            0.9112499952316284,
            0.9140625,
            0.9121875166893005,
            0.921875,
            0.9240624904632568,
            0.9262499809265137,
            0.9259374737739563
        ],
        "loss": [
            0.6655411720275879,
            0.5784012675285339,
            0.5078070759773254,
            0.4634470045566559,
            0.42965811491012573,
            0.3987347483634949,
            0.3686261475086212,
            0.3454256057739258,
            0.33232635259628296,
            0.3133092224597931,
            0.3023364543914795,
            0.2923319935798645,
            0.2807607650756836,
            0.2687474191188812,
            0.2573297619819641,
            0.2538221478462219,
            0.2555811405181885,
            0.24073274433612823,
            0.2298222780227661,
            0.22322900593280792,
            0.21650977432727814,
            0.21060341596603394,
            0.2043164074420929,
            0.19654472172260284,
            0.19283996522426605
        ],