{
    "name": "trial_47",
    "start_time": "2024-10-20 11:59:53.406",
    "duration": "33.485",
    "directory": "/home/krakerlu/github/ImageMLResearch/demo/chihuahua_vs_muffin/experiments/experiment_03/output/trial_47",
    "hyperparameters": {
        "units1": 128,
        "kernel_size1": 3,
        "units2": 64,
        "kernel_size2": 7,
        "dense_units": 256,
        "dropout_rate": 0.1589911801054894,
        "learning_rate": 0.00010751180233446253
    },
    "figures": {
        "model_summary": "/home/krakerlu/github/ImageMLResearch/demo/chihuahua_vs_muffin/experiments/experiment_03/output/trial_47/model_summary.png",
        "confusion_matrix": "/home/krakerlu/github/ImageMLResearch/demo/chihuahua_vs_muffin/experiments/experiment_03/output/trial_47/confusion_matrix.png",
        "training_history": "/home/krakerlu/github/ImageMLResearch/demo/chihuahua_vs_muffin/experiments/experiment_03/output/trial_47/training_history.png"
    },
    "evaluation_metrics": {
        "train": {
            "accuracy": 0.981249988079071,
            "precision": 0.981249988079071,
            "recall": 0.981249988079071,
            "f1": 0.9812499380790736,
            "classification_report": {
                "chihuahua": {
                    "precision": 0.9769792251544076,
                    "recall": 0.9891984081864695,
                    "f1-score": 0.9830508474576272,
                    "support": 1759
                },
                "muffin": {
                    "precision": 0.9866102889358703,
                    "recall": 0.9715475364330326,
                    "f1-score": 0.9790209790209791,
                    "support": 1441
                },
                "micro avg": {
                    "precision": 0.98125,
                    "recall": 0.98125,
                    "f1-score": 0.98125,
                    "support": 3200
                },
                "macro avg": {
                    "precision": 0.981794757045139,
                    "recall": 0.9803729723097511,
                    "f1-score": 0.9810359132393032,
                    "support": 3200
                },
                "weighted avg": {
                    "precision": 0.9813162135634975,
                    "recall": 0.98125,
                    "f1-score": 0.9812361473272492,
                    "support": 3200
                },
                "samples avg": {
                    "precision": 0.98125,
                    "recall": 0.98125,
                    "f1-score": 0.98125,
                    "support": 3200
                }
            }
        },
        "val": {
            "accuracy": 0.901562511920929,
            "precision": 0.901562511920929,
            "recall": 0.901562511920929,
            "f1": 0.9015624619209317,
            "classification_report": {
                "chihuahua": {
                    "precision": 0.8869047619047619,
                    "recall": 0.9226006191950464,
                    "f1-score": 0.9044006069802731,
                    "support": 323
                },
                "muffin": {
                    "precision": 0.9177631578947368,
                    "recall": 0.8801261829652997,
                    "f1-score": 0.8985507246376812,
                    "support": 317
                },
                "micro avg": {
                    "precision": 0.9015625,
                    "recall": 0.9015625,
                    "f1-score": 0.9015625,
                    "support": 640
                },
                "macro avg": {
                    "precision": 0.9023339598997493,
                    "recall": 0.901363401080173,
                    "f1-score": 0.9014756658089771,
                    "support": 640
                },
                "weighted avg": {
                    "precision": 0.9021893111685463,
                    "recall": 0.9015625,
                    "f1-score": 0.901503087132458,
                    "support": 640
                },
                "samples avg": {
                    "precision": 0.9015625,
                    "recall": 0.9015625,
                    "f1-score": 0.9015625,
                    "support": 640
                }
            }
        },
        "test": {
            "accuracy": 0.8980963230133057,
            "precision": 0.8980963230133057,
            "recall": 0.8980963230133057,
            "f1": 0.8980962730133084,
            "classification_report": {
                "chihuahua": {
                    "precision": 0.8906882591093117,
                    "recall": 0.9224318658280922,
                    "f1-score": 0.9062821833161689,
                    "support": 477
                },
                "muffin": {
                    "precision": 0.9072681704260651,
                    "recall": 0.8701923076923077,
                    "f1-score": 0.8883435582822086,
                    "support": 416
                },
                "micro avg": {
                    "precision": 0.8980963045912654,
                    "recall": 0.8980963045912654,
                    "f1-score": 0.8980963045912654,
                    "support": 893
                },
                "macro avg": {
                    "precision": 0.8989782147676884,
                    "recall": 0.8963120867601999,
                    "f1-score": 0.8973128707991888,
                    "support": 893
                },
                "weighted avg": {
                    "precision": 0.8984119356017747,
                    "recall": 0.8980963045912654,
                    "f1-score": 0.8979255562006846,
                    "support": 893
                },
                "samples avg": {
                    "precision": 0.8980963045912654,
                    "recall": 0.8980963045912654,
                    "f1-score": 0.8980963045912654,
                    "support": 893
                }
            }
        }
    },
    "training_history": {
        "accuracy": [
            0.6443750262260437,
            0.7749999761581421,
            0.8084375262260437,
            0.8359375,
            0.848437488079071,
            0.859375,
            0.8709375262260437,
            0.8743749856948853,
            0.8909375071525574,
            0.895312488079071,
            0.893750011920929,
            0.9068750143051147,
            0.9143750071525574,
            0.9212499856948853,
            0.9234374761581421,
            0.9300000071525574,
            0.9371874928474426,
            0.9437500238418579,
            0.9478124976158142,
            0.9493749737739563,
            0.9081249833106995,
            0.9196875095367432,
            0.9415624737739563,
            0.9599999785423279,
            0.9662500023841858
        ],
        "loss": [
            0.6164258718490601,
            0.48214489221572876,
            0.42488235235214233,
            0.37750044465065,
            0.3594503700733185,
            0.33179596066474915,
            0.311888724565506,
            0.30264392495155334,
            0.2678488492965698,
            0.2529606819152832,
            0.2536547780036926,
            0.23268045485019684,
            0.2181682586669922,
            0.20244358479976654,
            0.18685311079025269,
            0.17906644940376282,
            0.17082813382148743,
            0.14834630489349365,
            0.1379597932100296,
            0.13353125751018524,
            0.20746727287769318,
            0.1966683566570282,
            0.1546318680047989,
            0.12487722188234329,
            0.10325020551681519
        ],