{
    "name": "trial_98",
    "start_time": "2024-10-20 12:27:34.415",
    "duration": "27.675",
    "directory": "/home/krakerlu/github/ImageMLResearch/demo/chihuahua_vs_muffin/experiments/experiment_03/output/trial_98",
    "hyperparameters": {
        "units1": 128,
        "kernel_size1": 3,
        "units2": 32,
        "kernel_size2": 7,
        "dense_units": 128,
        "dropout_rate": 0.23012775429620427,
        "learning_rate": 3.9507636445541945e-05
    },
    "figures": {
        "model_summary": "/home/krakerlu/github/ImageMLResearch/demo/chihuahua_vs_muffin/experiments/experiment_03/output/trial_98/model_summary.png",
        "confusion_matrix": "/home/krakerlu/github/ImageMLResearch/demo/chihuahua_vs_muffin/experiments/experiment_03/output/trial_98/confusion_matrix.png",
        "training_history": "/home/krakerlu/github/ImageMLResearch/demo/chihuahua_vs_muffin/experiments/experiment_03/output/trial_98/training_history.png"
    },
    "evaluation_metrics": {
        "train": {
            "accuracy": 0.8903124928474426,
            "precision": 0.8903124928474426,
            "recall": 0.8903124928474426,
            "f1": 0.8903124428474454,
            "classification_report": {
                "chihuahua": {
                    "precision": 0.8584521384928717,
                    "recall": 0.9584991472427515,
                    "f1-score": 0.9057211925866236,
                    "support": 1759
                },
                "muffin": {
                    "precision": 0.9409385113268608,
                    "recall": 0.8070784177654406,
                    "f1-score": 0.8688830780724692,
                    "support": 1441
                },
                "micro avg": {
                    "precision": 0.8903125,
                    "recall": 0.8903125,
                    "f1-score": 0.8903125,
                    "support": 3200
                },
                "macro avg": {
                    "precision": 0.8996953249098663,
                    "recall": 0.8827887825040961,
                    "f1-score": 0.8873021353295465,
                    "support": 3200
                },
                "weighted avg": {
                    "precision": 0.8955967832596775,
                    "recall": 0.8903125,
                    "f1-score": 0.8891325291444684,
                    "support": 3200
                },
                "samples avg": {
                    "precision": 0.8903125,
                    "recall": 0.8903125,
                    "f1-score": 0.8903125,
                    "support": 3200
                }
            }
        },
        "val": {
            "accuracy": 0.862500011920929,
            "precision": 0.862500011920929,
            "recall": 0.862500011920929,
            "f1": 0.8624999619209318,
            "classification_report": {
                "chihuahua": {
                    "precision": 0.816711590296496,
                    "recall": 0.9380804953560371,
                    "f1-score": 0.8731988472622478,
                    "support": 323
                },
                "muffin": {
                    "precision": 0.9256505576208178,
                    "recall": 0.7854889589905363,
                    "f1-score": 0.8498293515358362,
                    "support": 317
                },
                "micro avg": {
                    "precision": 0.8625,
                    "recall": 0.8625,
                    "f1-score": 0.8625,
                    "support": 640
                },
                "macro avg": {
                    "precision": 0.871181073958657,
                    "recall": 0.8617847271732867,
                    "f1-score": 0.861514099399042,
                    "support": 640
                },
                "weighted avg": {
                    "precision": 0.870670422549324,
                    "recall": 0.8625,
                    "f1-score": 0.8616236439102597,
                    "support": 640
                },
                "samples avg": {
                    "precision": 0.8625,
                    "recall": 0.8625,
                    "f1-score": 0.8625,
                    "support": 640
                }
            }
        },
        "test": {
            "accuracy": 0.8779395222663879,
            "precision": 0.8779395222663879,
            "recall": 0.8779395222663879,
            "f1": 0.8779394722663908,
            "classification_report": {
                "chihuahua": {
                    "precision": 0.8420074349442379,
                    "recall": 0.949685534591195,
                    "f1-score": 0.8926108374384236,
                    "support": 477
                },
                "muffin": {
                    "precision": 0.9323943661971831,
                    "recall": 0.7956730769230769,
                    "f1-score": 0.8586251621271076,
                    "support": 416
                },
                "micro avg": {
                    "precision": 0.8779395296752519,
                    "recall": 0.8779395296752519,
                    "f1-score": 0.8779395296752519,
                    "support": 893
                },
                "macro avg": {
                    "precision": 0.8872009005707104,
                    "recall": 0.8726793057571359,
                    "f1-score": 0.8756179997827656,
                    "support": 893
                },
                "weighted avg": {
                    "precision": 0.8841137769388909,
                    "recall": 0.8779395296752519,
                    "f1-score": 0.8767787647290087,
                    "support": 893
                },
                "samples avg": {
                    "precision": 0.8779395296752519,
                    "recall": 0.8779395296752519,
                    "f1-score": 0.8779395296752519,
                    "support": 893
                }
            }
        }
    },
    "training_history": {
        "accuracy": [
            0.5571874976158142,
            0.6696875095367432,
            0.7315624952316284,
            0.7518749833106995,
            0.7712500095367432,
            0.7865625023841858,
            0.7971875071525574,
            0.8153125047683716,
            0.828125,
            0.8318750262260437,
            0.8421875238418579,
            0.8471875190734863,
            0.8496875166893005,
            0.8575000166893005,
            0.862500011920929,
            0.8590624928474426,
            0.8675000071525574,
            0.8684375286102295,
            0.8771874904632568,
            0.8734375238418579,
            0.8778125047683716,
            0.8815624713897705,
            0.8740624785423279,
            0.8821874856948853,
            0.8896874785423279
        ],
        "loss": [
            0.6820066571235657,
            0.6262650489807129,
            0.5411545038223267,
            0.5109977126121521,
            0.48749375343322754,
            0.45873451232910156,
            0.44317206740379333,
            0.4235397279262543,
            0.40622901916503906,
            0.38948145508766174,
            0.3754502236843109,
            0.36239132285118103,
            0.3623547852039337,
            0.352267861366272,
            0.3389095067977905,
            0.33031556010246277,
            0.32692432403564453,
            0.3137507736682892,
            0.3099159300327301,
            0.3065717816352844,
            0.3031184673309326,
            0.2985363006591797,
            0.30496636033058167,
            0.29938966035842896,
            0.27307868003845215
        ],