{
    "name": "trial_91",
    "start_time": "2024-10-20 12:23:45.176",
    "duration": "33.285",
    "directory": "/home/krakerlu/github/ImageMLResearch/demo/chihuahua_vs_muffin/experiments/experiment_03/output/trial_91",
    "hyperparameters": {
        "units1": 128,
        "kernel_size1": 3,
        "units2": 64,
        "kernel_size2": 7,
        "dense_units": 256,
        "dropout_rate": 0.06368166584210488,
        "learning_rate": 7.019192367553769e-05
    },
    "figures": {
        "model_summary": "/home/krakerlu/github/ImageMLResearch/demo/chihuahua_vs_muffin/experiments/experiment_03/output/trial_91/model_summary.png",
        "confusion_matrix": "/home/krakerlu/github/ImageMLResearch/demo/chihuahua_vs_muffin/experiments/experiment_03/output/trial_91/confusion_matrix.png",
        "training_history": "/home/krakerlu/github/ImageMLResearch/demo/chihuahua_vs_muffin/experiments/experiment_03/output/trial_91/training_history.png"
    },
    "evaluation_metrics": {
        "train": {
            "accuracy": 0.9237499833106995,
            "precision": 0.9237499833106995,
            "recall": 0.9237499833106995,
            "f1": 0.9237499333107021,
            "classification_report": {
                "chihuahua": {
                    "precision": 0.880080280983442,
                    "recall": 0.9971574758385446,
                    "f1-score": 0.9349680170575693,
                    "support": 1759
                },
                "muffin": {
                    "precision": 0.995857497928749,
                    "recall": 0.8341429562803608,
                    "f1-score": 0.9078549848942599,
                    "support": 1441
                },
                "micro avg": {
                    "precision": 0.92375,
                    "recall": 0.92375,
                    "f1-score": 0.92375,
                    "support": 3200
                },
                "macro avg": {
                    "precision": 0.9379688894560956,
                    "recall": 0.9156502160594527,
                    "f1-score": 0.9214115009759145,
                    "support": 3200
                },
                "weighted avg": {
                    "precision": 0.9322162089891256,
                    "recall": 0.92375,
                    "f1-score": 0.9227586797615289,
                    "support": 3200
                },
                "samples avg": {
                    "precision": 0.92375,
                    "recall": 0.92375,
                    "f1-score": 0.92375,
                    "support": 3200
                }
            }
        },
        "val": {
            "accuracy": 0.856249988079071,
            "precision": 0.856249988079071,
            "recall": 0.856249988079071,
            "f1": 0.8562499380790739,
            "classification_report": {
                "chihuahua": {
                    "precision": 0.7953964194373402,
                    "recall": 0.9628482972136223,
                    "f1-score": 0.8711484593837535,
                    "support": 323
                },
                "muffin": {
                    "precision": 0.9518072289156626,
                    "recall": 0.7476340694006309,
                    "f1-score": 0.8374558303886925,
                    "support": 317
                },
                "micro avg": {
                    "precision": 0.85625,
                    "recall": 0.85625,
                    "f1-score": 0.85625,
                    "support": 640
                },
                "macro avg": {
                    "precision": 0.8736018241765013,
                    "recall": 0.8552411833071266,
                    "f1-score": 0.854302144886223,
                    "support": 640
                },
                "weighted avg": {
                    "precision": 0.8728686485070718,
                    "recall": 0.85625,
                    "f1-score": 0.8544600790846374,
                    "support": 640
                },
                "samples avg": {
                    "precision": 0.85625,
                    "recall": 0.85625,
                    "f1-score": 0.85625,
                    "support": 640
                }
            }
        },
        "test": {
            "accuracy": 0.8611422181129456,
            "precision": 0.8611422181129456,
            "recall": 0.8611422181129456,
            "f1": 0.8611421681129484,
            "classification_report": {
                "chihuahua": {
                    "precision": 0.809106830122592,
                    "recall": 0.9685534591194969,
                    "f1-score": 0.8816793893129771,
                    "support": 477
                },
                "muffin": {
                    "precision": 0.953416149068323,
                    "recall": 0.7379807692307693,
                    "f1-score": 0.8319783197831978,
                    "support": 416
                },
                "micro avg": {
                    "precision": 0.8611422172452408,
                    "recall": 0.8611422172452408,
                    "f1-score": 0.8611422172452408,
                    "support": 893
                },
                "macro avg": {
                    "precision": 0.8812614895954575,
                    "recall": 0.8532671141751331,
                    "f1-score": 0.8568288545480874,
                    "support": 893
                },
                "weighted avg": {
                    "precision": 0.8763326718711071,
                    "recall": 0.8611422172452408,
                    "f1-score": 0.8585263714805155,
                    "support": 893
                },
                "samples avg": {
                    "precision": 0.8611422172452408,
                    "recall": 0.8611422172452408,
                    "f1-score": 0.8611422172452408,
                    "support": 893
                }
            }
        }
    },
    "training_history": {
        "accuracy": [
            0.6709374785423279,
            0.7768750190734863,
            0.8131250143051147,
            0.8346874713897705,
            0.8415625095367432,
            0.8490625023841858,
            0.8590624928474426,
            0.862500011920929,
            0.8753125071525574,
            0.8903124928474426,
            0.8915625214576721,
            0.901562511920929,
            0.8965625166893005,
            0.9096875190734863,
            0.9046875238418579,
            0.9181249737739563,
            0.9221875071525574,
            0.9296875,
            0.9362499713897705,
            0.9409375190734863,
            0.9449999928474426,
            0.9478124976158142,
            0.9415624737739563,
            0.9190624952316284,
            0.9240624904632568
        ],
        "loss": [
            0.6095601916313171,
            0.47836893796920776,
            0.42399105429649353,
            0.38554099202156067,
            0.3566906452178955,
            0.33753731846809387,
            0.3159967362880707,
            0.3109976053237915,
            0.29764994978904724,
            0.27060508728027344,
            0.2622309923171997,
            0.2493237555027008,
            0.2526366710662842,
            0.22986336052417755,
            0.23274877667427063,
            0.2087073177099228,
            0.20214790105819702,
            0.18998679518699646,
            0.17817310988903046,
            0.16374507546424866,
            0.1556554138660431,
            0.14610373973846436,
            0.1471034735441208,
            0.20078691840171814,
            0.18746881186962128
        ],