{
    "name": "trial_45",
    "start_time": "2024-10-24 14:59:36.707",
    "duration": "0:05:45.754",
    "directory": "/home/krakerlu/github/ImageMLResearch/demo/chihuahua_vs_muffin/experiments/experiment_04/output/trial_45",
    "hyperparameters": {
        "normalization": "standard",
        "batch_size": 128,
        "learning_rate": 7.703186480610244e-05
    },
    "figures": {
        "training_history": "/home/krakerlu/github/ImageMLResearch/demo/chihuahua_vs_muffin/experiments/experiment_04/output/trial_45/training_history.png"
    },
    "evaluation_metrics": {
        "train": {
            "accuracy": 0.9523090720176697,
            "precision": 0.9523090720176697,
            "recall": 0.9523090720176697,
            "f1": 0.9523090220176723,
            "classification_report": {
                "chihuahua": {
                    "precision": 0.9781734635267088,
                    "recall": 0.934174437739989,
                    "f1-score": 0.9556677890011224,
                    "support": 3646
                },
                "muffin": {
                    "precision": 0.9236641221374046,
                    "recall": 0.974496644295302,
                    "f1-score": 0.9483997387328543,
                    "support": 2980
                },
                "micro avg": {
                    "precision": 0.9523090854210685,
                    "recall": 0.9523090854210685,
                    "f1-score": 0.9523090854210685,
                    "support": 6626
                },
                "macro avg": {
                    "precision": 0.9509187928320566,
                    "recall": 0.9543355410176455,
                    "f1-score": 0.9520337638669883,
                    "support": 6626
                },
                "weighted avg": {
                    "precision": 0.9536582450932457,
                    "recall": 0.9523090854210685,
                    "f1-score": 0.9523990311080588,
                    "support": 6626
                },
                "samples avg": {
                    "precision": 0.9523090854210685,
                    "recall": 0.9523090854210685,
                    "f1-score": 0.9523090854210685,
                    "support": 6626
                }
            }
        },
        "val": {
            "accuracy": 0.8293371200561523,
            "precision": 0.8293371200561523,
            "recall": 0.8293371200561523,
            "f1": 0.8293370700561553,
            "classification_report": {
                "chihuahua": {
                    "precision": 0.9616858237547893,
                    "recall": 0.6933701657458563,
                    "f1-score": 0.8057784911717496,
                    "support": 362
                },
                "muffin": {
                    "precision": 0.7522321428571429,
                    "recall": 0.9711815561959655,
                    "f1-score": 0.8477987421383648,
                    "support": 347
                },
                "micro avg": {
                    "precision": 0.8293370944992948,
                    "recall": 0.8293370944992948,
                    "f1-score": 0.8293370944992948,
                    "support": 709
                },
                "macro avg": {
                    "precision": 0.8569589833059661,
                    "recall": 0.8322758609709109,
                    "f1-score": 0.8267886166550572,
                    "support": 709
                },
                "weighted avg": {
                    "precision": 0.859174642835913,
                    "recall": 0.8293370944992948,
                    "f1-score": 0.8263441147054809,
                    "support": 709
                },
                "samples avg": {
                    "precision": 0.8293370944992948,
                    "recall": 0.8293370944992948,
                    "f1-score": 0.8293370944992948,
                    "support": 709
                }
            }
        },
        "test": {
            "accuracy": 0.8481012582778931,
            "precision": 0.8481012582778931,
            "recall": 0.8481012582778931,
            "f1": 0.848101208277896,
            "classification_report": {
                "chihuahua": {
                    "precision": 0.9586206896551724,
                    "recall": 0.7433155080213903,
                    "f1-score": 0.8373493975903614,
                    "support": 374
                },
                "muffin": {
                    "precision": 0.7719714964370546,
                    "recall": 0.9643916913946587,
                    "f1-score": 0.8575197889182058,
                    "support": 337
                },
                "micro avg": {
                    "precision": 0.8481012658227848,
                    "recall": 0.8481012658227848,
                    "f1-score": 0.8481012658227848,
                    "support": 711
                },
                "macro avg": {
                    "precision": 0.8652960930461135,
                    "recall": 0.8538535997080245,
                    "f1-score": 0.8474345932542836,
                    "support": 711
                },
                "weighted avg": {
                    "precision": 0.8701526473000308,
                    "recall": 0.8481012658227848,
                    "f1-score": 0.8469097659131232,
                    "support": 711
                },
                "samples avg": {
                    "precision": 0.8481012658227848,
                    "recall": 0.8481012658227848,
                    "f1-score": 0.8481012658227848,
                    "support": 711
                }
            }
        }
    },
    "training_history": {
        "accuracy": [
            0.6942348480224609,
            0.7706006765365601,
            0.8140658140182495,
            0.8376094102859497,
            0.8501358032226562,
            0.863416850566864,
            0.8837911486625671,
            0.8978267312049866,
            0.9082402586936951,
            0.9130697250366211,
            0.9168427586555481,
            0.9278599619865417,
            0.9376698136329651,
            0.9431029558181763,
            0.9424992203712463
        ],
        "loss": [
            0.5686827898025513,
            0.4864552319049835,
            0.4274101257324219,
            0.38635119795799255,
            0.3615064322948456,
            0.3324854373931885,
            0.29707664251327515,
            0.2653054893016815,
            0.24094246327877045,
            0.22342287003993988,
            0.20985375344753265,
            0.18568000197410583,
            0.16803152859210968,
            0.15033642947673798,
            0.1569470316171646
        ],
        "val_accuracy": [
            0.7813822031021118,
            0.8208744525909424,
            0.8504936695098877,
            0.8547249436378479,
            0.8377997279167175,
            0.8434414863586426,
            0.8504936695098877,
            0.8377997279167175,
            0.8561354279518127,
            0.866008460521698,
            0.8730606436729431,
            0.8815232515335083,
            0.8899859189987183,
            0.8899859189987183,
            0.8293371200561523
        ],
        "val_loss": [
            0.46607503294944763,
            0.40395858883857727,
            0.3566797971725464,
            0.3364986777305603,
            0.34705665707588196,
            0.3619031012058258,
            0.3462196886539459,
            0.3693157136440277,
            0.3494602143764496,
            0.3175499141216278,
            0.2866641879081726,
            0.27969077229499817,
            0.2789838910102844,
            0.29449814558029175,
            0.40695124864578247
        ]
    }
}