{
    "name": "trial_60",
    "start_time": "2024-10-20 12:07:26.003",
    "duration": "32.817",
    "directory": "/home/krakerlu/github/ImageMLResearch/demo/chihuahua_vs_muffin/experiments/experiment_03/output/trial_60",
    "hyperparameters": {
        "units1": 128,
        "kernel_size1": 3,
        "units2": 64,
        "kernel_size2": 7,
        "dense_units": 128,
        "dropout_rate": 0.3437603374751716,
        "learning_rate": 4.6014787197109964e-05
    },
    "figures": {
        "model_summary": "/home/krakerlu/github/ImageMLResearch/demo/chihuahua_vs_muffin/experiments/experiment_03/output/trial_60/model_summary.png",
        "confusion_matrix": "/home/krakerlu/github/ImageMLResearch/demo/chihuahua_vs_muffin/experiments/experiment_03/output/trial_60/confusion_matrix.png",
        "training_history": "/home/krakerlu/github/ImageMLResearch/demo/chihuahua_vs_muffin/experiments/experiment_03/output/trial_60/training_history.png"
    },
    "evaluation_metrics": {
        "train": {
            "accuracy": 0.8921874761581421,
            "precision": 0.8921874761581421,
            "recall": 0.8921874761581421,
            "f1": 0.8921874261581448,
            "classification_report": {
                "chihuahua": {
                    "precision": 0.8489634748272458,
                    "recall": 0.9778283115406481,
                    "f1-score": 0.9088507265521797,
                    "support": 1759
                },
                "muffin": {
                    "precision": 0.9667802385008518,
                    "recall": 0.78764746703678,
                    "f1-score": 0.8680688336520076,
                    "support": 1441
                },
                "micro avg": {
                    "precision": 0.8921875,
                    "recall": 0.8921875,
                    "f1-score": 0.8921875,
                    "support": 3200
                },
                "macro avg": {
                    "precision": 0.9078718566640488,
                    "recall": 0.8827378892887141,
                    "f1-score": 0.8884597801020937,
                    "support": 3200
                },
                "weighted avg": {
                    "precision": 0.9020178362190165,
                    "recall": 0.8921875,
                    "f1-score": 0.8904861304055709,
                    "support": 3200
                },
                "samples avg": {
                    "precision": 0.8921875,
                    "recall": 0.8921875,
                    "f1-score": 0.8921875,
                    "support": 3200
                }
            }
        },
        "val": {
            "accuracy": 0.859375,
            "precision": 0.859375,
            "recall": 0.859375,
            "f1": 0.8593749500000029,
            "classification_report": {
                "chihuahua": {
                    "precision": 0.804177545691906,
                    "recall": 0.9535603715170279,
                    "f1-score": 0.8725212464589235,
                    "support": 323
                },
                "muffin": {
                    "precision": 0.9416342412451362,
                    "recall": 0.7634069400630915,
                    "f1-score": 0.8432055749128919,
                    "support": 317
                },
                "micro avg": {
                    "precision": 0.859375,
                    "recall": 0.859375,
                    "f1-score": 0.859375,
                    "support": 640
                },
                "macro avg": {
                    "precision": 0.8729058934685211,
                    "recall": 0.8584836557900597,
                    "f1-score": 0.8578634106859078,
                    "support": 640
                },
                "weighted avg": {
                    "precision": 0.8722615652081153,
                    "recall": 0.859375,
                    "f1-score": 0.8580008278962797,
                    "support": 640
                },
                "samples avg": {
                    "precision": 0.859375,
                    "recall": 0.859375,
                    "f1-score": 0.859375,
                    "support": 640
                }
            }
        },
        "test": {
            "accuracy": 0.8723404407501221,
            "precision": 0.8723404407501221,
            "recall": 0.8723404407501221,
            "f1": 0.8723403907501249,
            "classification_report": {
                "chihuahua": {
                    "precision": 0.8246869409660107,
                    "recall": 0.9664570230607966,
                    "f1-score": 0.88996138996139,
                    "support": 477
                },
                "muffin": {
                    "precision": 0.9520958083832335,
                    "recall": 0.7644230769230769,
                    "f1-score": 0.848,
                    "support": 416
                },
                "micro avg": {
                    "precision": 0.8723404255319149,
                    "recall": 0.8723404255319149,
                    "f1-score": 0.8723404255319149,
                    "support": 893
                },
                "macro avg": {
                    "precision": 0.8883913746746221,
                    "recall": 0.8654400499919368,
                    "f1-score": 0.868980694980695,
                    "support": 893
                },
                "weighted avg": {
                    "precision": 0.8840397840181548,
                    "recall": 0.8723404255319149,
                    "f1-score": 0.8704138667542922,
                    "support": 893
                },
                "samples avg": {
                    "precision": 0.8723404255319149,
                    "recall": 0.8723404255319149,
                    "f1-score": 0.8723404255319149,
                    "support": 893
                }
            }
        }
    },
    "training_history": {
        "accuracy": [
            0.5653125047683716,
            0.6928125023841858,
            0.7406250238418579,
            0.7690625190734863,
            0.7909374833106995,
            0.8096874952316284,
            0.8231250047683716,
            0.8193749785423279,
            0.8393750190734863,
            0.8478124737739563,
            0.8506249785423279,
            0.8565624952316284,
            0.8603125214576721,
            0.864062488079071,
            0.8690624833106995,
            0.8728125095367432,
            0.8806250095367432,
            0.8868749737739563,
            0.8896874785423279,
            0.8928124904632568,
            0.8974999785423279,
            0.8962500095367432,
            0.8987500071525574,
            0.9003124833106995,
            0.9087499976158142
        ],
        "loss": [
            0.6796136498451233,
            0.6012132167816162,
            0.5350586175918579,
            0.4956600069999695,
            0.4660264551639557,
            0.4417702853679657,
            0.42159056663513184,
            0.42801833152770996,
            0.3867567777633667,
            0.36276793479919434,
            0.3596908152103424,
            0.349628746509552,
            0.3391672372817993,
            0.3300924301147461,
            0.32529786229133606,
            0.30424264073371887,
            0.29950299859046936,
            0.2837669849395752,
            0.2801903784275055,
            0.27286767959594727,
            0.2588752508163452,
            0.2605210542678833,
            0.2532185912132263,
            0.24971936643123627,
            0.2436557561159134
        ],