{
    "name": "trial_42",
    "start_time": "2024-10-23 08:37:44.459",
    "duration": "21.079",
    "directory": "/home/krakerlu/github/ImageMLResearch/demo/chihuahua_vs_muffin/experiments/experiment_05/output/trial_42",
    "hyperparameters": {
        "dense_units": 512,
        "dropout_rate": 0.429782411318927,
        "learning_rate": 3.0103469814009053e-05
    },
    "figures": {
        "model_summary": "/home/krakerlu/github/ImageMLResearch/demo/chihuahua_vs_muffin/experiments/experiment_05/output/trial_42/model_summary.png",
        "confusion_matrix": "/home/krakerlu/github/ImageMLResearch/demo/chihuahua_vs_muffin/experiments/experiment_05/output/trial_42/confusion_matrix.png",
        "training_history": "/home/krakerlu/github/ImageMLResearch/demo/chihuahua_vs_muffin/experiments/experiment_05/output/trial_42/training_history.png"
    },
    "evaluation_metrics": {
        "train": {
            "accuracy": 0.9987499713897705,
            "precision": 0.9987499713897705,
            "recall": 0.9987499713897705,
            "f1": 0.998749921389773,
            "classification_report": {
                "chihuahua": {
                    "precision": 0.9994308480364257,
                    "recall": 0.9982944855031268,
                    "f1-score": 0.9988623435722411,
                    "support": 1759
                },
                "muffin": {
                    "precision": 0.997920997920998,
                    "recall": 0.9993060374739764,
                    "f1-score": 0.9986130374479889,
                    "support": 1441
                },
                "micro avg": {
                    "precision": 0.99875,
                    "recall": 0.99875,
                    "f1-score": 0.99875,
                    "support": 3200
                },
                "macro avg": {
                    "precision": 0.9986759229787119,
                    "recall": 0.9988002614885516,
                    "f1-score": 0.9987376905101151,
                    "support": 3200
                },
                "weighted avg": {
                    "precision": 0.9987509436563221,
                    "recall": 0.99875,
                    "f1-score": 0.9987500779081638,
                    "support": 3200
                },
                "samples avg": {
                    "precision": 0.99875,
                    "recall": 0.99875,
                    "f1-score": 0.99875,
                    "support": 3200
                }
            }
        },
        "val": {
            "accuracy": 0.9906250238418579,
            "precision": 0.9906250238418579,
            "recall": 0.9906250238418579,
            "f1": 0.9906249738418604,
            "classification_report": {
                "chihuahua": {
                    "precision": 0.9937694704049844,
                    "recall": 0.9876160990712074,
                    "f1-score": 0.9906832298136646,
                    "support": 323
                },
                "muffin": {
                    "precision": 0.987460815047022,
                    "recall": 0.9936908517350158,
                    "f1-score": 0.9905660377358491,
                    "support": 317
                },
                "micro avg": {
                    "precision": 0.990625,
                    "recall": 0.990625,
                    "f1-score": 0.990625,
                    "support": 640
                },
                "macro avg": {
                    "precision": 0.9906151427260033,
                    "recall": 0.9906534754031115,
                    "f1-score": 0.9906246337747568,
                    "support": 640
                },
                "weighted avg": {
                    "precision": 0.9906447145479937,
                    "recall": 0.990625,
                    "f1-score": 0.9906251831126216,
                    "support": 640
                },
                "samples avg": {
                    "precision": 0.990625,
                    "recall": 0.990625,
                    "f1-score": 0.990625,
                    "support": 640
                }
            }
        },
        "test": {
            "accuracy": 0.9832026958465576,
            "precision": 0.9832026958465576,
            "recall": 0.9832026958465576,
            "f1": 0.9832026458465601,
            "classification_report": {
                "chihuahua": {
                    "precision": 0.98125,
                    "recall": 0.9874213836477987,
                    "f1-score": 0.9843260188087775,
                    "support": 477
                },
                "muffin": {
                    "precision": 0.9854721549636803,
                    "recall": 0.9783653846153846,
                    "f1-score": 0.9819059107358263,
                    "support": 416
                },
                "micro avg": {
                    "precision": 0.9832026875699889,
                    "recall": 0.9832026875699889,
                    "f1-score": 0.9832026875699889,
                    "support": 893
                },
                "macro avg": {
                    "precision": 0.9833610774818402,
                    "recall": 0.9828933841315917,
                    "f1-score": 0.9831159647723019,
                    "support": 893
                },
                "weighted avg": {
                    "precision": 0.9832168717411993,
                    "recall": 0.9832026875699889,
                    "f1-score": 0.9831986224388473,
                    "support": 893
                },
                "samples avg": {
                    "precision": 0.9832026875699889,
                    "recall": 0.9832026875699889,
                    "f1-score": 0.9832026875699889,
                    "support": 893
                }
            }
        }
    },
    "training_history": {
        "accuracy": [
            0.7146875262260437,
            0.9115625023841858,
            0.9540625214576721,
            0.9649999737739563,
            0.9700000286102295,
            0.9771875143051147,
            0.9790624976158142,
            0.9800000190734863,
            0.9803125262260437,
            0.984375,
            0.9825000166893005,
            0.9871875047683716,
            0.9853125214576721,
            0.9878125190734863,
            0.9865624904632568,
            0.9887499809265137,
            0.9881250262260437,
            0.9909374713897705,
            0.9918749928474426,
            0.9928125143051147,
            0.9915624856948853,
            0.9937499761581421,
            0.9928125143051147,
            0.9946874976158142,
            0.9950000047683716
        ],
        "loss": [
            0.5879054069519043,
            0.22155633568763733,
            0.13501594960689545,
            0.10902639478445053,
            0.0925375372171402,
            0.07669901847839355,
            0.0656067281961441,
            0.06173116713762283,
            0.05737371742725372,
            0.05189954861998558,
            0.047343894839286804,
            0.04148952662944794,
            0.039525605738162994,
            0.03866080567240715,
            0.038389209657907486,
            0.031438909471035004,
            0.031061958521604538,
            0.02620607428252697,
            0.028405241668224335,
            0.02630954049527645,
            0.025366060435771942,
            0.02153654769062996,
            0.021448180079460144,
            0.020774148404598236,
            0.0180240198969841
        ],