{
    "name": "trial_37",
    "start_time": "2024-10-20 11:54:29.405",
    "duration": "29.297",
    "directory": "/home/krakerlu/github/ImageMLResearch/demo/chihuahua_vs_muffin/experiments/experiment_03/output/trial_37",
    "hyperparameters": {
        "units1": 128,
        "kernel_size1": 3,
        "units2": 64,
        "kernel_size2": 5,
        "dense_units": 128,
        "dropout_rate": 0.16964906896389045,
        "learning_rate": 0.00026937522021898115
    },
    "figures": {
        "model_summary": "/home/krakerlu/github/ImageMLResearch/demo/chihuahua_vs_muffin/experiments/experiment_03/output/trial_37/model_summary.png",
        "confusion_matrix": "/home/krakerlu/github/ImageMLResearch/demo/chihuahua_vs_muffin/experiments/experiment_03/output/trial_37/confusion_matrix.png",
        "training_history": "/home/krakerlu/github/ImageMLResearch/demo/chihuahua_vs_muffin/experiments/experiment_03/output/trial_37/training_history.png"
    },
    "evaluation_metrics": {
        "train": {
            "accuracy": 0.9809374809265137,
            "precision": 0.9809374809265137,
            "recall": 0.9809374809265137,
            "f1": 0.9809374309265162,
            "classification_report": {
                "chihuahua": {
                    "precision": 0.9982394366197183,
                    "recall": 0.9670267197271177,
                    "f1-score": 0.982385215131389,
                    "support": 1759
                },
                "muffin": {
                    "precision": 0.9612299465240641,
                    "recall": 0.9979181124219292,
                    "f1-score": 0.979230507320395,
                    "support": 1441
                },
                "micro avg": {
                    "precision": 0.9809375,
                    "recall": 0.9809375,
                    "f1-score": 0.9809375,
                    "support": 3200
                },
                "macro avg": {
                    "precision": 0.9797346915718912,
                    "recall": 0.9824724160745235,
                    "f1-score": 0.9808078612258919,
                    "support": 3200
                },
                "weighted avg": {
                    "precision": 0.981573600611019,
                    "recall": 0.9809375,
                    "f1-score": 0.9809646107702509,
                    "support": 3200
                },
                "samples avg": {
                    "precision": 0.9809375,
                    "recall": 0.9809375,
                    "f1-score": 0.9809375,
                    "support": 3200
                }
            }
        },
        "val": {
            "accuracy": 0.8812500238418579,
            "precision": 0.8812500238418579,
            "recall": 0.8812500238418579,
            "f1": 0.8812499738418608,
            "classification_report": {
                "chihuahua": {
                    "precision": 0.9243986254295533,
                    "recall": 0.8328173374613003,
                    "f1-score": 0.8762214983713354,
                    "support": 323
                },
                "muffin": {
                    "precision": 0.8452722063037249,
                    "recall": 0.9305993690851735,
                    "f1-score": 0.8858858858858859,
                    "support": 317
                },
                "micro avg": {
                    "precision": 0.88125,
                    "recall": 0.88125,
                    "f1-score": 0.88125,
                    "support": 640
                },
                "macro avg": {
                    "precision": 0.8848354158666392,
                    "recall": 0.8817083532732368,
                    "f1-score": 0.8810536921286107,
                    "support": 640
                },
                "weighted avg": {
                    "precision": 0.8852063209562914,
                    "recall": 0.88125,
                    "f1-score": 0.8810083903121363,
                    "support": 640
                },
                "samples avg": {
                    "precision": 0.88125,
                    "recall": 0.88125,
                    "f1-score": 0.88125,
                    "support": 640
                }
            }
        },
        "test": {
            "accuracy": 0.8936170339584351,
            "precision": 0.8936170339584351,
            "recall": 0.8936170339584351,
            "f1": 0.8936169839584378,
            "classification_report": {
                "chihuahua": {
                    "precision": 0.9340909090909091,
                    "recall": 0.8616352201257862,
                    "f1-score": 0.8964013086150491,
                    "support": 477
                },
                "muffin": {
                    "precision": 0.8543046357615894,
                    "recall": 0.9302884615384616,
                    "f1-score": 0.8906789413118527,
                    "support": 416
                },
                "micro avg": {
                    "precision": 0.8936170212765957,
                    "recall": 0.8936170212765957,
                    "f1-score": 0.8936170212765957,
                    "support": 893
                },
                "macro avg": {
                    "precision": 0.8941977724262493,
                    "recall": 0.8959618408321239,
                    "f1-score": 0.8935401249634509,
                    "support": 893
                },
                "weighted avg": {
                    "precision": 0.8969228355130848,
                    "recall": 0.8936170212765957,
                    "f1-score": 0.8937355697593607,
                    "support": 893
                },
                "samples avg": {
                    "precision": 0.8936170212765957,
                    "recall": 0.8936170212765957,
                    "f1-score": 0.8936170212765957,
                    "support": 893
                }
            }
        }
    },
    "training_history": {
        "accuracy": [
            0.6468750238418579,
            0.7771875262260437,
            0.8262500166893005,
            0.84375,
            0.8634374737739563,
            0.8696874976158142,
            0.8765624761581421,
            0.8912500143051147,
            0.9049999713897705,
            0.9084374904632568,
            0.909375011920929,
            0.8996875286102295,
            0.9231250286102295,
            0.917187511920929,
            0.9331250190734863,
            0.9412500262260437,
            0.9446874856948853,
            0.9559375047683716,
            0.9634374976158142,
            0.9543750286102295,
            0.9587500095367432,
            0.9362499713897705,
            0.9359375238418579,
            0.9737499952316284,
            0.9834374785423279
        ],
        "loss": [
            0.6219179034233093,
            0.4722049832344055,
            0.4145019054412842,
            0.3791791796684265,
            0.3290686309337616,
            0.319230318069458,
            0.30768588185310364,
            0.26718515157699585,
            0.2346847653388977,
            0.2259266972541809,
            0.21640010178089142,
            0.24161650240421295,
            0.19697381556034088,
            0.19804613292217255,
            0.16795247793197632,
            0.1460564285516739,
            0.13570909202098846,
            0.10980123281478882,
            0.09780018031597137,
            0.11173034459352493,
            0.10423725843429565,
            0.1529996544122696,
            0.16174958646297455,
            0.07341855019330978,
            0.052937258034944534
        ],