{
    "name": "trial_56",
    "start_time": "2024-10-23 08:43:02.154",
    "duration": "21.312",
    "directory": "/home/krakerlu/github/ImageMLResearch/demo/chihuahua_vs_muffin/experiments/experiment_05/output/trial_56",
    "hyperparameters": {
        "dense_units": 512,
        "dropout_rate": 0.4465505326886864,
        "learning_rate": 2.4985339986144867e-05
    },
    "figures": {
        "model_summary": "/home/krakerlu/github/ImageMLResearch/demo/chihuahua_vs_muffin/experiments/experiment_05/output/trial_56/model_summary.png",
        "confusion_matrix": "/home/krakerlu/github/ImageMLResearch/demo/chihuahua_vs_muffin/experiments/experiment_05/output/trial_56/confusion_matrix.png",
        "training_history": "/home/krakerlu/github/ImageMLResearch/demo/chihuahua_vs_muffin/experiments/experiment_05/output/trial_56/training_history.png"
    },
    "evaluation_metrics": {
        "train": {
            "accuracy": 0.9962499737739563,
            "precision": 0.9962499737739563,
            "recall": 0.9962499737739563,
            "f1": 0.9962499237739588,
            "classification_report": {
                "chihuahua": {
                    "precision": 0.9960249858035207,
                    "recall": 0.9971574758385446,
                    "f1-score": 0.9965909090909091,
                    "support": 1759
                },
                "muffin": {
                    "precision": 0.9965253648366922,
                    "recall": 0.9951422623178349,
                    "f1-score": 0.9958333333333333,
                    "support": 1441
                },
                "micro avg": {
                    "precision": 0.99625,
                    "recall": 0.99625,
                    "f1-score": 0.99625,
                    "support": 3200
                },
                "macro avg": {
                    "precision": 0.9962751753201065,
                    "recall": 0.9961498690781898,
                    "f1-score": 0.9962121212121212,
                    "support": 3200
                },
                "weighted avg": {
                    "precision": 0.9962503127368959,
                    "recall": 0.99625,
                    "f1-score": 0.9962497632575759,
                    "support": 3200
                },
                "samples avg": {
                    "precision": 0.99625,
                    "recall": 0.99625,
                    "f1-score": 0.99625,
                    "support": 3200
                }
            }
        },
        "val": {
            "accuracy": 0.987500011920929,
            "precision": 0.987500011920929,
            "recall": 0.987500011920929,
            "f1": 0.9874999619209315,
            "classification_report": {
                "chihuahua": {
                    "precision": 0.9846153846153847,
                    "recall": 0.9907120743034056,
                    "f1-score": 0.9876543209876543,
                    "support": 323
                },
                "muffin": {
                    "precision": 0.9904761904761905,
                    "recall": 0.9842271293375394,
                    "f1-score": 0.9873417721518988,
                    "support": 317
                },
                "micro avg": {
                    "precision": 0.9875,
                    "recall": 0.9875,
                    "f1-score": 0.9875,
                    "support": 640
                },
                "macro avg": {
                    "precision": 0.9875457875457876,
                    "recall": 0.9874696018204725,
                    "f1-score": 0.9874980465697765,
                    "support": 640
                },
                "weighted avg": {
                    "precision": 0.9875183150183151,
                    "recall": 0.9875,
                    "f1-score": 0.9874995116424442,
                    "support": 640
                },
                "samples avg": {
                    "precision": 0.9875,
                    "recall": 0.9875,
                    "f1-score": 0.9875,
                    "support": 640
                }
            }
        },
        "test": {
            "accuracy": 0.9820828437805176,
            "precision": 0.9820828437805176,
            "recall": 0.9820828437805176,
            "f1": 0.9820827937805201,
            "classification_report": {
                "chihuahua": {
                    "precision": 0.9792099792099792,
                    "recall": 0.9874213836477987,
                    "f1-score": 0.9832985386221295,
                    "support": 477
                },
                "muffin": {
                    "precision": 0.9854368932038835,
                    "recall": 0.9759615384615384,
                    "f1-score": 0.9806763285024155,
                    "support": 416
                },
                "micro avg": {
                    "precision": 0.9820828667413214,
                    "recall": 0.9820828667413214,
                    "f1-score": 0.9820828667413214,
                    "support": 893
                },
                "macro avg": {
                    "precision": 0.9823234362069313,
                    "recall": 0.9816914610546685,
                    "f1-score": 0.9819874335622725,
                    "support": 893
                },
                "weighted avg": {
                    "precision": 0.982110758853276,
                    "recall": 0.9820828667413214,
                    "f1-score": 0.9820769939303029,
                    "support": 893
                },
                "samples avg": {
                    "precision": 0.9820828667413214,
                    "recall": 0.9820828667413214,
                    "f1-score": 0.9820828667413214,
                    "support": 893
                }
            }
        }
    },
    "training_history": {
        "accuracy": [
            0.6809375286102295,
            0.8837500214576721,
            0.9393749833106995,
            0.9549999833106995,
            0.9671875238418579,
            0.9662500023841858,
            0.973437488079071,
            0.9753124713897705,
            0.9790624976158142,
            0.9768750071525574,
            0.9818750023841858,
            0.9828125238418579,
            0.9859374761581421,
            0.9834374785423279,
            0.9871875047683716,
            0.9878125190734863,
            0.9850000143051147,
            0.987500011920929,
            0.9878125190734863,
            0.9903125166893005,
            0.9918749928474426,
            0.9893749952316284,
            0.9921875,
            0.9887499809265137,
            0.9931250214576721
        ],
        "loss": [
            0.6531345248222351,
            0.2769153118133545,
            0.17593379318714142,
            0.13105344772338867,
            0.10427548736333847,
            0.09492277354001999,
            0.07653560489416122,
            0.06952009350061417,
            0.065953828394413,
            0.06328873336315155,
            0.05523422360420227,
            0.05376645177602768,
            0.04943526163697243,
            0.04312796890735626,
            0.03887464851140976,
            0.037419963628053665,
            0.0420343391597271,
            0.039355143904685974,
            0.03358769044280052,
            0.031093399971723557,
            0.031605418771505356,
            0.029416756704449654,
            0.02973557449877262,
            0.029209773987531662,
            0.025582358241081238
        ],