{
    "name": "trial_4",
    "start_time": "2024-10-20 11:39:45.506",
    "duration": "30.502",
    "directory": "/home/krakerlu/github/ImageMLResearch/demo/chihuahua_vs_muffin/experiments/experiment_03/output/trial_4",
    "hyperparameters": {
        "units1": 128,
        "kernel_size1": 7,
        "units2": 16,
        "kernel_size2": 7,
        "dense_units": 128,
        "dropout_rate": 0.4268256623318372,
        "learning_rate": 9.877515137356627e-05
    },
    "figures": {
        "model_summary": "/home/krakerlu/github/ImageMLResearch/demo/chihuahua_vs_muffin/experiments/experiment_03/output/trial_4/model_summary.png",
        "confusion_matrix": "/home/krakerlu/github/ImageMLResearch/demo/chihuahua_vs_muffin/experiments/experiment_03/output/trial_4/confusion_matrix.png",
        "training_history": "/home/krakerlu/github/ImageMLResearch/demo/chihuahua_vs_muffin/experiments/experiment_03/output/trial_4/training_history.png"
    },
    "evaluation_metrics": {
        "train": {
            "accuracy": 0.9096875190734863,
            "precision": 0.9096875190734863,
            "recall": 0.9096875190734863,
            "f1": 0.9096874690734891,
            "classification_report": {
                "chihuahua": {
                    "precision": 0.9047356828193832,
                    "recall": 0.9340534394542354,
                    "f1-score": 0.9191608391608391,
                    "support": 1759
                },
                "muffin": {
                    "precision": 0.9161849710982659,
                    "recall": 0.8799444829979182,
                    "f1-score": 0.8976991150442478,
                    "support": 1441
                },
                "micro avg": {
                    "precision": 0.9096875,
                    "recall": 0.9096875,
                    "f1-score": 0.9096875,
                    "support": 3200
                },
                "macro avg": {
                    "precision": 0.9104603269588245,
                    "recall": 0.9069989612260767,
                    "f1-score": 0.9084299771025435,
                    "support": 3200
                },
                "weighted avg": {
                    "precision": 0.9098914404474675,
                    "recall": 0.9096875,
                    "f1-score": 0.9094963565195866,
                    "support": 3200
                },
                "samples avg": {
                    "precision": 0.9096875,
                    "recall": 0.9096875,
                    "f1-score": 0.9096875,
                    "support": 3200
                }
            }
        },
        "val": {
            "accuracy": 0.887499988079071,
            "precision": 0.887499988079071,
            "recall": 0.887499988079071,
            "f1": 0.8874999380790738,
            "classification_report": {
                "chihuahua": {
                    "precision": 0.8658892128279884,
                    "recall": 0.9195046439628483,
                    "f1-score": 0.8918918918918919,
                    "support": 323
                },
                "muffin": {
                    "precision": 0.9124579124579124,
                    "recall": 0.8548895899053628,
                    "f1-score": 0.8827361563517915,
                    "support": 317
                },
                "micro avg": {
                    "precision": 0.8875,
                    "recall": 0.8875,
                    "f1-score": 0.8875,
                    "support": 640
                },
                "macro avg": {
                    "precision": 0.8891735626429504,
                    "recall": 0.8871971169341055,
                    "f1-score": 0.8873140241218417,
                    "support": 640
                },
                "weighted avg": {
                    "precision": 0.8889552718634353,
                    "recall": 0.8875,
                    "f1-score": 0.887356941632186,
                    "support": 640
                },
                "samples avg": {
                    "precision": 0.8875,
                    "recall": 0.8875,
                    "f1-score": 0.8875,
                    "support": 640
                }
            }
        },
        "test": {
            "accuracy": 0.8936170339584351,
            "precision": 0.8936170339584351,
            "recall": 0.8936170339584351,
            "f1": 0.8936169839584378,
            "classification_report": {
                "chihuahua": {
                    "precision": 0.8962655601659751,
                    "recall": 0.9056603773584906,
                    "f1-score": 0.9009384775808134,
                    "support": 477
                },
                "muffin": {
                    "precision": 0.8905109489051095,
                    "recall": 0.8798076923076923,
                    "f1-score": 0.8851269649334945,
                    "support": 416
                },
                "micro avg": {
                    "precision": 0.8936170212765957,
                    "recall": 0.8936170212765957,
                    "f1-score": 0.8936170212765957,
                    "support": 893
                },
                "macro avg": {
                    "precision": 0.8933882545355423,
                    "recall": 0.8927340348330914,
                    "f1-score": 0.8930327212571539,
                    "support": 893
                },
                "weighted avg": {
                    "precision": 0.8935848006088417,
                    "recall": 0.8936170212765957,
                    "f1-score": 0.8935727561236078,
                    "support": 893
                },
                "samples avg": {
                    "precision": 0.8936170212765957,
                    "recall": 0.8936170212765957,
                    "f1-score": 0.8936170212765957,
                    "support": 893
                }
            }
        }
    },
    "training_history": {
        "accuracy": [
            0.5618749856948853,
            0.7053124904632568,
            0.7443749904632568,
            0.7653124928474426,
            0.8012499809265137,
            0.8112499713897705,
            0.8296874761581421,
            0.8271874785423279,
            0.8409374952316284,
            0.848437488079071,
            0.846875011920929,
            0.8450000286102295,
            0.8518750071525574,
            0.8603125214576721,
            0.8606250286102295,
            0.8671875,
            0.8712499737739563,
            0.8818749785423279,
            0.8868749737739563,
            0.890625,
            0.8743749856948853,
            0.8793749809265137,
            0.8846874833106995,
            0.8903124928474426,
            0.893750011920929
        ],
        "loss": [
            0.677705705165863,
            0.5938566327095032,
            0.53318190574646,
            0.505171537399292,
            0.46432819962501526,
            0.4383389949798584,
            0.4111531972885132,
            0.4081494212150574,
            0.3914933502674103,
            0.3671552538871765,
            0.3705756366252899,
            0.3757866621017456,
            0.35781973600387573,
            0.34348785877227783,
            0.34019747376441956,
            0.3165532350540161,
            0.3209085464477539,
            0.3007255792617798,
            0.2858387529850006,
            0.28319668769836426,
            0.3088682293891907,
            0.28919875621795654,
            0.286548912525177,
            0.27177590131759644,
            0.26723238825798035
        ],