{
    "name": "trial_4",
    "start_time": "2024-10-26 19:13:11.967",
    "duration": "0:06:17.665",
    "directory": "/home/krakerlu/github/ImageMLResearch/demo/chihuahua_vs_muffin/experiments/experiment_04/output/trial_4",
    "hyperparameters": {
        "normalization": "standard",
        "batch_size": 256,
        "learning_rate": 5.0342866223944814e-05
    },
    "figures": {
        "training_history": "/home/krakerlu/github/ImageMLResearch/demo/chihuahua_vs_muffin/experiments/experiment_04/output/trial_4/training_history.png"
    },
    "evaluation_metrics": {
        "train": {
            "accuracy": 0.913522481918335,
            "precision": 0.913522481918335,
            "recall": 0.913522481918335,
            "f1": 0.9135224319183377,
            "classification_report": {
                "chihuahua": {
                    "precision": 0.9391254644184053,
                    "recall": 0.9012616566099836,
                    "f1-score": 0.9198040587823653,
                    "support": 3646
                },
                "muffin": {
                    "precision": 0.8848736808442597,
                    "recall": 0.9285234899328859,
                    "f1-score": 0.9061732438185689,
                    "support": 2980
                },
                "micro avg": {
                    "precision": 0.9135224871717477,
                    "recall": 0.9135224871717477,
                    "f1-score": 0.9135224871717477,
                    "support": 6626
                },
                "macro avg": {
                    "precision": 0.9119995726313325,
                    "recall": 0.9148925732714348,
                    "f1-score": 0.912988651300467,
                    "support": 6626
                },
                "weighted avg": {
                    "precision": 0.9147260809214306,
                    "recall": 0.9135224871717477,
                    "f1-score": 0.9136736892393359,
                    "support": 6626
                },
                "samples avg": {
                    "precision": 0.9135224871717477,
                    "recall": 0.9135224871717477,
                    "f1-score": 0.9135224871717477,
                    "support": 6626
                }
            }
        },
        "val": {
            "accuracy": 0.8067700862884521,
            "precision": 0.8067700862884521,
            "recall": 0.8067700862884521,
            "f1": 0.8067700362884552,
            "classification_report": {
                "chihuahua": {
                    "precision": 0.9482071713147411,
                    "recall": 0.6574585635359116,
                    "f1-score": 0.7765089722675367,
                    "support": 362
                },
                "muffin": {
                    "precision": 0.7292576419213974,
                    "recall": 0.962536023054755,
                    "f1-score": 0.8298136645962733,
                    "support": 347
                },
                "micro avg": {
                    "precision": 0.8067700987306065,
                    "recall": 0.8067700987306065,
                    "f1-score": 0.8067700987306065,
                    "support": 709
                },
                "macro avg": {
                    "precision": 0.8387324066180692,
                    "recall": 0.8099972932953333,
                    "f1-score": 0.803161318431905,
                    "support": 709
                },
                "weighted avg": {
                    "precision": 0.8410485158852767,
                    "recall": 0.8067700987306065,
                    "f1-score": 0.8025974465102329,
                    "support": 709
                },
                "samples avg": {
                    "precision": 0.8067700987306065,
                    "recall": 0.8067700987306065,
                    "f1-score": 0.8067700987306065,
                    "support": 709
                }
            }
        },
        "test": {
            "accuracy": 0.8340365886688232,
            "precision": 0.8340365886688232,
            "recall": 0.8340365886688232,
            "f1": 0.8340365386688262,
            "classification_report": {
                "chihuahua": {
                    "precision": 0.9671532846715328,
                    "recall": 0.7085561497326203,
                    "f1-score": 0.8179012345679012,
                    "support": 374
                },
                "muffin": {
                    "precision": 0.7505720823798627,
                    "recall": 0.973293768545994,
                    "f1-score": 0.8475452196382429,
                    "support": 337
                },
                "micro avg": {
                    "precision": 0.8340365682137834,
                    "recall": 0.8340365682137834,
                    "f1-score": 0.8340365682137834,
                    "support": 711
                },
                "macro avg": {
                    "precision": 0.8588626835256978,
                    "recall": 0.8409249591393071,
                    "f1-score": 0.832723227103072,
                    "support": 711
                },
                "weighted avg": {
                    "precision": 0.8644980593940464,
                    "recall": 0.8340365682137834,
                    "f1-score": 0.8319518997840828,
                    "support": 711
                },
                "samples avg": {
                    "precision": 0.8340365682137834,
                    "recall": 0.8340365682137834,
                    "f1-score": 0.8340365682137834,
                    "support": 711
                }
            }
        }
    },
    "training_history": {
        "accuracy": [
            0.6702384352684021,
            0.748717188835144,
            0.7858436703681946,
            0.8115001320838928,
            0.8223664164543152,
            0.8305161595344543,
            0.8563235998153687,
            0.8643223643302917,
            0.8744340538978577,
            0.883187472820282,
            0.8843948245048523,
            0.8917899131774902,
            0.8996378183364868,
            0.9046181440353394,
            0.9068819880485535
        ],
        "loss": [
            0.5955932140350342,
            0.5136626362800598,
            0.4653148353099823,
            0.42760682106018066,
            0.4039364755153656,
            0.38741907477378845,
            0.3470909297466278,
            0.329325407743454,
            0.3132917582988739,
            0.29334405064582825,
            0.28826063871383667,
            0.2712096869945526,
            0.2557431757450104,
            0.24755944311618805,
            0.2379789650440216
        ],
        "val_accuracy": [
            0.7574048042297363,
            0.7743300199508667,
            0.7968970537185669,
            0.8124118447303772,
            0.8265162110328674,
            0.7813822031021118,
            0.8208744525909424,
            0.799717903137207,
            0.798307478427887,
            0.8138222694396973,
            0.8152326941490173,
            0.7813822031021118,
            0.8194640278816223,
            0.8265162110328674,
            0.8067700862884521
        ],
        "val_loss": [
            0.5245364308357239,
            0.47811299562454224,
            0.456670343875885,
            0.4328799247741699,
            0.39871710538864136,
            0.4911453425884247,
            0.43093806505203247,
            0.4815070331096649,
            0.4812065064907074,
            0.4489639401435852,
            0.43583938479423523,
            0.5192428827285767,
            0.43284136056900024,
            0.3984781801700592,
            0.46677839756011963
        ]
    }
}