{
    "name": "trial_79",
    "start_time": "2024-10-17 16:30:45.611",
    "duration": "05.913",
    "directory": "/home/krakerlu/github/ImageMLResearch/demo/chihuahua_vs_muffin/experiments/experiment_02/output/trial_79",
    "hyperparameters": {
        "units1": 64,
        "kernel_size1": 3,
        "units2": 128,
        "kernel_size2": 3,
        "units3": 128,
        "learning_rate": 0.00045788205513930117
    },
    "figures": {
        "model_summary": "/home/krakerlu/github/ImageMLResearch/demo/chihuahua_vs_muffin/experiments/experiment_02/output/trial_79/model_summary.png",
        "confusion_matrix": "/home/krakerlu/github/ImageMLResearch/demo/chihuahua_vs_muffin/experiments/experiment_02/output/trial_79/confusion_matrix.png",
        "training_history": "/home/krakerlu/github/ImageMLResearch/demo/chihuahua_vs_muffin/experiments/experiment_02/output/trial_79/training_history.png"
    },
    "evaluation_metrics": {
        "train": {
            "accuracy": 0.7446874976158142,
            "precision": 0.7446874976158142,
            "recall": 0.7446874976158142,
            "f1": 0.7446874476158175,
            "classification_report": {
                "chihuahua": {
                    "precision": 0.7513340448239061,
                    "recall": 0.8004548038658329,
                    "f1-score": 0.7751169832094688,
                    "support": 1759
                },
                "muffin": {
                    "precision": 0.7352941176470589,
                    "recall": 0.6766134628730048,
                    "f1-score": 0.70473436935309,
                    "support": 1441
                },
                "micro avg": {
                    "precision": 0.7446875,
                    "recall": 0.7446875,
                    "f1-score": 0.7446875,
                    "support": 3200
                },
                "macro avg": {
                    "precision": 0.7433140812354825,
                    "recall": 0.7385341333694189,
                    "f1-score": 0.7399256762812794,
                    "support": 3200
                },
                "weighted avg": {
                    "precision": 0.7441110651170821,
                    "recall": 0.7446875,
                    "f1-score": 0.7434228124072682,
                    "support": 3200
                },
                "samples avg": {
                    "precision": 0.7446875,
                    "recall": 0.7446875,
                    "f1-score": 0.7446875,
                    "support": 3200
                }
            }
        },
        "val": {
            "accuracy": 0.6968749761581421,
            "precision": 0.6968749761581421,
            "recall": 0.6968749761581421,
            "f1": 0.6968749261581456,
            "classification_report": {
                "chihuahua": {
                    "precision": 0.6869565217391305,
                    "recall": 0.7337461300309598,
                    "f1-score": 0.7095808383233533,
                    "support": 323
                },
                "muffin": {
                    "precision": 0.7084745762711865,
                    "recall": 0.6593059936908517,
                    "f1-score": 0.6830065359477124,
                    "support": 317
                },
                "micro avg": {
                    "precision": 0.696875,
                    "recall": 0.696875,
                    "f1-score": 0.696875,
                    "support": 640
                },
                "macro avg": {
                    "precision": 0.6977155490051585,
                    "recall": 0.6965260618609057,
                    "f1-score": 0.6962936871355329,
                    "support": 640
                },
                "weighted avg": {
                    "precision": 0.6976146831245394,
                    "recall": 0.696875,
                    "f1-score": 0.6964182541779187,
                    "support": 640
                },
                "samples avg": {
                    "precision": 0.696875,
                    "recall": 0.696875,
                    "f1-score": 0.696875,
                    "support": 640
                }
            }
        },
        "test": {
            "accuracy": 0.7122060656547546,
            "precision": 0.7122060656547546,
            "recall": 0.7122060656547546,
            "f1": 0.7122060156547582,
            "classification_report": {
                "chihuahua": {
                    "precision": 0.7208835341365462,
                    "recall": 0.7526205450733753,
                    "f1-score": 0.7364102564102564,
                    "support": 477
                },
                "muffin": {
                    "precision": 0.7012658227848101,
                    "recall": 0.6658653846153846,
                    "f1-score": 0.6831072749691739,
                    "support": 416
                },
                "micro avg": {
                    "precision": 0.7122060470324748,
                    "recall": 0.7122060470324748,
                    "f1-score": 0.7122060470324748,
                    "support": 893
                },
                "macro avg": {
                    "precision": 0.7110746784606781,
                    "recall": 0.7092429648443799,
                    "f1-score": 0.7097587656897151,
                    "support": 893
                },
                "weighted avg": {
                    "precision": 0.7117447122750431,
                    "recall": 0.7122060470324748,
                    "f1-score": 0.7115793042495729,
                    "support": 893
                },
                "samples avg": {
                    "precision": 0.7122060470324748,
                    "recall": 0.7122060470324748,
                    "f1-score": 0.7122060470324748,
                    "support": 893
                }
            }
        }
    },
    "training_history": {
        "accuracy": [
            0.598437488079071,
            0.7771875262260437,
            0.846875011920929,
            0.885937511920929
        ],
        "loss": [
            0.8703665137290955,
            0.4842863380908966,
            0.35920172929763794,
            0.2865849435329437
        ],
        "val_accuracy": [
            0.6968749761581421,
            0.8296874761581421,
            0.8500000238418579,
            0.862500011920929
        ],
        "val_loss": [
            0.6051863431930542,
            0.3974286913871765,
            0.34748825430870056,
            0.3233863413333893
        ]
    }
}