{
    "name": "trial_58",
    "start_time": "2024-10-23 08:43:47.991",
    "duration": "21.290",
    "directory": "/home/krakerlu/github/ImageMLResearch/demo/chihuahua_vs_muffin/experiments/experiment_05/output/trial_58",
    "hyperparameters": {
        "dense_units": 256,
        "dropout_rate": 0.4090904234949702,
        "learning_rate": 4.9584634639340204e-05
    },
    "figures": {
        "model_summary": "/home/krakerlu/github/ImageMLResearch/demo/chihuahua_vs_muffin/experiments/experiment_05/output/trial_58/model_summary.png",
        "confusion_matrix": "/home/krakerlu/github/ImageMLResearch/demo/chihuahua_vs_muffin/experiments/experiment_05/output/trial_58/confusion_matrix.png",
        "training_history": "/home/krakerlu/github/ImageMLResearch/demo/chihuahua_vs_muffin/experiments/experiment_05/output/trial_58/training_history.png"
    },
    "evaluation_metrics": {
        "train": {
            "accuracy": 0.9996874928474426,
            "precision": 0.9996874928474426,
            "recall": 0.9996874928474426,
            "f1": 0.9996874428474452,
            "classification_report": {
                "chihuahua": {
                    "precision": 1.0,
                    "recall": 0.9994314951677089,
                    "f1-score": 0.9997156667614444,
                    "support": 1759
                },
                "muffin": {
                    "precision": 0.9993065187239945,
                    "recall": 1.0,
                    "f1-score": 0.9996531390912244,
                    "support": 1441
                },
                "micro avg": {
                    "precision": 0.9996875,
                    "recall": 0.9996875,
                    "f1-score": 0.9996875,
                    "support": 3200
                },
                "macro avg": {
                    "precision": 0.9996532593619972,
                    "recall": 0.9997157475838545,
                    "f1-score": 0.9996844029263344,
                    "support": 3200
                },
                "weighted avg": {
                    "precision": 0.9996877167128987,
                    "recall": 0.9996875,
                    "f1-score": 0.9996875097699484,
                    "support": 3200
                },
                "samples avg": {
                    "precision": 0.9996875,
                    "recall": 0.9996875,
                    "f1-score": 0.9996875,
                    "support": 3200
                }
            }
        },
        "val": {
            "accuracy": 0.989062488079071,
            "precision": 0.989062488079071,
            "recall": 0.989062488079071,
            "f1": 0.9890624380790736,
            "classification_report": {
                "chihuahua": {
                    "precision": 0.9906832298136646,
                    "recall": 0.9876160990712074,
                    "f1-score": 0.9891472868217054,
                    "support": 323
                },
                "muffin": {
                    "precision": 0.9874213836477987,
                    "recall": 0.9905362776025236,
                    "f1-score": 0.988976377952756,
                    "support": 317
                },
                "micro avg": {
                    "precision": 0.9890625,
                    "recall": 0.9890625,
                    "f1-score": 0.9890625,
                    "support": 640
                },
                "macro avg": {
                    "precision": 0.9890523067307317,
                    "recall": 0.9890761883368655,
                    "f1-score": 0.9890618323872307,
                    "support": 640
                },
                "weighted avg": {
                    "precision": 0.9890675966346342,
                    "recall": 0.9890625,
                    "f1-score": 0.9890626335225537,
                    "support": 640
                },
                "samples avg": {
                    "precision": 0.9890625,
                    "recall": 0.9890625,
                    "f1-score": 0.9890625,
                    "support": 640
                }
            }
        },
        "test": {
            "accuracy": 0.9854423403739929,
            "precision": 0.9854423403739929,
            "recall": 0.9854423403739929,
            "f1": 0.9854422903739954,
            "classification_report": {
                "chihuahua": {
                    "precision": 0.9833333333333333,
                    "recall": 0.989517819706499,
                    "f1-score": 0.9864158829676071,
                    "support": 477
                },
                "muffin": {
                    "precision": 0.9878934624697336,
                    "recall": 0.9807692307692307,
                    "f1-score": 0.9843184559710495,
                    "support": 416
                },
                "micro avg": {
                    "precision": 0.9854423292273237,
                    "recall": 0.9854423292273237,
                    "f1-score": 0.9854423292273237,
                    "support": 893
                },
                "macro avg": {
                    "precision": 0.9856133979015335,
                    "recall": 0.9851435252378649,
                    "f1-score": 0.9853671694693282,
                    "support": 893
                },
                "weighted avg": {
                    "precision": 0.9854576488100886,
                    "recall": 0.9854423292273237,
                    "f1-score": 0.9854388061136675,
                    "support": 893
                },
                "samples avg": {
                    "precision": 0.9854423292273237,
                    "recall": 0.9854423292273237,
                    "f1-score": 0.9854423292273237,
                    "support": 893
                }
            }
        }
    },
    "training_history": {
        "accuracy": [
            0.7612500190734863,
            0.9200000166893005,
            0.9549999833106995,
            0.9668750166893005,
            0.9756249785423279,
            0.9759374856948853,
            0.9787499904632568,
            0.9825000166893005,
            0.9871875047683716,
            0.9881250262260437,
            0.984375,
            0.9865624904632568,
            0.9884374737739563,
            0.9912499785423279,
            0.9884374737739563,
            0.9893749952316284,
            0.9928125143051147,
            0.9921875,
            0.9940624833106995,
            0.9950000047683716,
            0.9940624833106995,
            0.9956250190734863,
            0.9956250190734863,
            0.9981250166893005,
            0.9950000047683716
        ],
        "loss": [
            0.5171506404876709,
            0.20215831696987152,
            0.12399759888648987,
            0.09208688139915466,
            0.07687284797430038,
            0.07366301864385605,
            0.05947083979845047,
            0.053101636469364166,
            0.04443582519888878,
            0.042710646986961365,
            0.04235369339585304,
            0.03617416322231293,
            0.037592142820358276,
            0.03213005140423775,
            0.032416101545095444,
            0.030108701437711716,
            0.02415633201599121,
            0.02531491033732891,
            0.021718909963965416,
            0.019273264333605766,
            0.019363127648830414,
            0.01844802498817444,
            0.01757078431546688,
            0.013655071146786213,
            0.01894717663526535
        ],