{
    "name": "trial_81",
    "start_time": "2024-10-23 08:52:38.300",
    "duration": "21.149",
    "directory": "/home/krakerlu/github/ImageMLResearch/demo/chihuahua_vs_muffin/experiments/experiment_05/output/trial_81",
    "hyperparameters": {
        "dense_units": 256,
        "dropout_rate": 0.38778698593275246,
        "learning_rate": 3.83569205117789e-05
    },
    "figures": {
        "model_summary": "/home/krakerlu/github/ImageMLResearch/demo/chihuahua_vs_muffin/experiments/experiment_05/output/trial_81/model_summary.png",
        "confusion_matrix": "/home/krakerlu/github/ImageMLResearch/demo/chihuahua_vs_muffin/experiments/experiment_05/output/trial_81/confusion_matrix.png",
        "training_history": "/home/krakerlu/github/ImageMLResearch/demo/chihuahua_vs_muffin/experiments/experiment_05/output/trial_81/training_history.png"
    },
    "evaluation_metrics": {
        "train": {
            "accuracy": 0.9990624785423279,
            "precision": 0.9990624785423279,
            "recall": 0.9990624785423279,
            "f1": 0.9990624285423304,
            "classification_report": {
                "chihuahua": {
                    "precision": 0.9988636363636364,
                    "recall": 0.9994314951677089,
                    "f1-score": 0.9991474850809889,
                    "support": 1759
                },
                "muffin": {
                    "precision": 0.9993055555555556,
                    "recall": 0.9986120749479528,
                    "f1-score": 0.998958694897605,
                    "support": 1441
                },
                "micro avg": {
                    "precision": 0.9990625,
                    "recall": 0.9990625,
                    "f1-score": 0.9990625,
                    "support": 3200
                },
                "macro avg": {
                    "precision": 0.999084595959596,
                    "recall": 0.9990217850578309,
                    "f1-score": 0.999053089989297,
                    "support": 3200
                },
                "weighted avg": {
                    "precision": 0.9990626380997475,
                    "recall": 0.9990625,
                    "f1-score": 0.9990624705015339,
                    "support": 3200
                },
                "samples avg": {
                    "precision": 0.9990625,
                    "recall": 0.9990625,
                    "f1-score": 0.9990625,
                    "support": 3200
                }
            }
        },
        "val": {
            "accuracy": 0.9859374761581421,
            "precision": 0.9859374761581421,
            "recall": 0.9859374761581421,
            "f1": 0.9859374261581446,
            "classification_report": {
                "chihuahua": {
                    "precision": 0.9875776397515528,
                    "recall": 0.9845201238390093,
                    "f1-score": 0.986046511627907,
                    "support": 323
                },
                "muffin": {
                    "precision": 0.9842767295597484,
                    "recall": 0.9873817034700315,
                    "f1-score": 0.9858267716535433,
                    "support": 317
                },
                "micro avg": {
                    "precision": 0.9859375,
                    "recall": 0.9859375,
                    "f1-score": 0.9859375,
                    "support": 640
                },
                "macro avg": {
                    "precision": 0.9859271846556505,
                    "recall": 0.9859509136545204,
                    "f1-score": 0.9859366416407251,
                    "support": 640
                },
                "weighted avg": {
                    "precision": 0.9859426576721747,
                    "recall": 0.9859375,
                    "f1-score": 0.9859376716718551,
                    "support": 640
                },
                "samples avg": {
                    "precision": 0.9859375,
                    "recall": 0.9859375,
                    "f1-score": 0.9859375,
                    "support": 640
                }
            }
        },
        "test": {
            "accuracy": 0.9899216294288635,
            "precision": 0.9899216294288635,
            "recall": 0.9899216294288635,
            "f1": 0.989921579428866,
            "classification_report": {
                "chihuahua": {
                    "precision": 0.9895397489539749,
                    "recall": 0.9916142557651991,
                    "f1-score": 0.9905759162303664,
                    "support": 477
                },
                "muffin": {
                    "precision": 0.9903614457831326,
                    "recall": 0.9879807692307693,
                    "f1-score": 0.9891696750902527,
                    "support": 416
                },
                "micro avg": {
                    "precision": 0.9899216125419933,
                    "recall": 0.9899216125419933,
                    "f1-score": 0.9899216125419933,
                    "support": 893
                },
                "macro avg": {
                    "precision": 0.9899505973685537,
                    "recall": 0.9897975124979842,
                    "f1-score": 0.9898727956603095,
                    "support": 893
                },
                "weighted avg": {
                    "precision": 0.9899225326952175,
                    "recall": 0.9899216125419933,
                    "f1-score": 0.9899208251729339,
                    "support": 893
                },
                "samples avg": {
                    "precision": 0.9899216125419933,
                    "recall": 0.9899216125419933,
                    "f1-score": 0.9899216125419933,
                    "support": 893
                }
            }
        }
    },
    "training_history": {
        "accuracy": [
            0.6415625214576721,
            0.8809375166893005,
            0.9375,
            0.9546874761581421,
            0.9674999713897705,
            0.9696875214576721,
            0.9765625,
            0.9756249785423279,
            0.9803125262260437,
            0.9803125262260437,
            0.9856250286102295,
            0.9818750023841858,
            0.9862499833106995,
            0.9871875047683716,
            0.9868749976158142,
            0.9840624928474426,
            0.9887499809265137,
            0.9912499785423279,
            0.9906250238418579,
            0.9893749952316284,
            0.9912499785423279,
            0.9931250214576721,
            0.9943749904632568,
            0.9943749904632568,
            0.9937499761581421
        ],
        "loss": [
            0.7211762070655823,
            0.2898729741573334,
            0.16358362138271332,
            0.12676265835762024,
            0.09725406765937805,
            0.08672581613063812,
            0.06954208016395569,
            0.07048957049846649,
            0.06180281564593315,
            0.05857386440038681,
            0.047108739614486694,
            0.04858333244919777,
            0.041502151638269424,
            0.040853314101696014,
            0.0361001193523407,
            0.03823475167155266,
            0.030142180621623993,
            0.029723189771175385,
            0.029850179329514503,
            0.029279351234436035,
            0.02730097994208336,
            0.02588653564453125,
            0.022856317460536957,
            0.021082356572151184,
            0.02006375603377819
        ],