{
    "name": "trial_85",
    "start_time": "2024-10-27 13:22:45.524",
    "duration": "0:05:45.307",
    "directory": "/home/krakerlu/github/ImageMLResearch/demo/chihuahua_vs_muffin/experiments/experiment_04/output/trial_85",
    "hyperparameters": {
        "normalization": "standard",
        "batch_size": 128,
        "learning_rate": 6.114491757454854e-05
    },
    "figures": {
        "training_history": "/home/krakerlu/github/ImageMLResearch/demo/chihuahua_vs_muffin/experiments/experiment_04/output/trial_85/training_history.png"
    },
    "evaluation_metrics": {
        "train": {
            "accuracy": 0.9584968090057373,
            "precision": 0.9584968090057373,
            "recall": 0.9584968090057373,
            "f1": 0.9584967590057398,
            "classification_report": {
                "chihuahua": {
                    "precision": 0.9621606800109679,
                    "recall": 0.9624245748765771,
                    "f1-score": 0.9622926093514329,
                    "support": 3646
                },
                "muffin": {
                    "precision": 0.9540114132259148,
                    "recall": 0.9536912751677852,
                    "f1-score": 0.9538513173351233,
                    "support": 2980
                },
                "micro avg": {
                    "precision": 0.9584968306670691,
                    "recall": 0.9584968306670691,
                    "f1-score": 0.9584968306670691,
                    "support": 6626
                },
                "macro avg": {
                    "precision": 0.9580860466184413,
                    "recall": 0.9580579250221811,
                    "f1-score": 0.9580719633432782,
                    "support": 6626
                },
                "weighted avg": {
                    "precision": 0.958495600774708,
                    "recall": 0.9584968306670691,
                    "f1-score": 0.9584961936845746,
                    "support": 6626
                },
                "samples avg": {
                    "precision": 0.9584968306670691,
                    "recall": 0.9584968306670691,
                    "f1-score": 0.9584968306670691,
                    "support": 6626
                }
            }
        },
        "val": {
            "accuracy": 0.8533145189285278,
            "precision": 0.8533145189285278,
            "recall": 0.8533145189285278,
            "f1": 0.8533144689285307,
            "classification_report": {
                "chihuahua": {
                    "precision": 0.9574468085106383,
                    "recall": 0.7458563535911602,
                    "f1-score": 0.8385093167701864,
                    "support": 362
                },
                "muffin": {
                    "precision": 0.7845433255269321,
                    "recall": 0.9654178674351584,
                    "f1-score": 0.8656330749354005,
                    "support": 347
                },
                "micro avg": {
                    "precision": 0.8533145275035261,
                    "recall": 0.8533145275035261,
                    "f1-score": 0.8533145275035261,
                    "support": 709
                },
                "macro avg": {
                    "precision": 0.8709950670187852,
                    "recall": 0.8556371105131593,
                    "f1-score": 0.8520711958527935,
                    "support": 709
                },
                "weighted avg": {
                    "precision": 0.8728240883479499,
                    "recall": 0.8533145275035261,
                    "f1-score": 0.8517842731641628,
                    "support": 709
                },
                "samples avg": {
                    "precision": 0.8533145275035261,
                    "recall": 0.8533145275035261,
                    "f1-score": 0.8533145275035261,
                    "support": 709
                }
            }
        },
        "test": {
            "accuracy": 0.8720112442970276,
            "precision": 0.8720112442970276,
            "recall": 0.8720112442970276,
            "f1": 0.8720111942970304,
            "classification_report": {
                "chihuahua": {
                    "precision": 0.952076677316294,
                    "recall": 0.7967914438502673,
                    "f1-score": 0.8675400291120815,
                    "support": 374
                },
                "muffin": {
                    "precision": 0.8090452261306532,
                    "recall": 0.9554896142433235,
                    "f1-score": 0.8761904761904762,
                    "support": 337
                },
                "micro avg": {
                    "precision": 0.8720112517580872,
                    "recall": 0.8720112517580872,
                    "f1-score": 0.8720112517580872,
                    "support": 711
                },
                "macro avg": {
                    "precision": 0.8805609517234736,
                    "recall": 0.8761405290467954,
                    "f1-score": 0.8718652526512789,
                    "support": 711
                },
                "weighted avg": {
                    "precision": 0.8842825858260536,
                    "recall": 0.8720112517580872,
                    "f1-score": 0.8716401706949494,
                    "support": 711
                },
                "samples avg": {
                    "precision": 0.8720112517580872,
                    "recall": 0.8720112517580872,
                    "f1-score": 0.8720112517580872,
                    "support": 711
                }
            }
        }
    },
    "training_history": {
        "accuracy": [
            0.7115907073020935,
            0.781768798828125,
            0.8288560509681702,
            0.8540597558021545,
            0.8696045875549316,
            0.882583737373352,
            0.8946574330329895,
            0.9094476103782654,
            0.9100512862205505,
            0.9153335094451904,
            0.9252942800521851,
            0.9298219084739685,
            0.9363114833831787,
            0.9420464634895325,
            0.9479323625564575
        ],
        "loss": [
            0.5566123723983765,
            0.4715937674045563,
            0.39009934663772583,
            0.34889715909957886,
            0.31225040555000305,
            0.2903462052345276,
            0.2661413848400116,
            0.2404550015926361,
            0.2292981594800949,
            0.22163133323192596,
            0.1942625194787979,
            0.18671077489852905,
            0.17051805555820465,
            0.1543392688035965,
            0.14026103913784027
        ],
        "val_accuracy": [
            0.7842031121253967,
            0.803949236869812,
            0.8335683941841125,
            0.8194640278816223,
            0.8377997279167175,
            0.8236953616142273,
            0.8265162110328674,
            0.8730606436729431,
            0.875881552696228,
            0.8575458526611328,
            0.8490832448005676,
            0.8152326941490173,
            0.8406205773353577,
            0.8519040942192078,
            0.8533145189285278
        ],
        "val_loss": [
            0.4633021056652069,
            0.4385952353477478,
            0.3762701153755188,
            0.4177722930908203,
            0.41100814938545227,
            0.4180102050304413,
            0.4256182909011841,
            0.30139878392219543,
            0.3025742173194885,
            0.3468683362007141,
            0.34894829988479614,
            0.4442177712917328,
            0.36111995577812195,
            0.3536640703678131,
            0.3439387083053589
        ]
    }
}