{
    "name": "trial_41",
    "start_time": "2024-10-23 08:37:21.680",
    "duration": "21.320",
    "directory": "/home/krakerlu/github/ImageMLResearch/demo/chihuahua_vs_muffin/experiments/experiment_05/output/trial_41",
    "hyperparameters": {
        "dense_units": 256,
        "dropout_rate": 0.28150916358604805,
        "learning_rate": 2.2112280316430957e-05
    },
    "figures": {
        "model_summary": "/home/krakerlu/github/ImageMLResearch/demo/chihuahua_vs_muffin/experiments/experiment_05/output/trial_41/model_summary.png",
        "confusion_matrix": "/home/krakerlu/github/ImageMLResearch/demo/chihuahua_vs_muffin/experiments/experiment_05/output/trial_41/confusion_matrix.png",
        "training_history": "/home/krakerlu/github/ImageMLResearch/demo/chihuahua_vs_muffin/experiments/experiment_05/output/trial_41/training_history.png"
    },
    "evaluation_metrics": {
        "train": {
            "accuracy": 0.9956250190734863,
            "precision": 0.9956250190734863,
            "recall": 0.9956250190734863,
            "f1": 0.9956249690734889,
            "classification_report": {
                "chihuahua": {
                    "precision": 0.9937747594793436,
                    "recall": 0.9982944855031268,
                    "f1-score": 0.9960294951786727,
                    "support": 1759
                },
                "muffin": {
                    "precision": 0.9979064898813678,
                    "recall": 0.9923664122137404,
                    "f1-score": 0.9951287404314544,
                    "support": 1441
                },
                "micro avg": {
                    "precision": 0.995625,
                    "recall": 0.995625,
                    "f1-score": 0.995625,
                    "support": 3200
                },
                "macro avg": {
                    "precision": 0.9958406246803557,
                    "recall": 0.9953304488584336,
                    "f1-score": 0.9955791178050635,
                    "support": 3200
                },
                "weighted avg": {
                    "precision": 0.9956353293260051,
                    "recall": 0.995625,
                    "f1-score": 0.9956238740565659,
                    "support": 3200
                },
                "samples avg": {
                    "precision": 0.995625,
                    "recall": 0.995625,
                    "f1-score": 0.995625,
                    "support": 3200
                }
            }
        },
        "val": {
            "accuracy": 0.987500011920929,
            "precision": 0.987500011920929,
            "recall": 0.987500011920929,
            "f1": 0.9874999619209315,
            "classification_report": {
                "chihuahua": {
                    "precision": 0.9876160990712074,
                    "recall": 0.9876160990712074,
                    "f1-score": 0.9876160990712074,
                    "support": 323
                },
                "muffin": {
                    "precision": 0.9873817034700315,
                    "recall": 0.9873817034700315,
                    "f1-score": 0.9873817034700315,
                    "support": 317
                },
                "micro avg": {
                    "precision": 0.9875,
                    "recall": 0.9875,
                    "f1-score": 0.9875,
                    "support": 640
                },
                "macro avg": {
                    "precision": 0.9874989012706195,
                    "recall": 0.9874989012706195,
                    "f1-score": 0.9874989012706195,
                    "support": 640
                },
                "weighted avg": {
                    "precision": 0.9875,
                    "recall": 0.9875,
                    "f1-score": 0.9875,
                    "support": 640
                },
                "samples avg": {
                    "precision": 0.9875,
                    "recall": 0.9875,
                    "f1-score": 0.9875,
                    "support": 640
                }
            }
        },
        "test": {
            "accuracy": 0.9820828437805176,
            "precision": 0.9820828437805176,
            "recall": 0.9820828437805176,
            "f1": 0.9820827937805201,
            "classification_report": {
                "chihuahua": {
                    "precision": 0.9812108559498957,
                    "recall": 0.9853249475890985,
                    "f1-score": 0.9832635983263598,
                    "support": 477
                },
                "muffin": {
                    "precision": 0.9830917874396136,
                    "recall": 0.9783653846153846,
                    "f1-score": 0.980722891566265,
                    "support": 416
                },
                "micro avg": {
                    "precision": 0.9820828667413214,
                    "recall": 0.9820828667413214,
                    "f1-score": 0.9820828667413214,
                    "support": 893
                },
                "macro avg": {
                    "precision": 0.9821513216947546,
                    "recall": 0.9818451661022416,
                    "f1-score": 0.9819932449463125,
                    "support": 893
                },
                "weighted avg": {
                    "precision": 0.9820870793538403,
                    "recall": 0.9820828667413214,
                    "f1-score": 0.9820800216049719,
                    "support": 893
                },
                "samples avg": {
                    "precision": 0.9820828667413214,
                    "recall": 0.9820828667413214,
                    "f1-score": 0.9820828667413214,
                    "support": 893
                }
            }
        }
    },
    "training_history": {
        "accuracy": [
            0.6868749856948853,
            0.8596875071525574,
            0.9234374761581421,
            0.9449999928474426,
            0.9559375047683716,
            0.9659374952316284,
            0.9706249833106995,
            0.973437488079071,
            0.9756249785423279,
            0.9781249761581421,
            0.9790624976158142,
            0.981249988079071,
            0.9834374785423279,
            0.9831249713897705,
            0.9834374785423279,
            0.9871875047683716,
            0.9862499833106995,
            0.9853125214576721,
            0.9884374737739563,
            0.9865624904632568,
            0.9887499809265137,
            0.9893749952316284,
            0.989062488079071,
            0.9928125143051147,
            0.9915624856948853
        ],
        "loss": [
            0.6239335536956787,
            0.3358827233314514,
            0.21570606529712677,
            0.16083835065364838,
            0.13751113414764404,
            0.10848502069711685,
            0.09142832458019257,
            0.08574774116277695,
            0.08087287843227386,
            0.07134994864463806,
            0.06663580238819122,
            0.060267385095357895,
            0.05901462584733963,
            0.05031737685203552,
            0.05243061110377312,
            0.043751850724220276,
            0.04339449852705002,
            0.04274483770132065,
            0.03817499801516533,
            0.03716636821627617,
            0.03453858569264412,
            0.03546375408768654,
            0.0316377729177475,
            0.028409695252776146,
            0.029492810368537903
        ],