{
    "name": "trial_71",
    "start_time": "2024-10-27 12:01:03.304",
    "duration": "0:05:45.798",
    "directory": "/home/krakerlu/github/ImageMLResearch/demo/chihuahua_vs_muffin/experiments/experiment_04/output/trial_71",
    "hyperparameters": {
        "normalization": "min_max",
        "batch_size": 128,
        "learning_rate": 5.732474227053105e-05
    },
    "figures": {
        "training_history": "/home/krakerlu/github/ImageMLResearch/demo/chihuahua_vs_muffin/experiments/experiment_04/output/trial_71/training_history.png"
    },
    "evaluation_metrics": {
        "train": {
            "accuracy": 0.9126169681549072,
            "precision": 0.9126169681549072,
            "recall": 0.9126169681549072,
            "f1": 0.91261691815491,
            "classification_report": {
                "chihuahua": {
                    "precision": 0.9152450582182508,
                    "recall": 0.9270433351618211,
                    "f1-score": 0.9211064177680883,
                    "support": 3646
                },
                "muffin": {
                    "precision": 0.9093078758949881,
                    "recall": 0.8949664429530201,
                    "f1-score": 0.9020801623541349,
                    "support": 2980
                },
                "micro avg": {
                    "precision": 0.912616963477211,
                    "recall": 0.912616963477211,
                    "f1-score": 0.912616963477211,
                    "support": 6626
                },
                "macro avg": {
                    "precision": 0.9122764670566195,
                    "recall": 0.9110048890574206,
                    "f1-score": 0.9115932900611117,
                    "support": 6626
                },
                "weighted avg": {
                    "precision": 0.9125748494462432,
                    "recall": 0.912616963477211,
                    "f1-score": 0.9125494843039197,
                    "support": 6626
                },
                "samples avg": {
                    "precision": 0.912616963477211,
                    "recall": 0.912616963477211,
                    "f1-score": 0.912616963477211,
                    "support": 6626
                }
            }
        },
        "val": {
            "accuracy": 0.8462623357772827,
            "precision": 0.8462623357772827,
            "recall": 0.8462623357772827,
            "f1": 0.8462622857772857,
            "classification_report": {
                "chihuahua": {
                    "precision": 0.9230769230769231,
                    "recall": 0.7624309392265194,
                    "f1-score": 0.8350983358547656,
                    "support": 362
                },
                "muffin": {
                    "precision": 0.7902439024390244,
                    "recall": 0.9337175792507204,
                    "f1-score": 0.8560105680317041,
                    "support": 347
                },
                "micro avg": {
                    "precision": 0.846262341325811,
                    "recall": 0.846262341325811,
                    "f1-score": 0.846262341325811,
                    "support": 709
                },
                "macro avg": {
                    "precision": 0.8566604127579738,
                    "recall": 0.8480742592386199,
                    "f1-score": 0.8455544519432348,
                    "support": 709
                },
                "weighted avg": {
                    "precision": 0.8580655575461039,
                    "recall": 0.846262341325811,
                    "f1-score": 0.8453332365111799,
                    "support": 709
                },
                "samples avg": {
                    "precision": 0.846262341325811,
                    "recall": 0.846262341325811,
                    "f1-score": 0.846262341325811,
                    "support": 709
                }
            }
        },
        "test": {
            "accuracy": 0.8691983222961426,
            "precision": 0.8691983222961426,
            "recall": 0.8691983222961426,
            "f1": 0.8691982722961454,
            "classification_report": {
                "chihuahua": {
                    "precision": 0.9323076923076923,
                    "recall": 0.8101604278074866,
                    "f1-score": 0.8669527896995708,
                    "support": 374
                },
                "muffin": {
                    "precision": 0.8160621761658031,
                    "recall": 0.9347181008902077,
                    "f1-score": 0.8713692946058091,
                    "support": 337
                },
                "micro avg": {
                    "precision": 0.869198312236287,
                    "recall": 0.869198312236287,
                    "f1-score": 0.869198312236287,
                    "support": 711
                },
                "macro avg": {
                    "precision": 0.8741849342367477,
                    "recall": 0.8724392643488472,
                    "f1-score": 0.86916104215269,
                    "support": 711
                },
                "weighted avg": {
                    "precision": 0.8772096065976829,
                    "recall": 0.869198312236287,
                    "f1-score": 0.8690461260615994,
                    "support": 711
                },
                "samples avg": {
                    "precision": 0.869198312236287,
                    "recall": 0.869198312236287,
                    "f1-score": 0.869198312236287,
                    "support": 711
                }
            }
        }
    },
    "training_history": {
        "accuracy": [
            0.6592212319374084,
            0.763054609298706,
            0.8004829287528992,
            0.8210081458091736,
            0.8466646671295166,
            0.8478720188140869,
            0.8650769591331482,
            0.8717174530029297,
            0.878358006477356,
            0.8845457434654236,
            0.8907334804534912,
            0.8898279666900635,
            0.8822818994522095,
            0.8942046761512756,
            0.8878659605979919
        ],
        "loss": [
            0.6118370294570923,
            0.5015550851821899,
            0.44708603620529175,
            0.4093618094921112,
            0.37246692180633545,
            0.3649106025695801,
            0.330987811088562,
            0.3239997625350952,
            0.31047067046165466,
            0.30132848024368286,
            0.2797439694404602,
            0.2737235128879547,
            0.2961912155151367,
            0.26774707436561584,
            0.2774158716201782
        ],
        "val_accuracy": [
            0.737658679485321,
            0.8222849369049072,
            0.7433004379272461,
            0.7630465626716614,
            0.8180536031723022,
            0.7700987458229065,
            0.8406205773353577,
            0.8279266357421875,
            0.8420310020446777,
            0.8208744525909424,
            0.8547249436378479,
            0.8631876111030579,
            0.8377997279167175,
            0.8208744525909424,
            0.8462623357772827
        ],
        "val_loss": [
            0.5274950265884399,
            0.4282849431037903,
            0.5238566398620605,
            0.5104595422744751,
            0.4071096181869507,
            0.5232529044151306,
            0.37838128209114075,
            0.4016530513763428,
            0.37872809171676636,
            0.4301972985267639,
            0.34596961736679077,
            0.32734423875808716,
            0.37688958644866943,
            0.43674665689468384,
            0.35557833313941956
        ]
    }
}