{
    "name": "trial_12",
    "start_time": "2024-10-24 11:49:23.126",
    "duration": "0:05:42.355",
    "directory": "/home/krakerlu/github/ImageMLResearch/demo/chihuahua_vs_muffin/experiments/experiment_04/output/trial_12",
    "hyperparameters": {
        "normalization": "standard",
        "batch_size": 128,
        "learning_rate": 5.926602301178002e-05
    },
    "figures": {
        "training_history": "/home/krakerlu/github/ImageMLResearch/demo/chihuahua_vs_muffin/experiments/experiment_04/output/trial_12/training_history.png"
    },
    "evaluation_metrics": {
        "train": {
            "accuracy": 0.9607606530189514,
            "precision": 0.9607606530189514,
            "recall": 0.9607606530189514,
            "f1": 0.9607606030189539,
            "classification_report": {
                "chihuahua": {
                    "precision": 0.9603045133224578,
                    "recall": 0.9687328579264948,
                    "f1-score": 0.9645002730748226,
                    "support": 3646
                },
                "muffin": {
                    "precision": 0.9613297150610584,
                    "recall": 0.951006711409396,
                    "f1-score": 0.956140350877193,
                    "support": 2980
                },
                "micro avg": {
                    "precision": 0.9607606399034108,
                    "recall": 0.9607606399034108,
                    "f1-score": 0.9607606399034108,
                    "support": 6626
                },
                "macro avg": {
                    "precision": 0.9608171141917581,
                    "recall": 0.9598697846679454,
                    "f1-score": 0.9603203119760078,
                    "support": 6626
                },
                "weighted avg": {
                    "precision": 0.9607655910738959,
                    "recall": 0.9607606399034108,
                    "f1-score": 0.9607404529497189,
                    "support": 6626
                },
                "samples avg": {
                    "precision": 0.9607606399034108,
                    "recall": 0.9607606399034108,
                    "f1-score": 0.9607606399034108,
                    "support": 6626
                }
            }
        },
        "val": {
            "accuracy": 0.8533145189285278,
            "precision": 0.8533145189285278,
            "recall": 0.8533145189285278,
            "f1": 0.8533144689285307,
            "classification_report": {
                "chihuahua": {
                    "precision": 0.954225352112676,
                    "recall": 0.7486187845303868,
                    "f1-score": 0.8390092879256966,
                    "support": 362
                },
                "muffin": {
                    "precision": 0.7858823529411765,
                    "recall": 0.962536023054755,
                    "f1-score": 0.8652849740932642,
                    "support": 347
                },
                "micro avg": {
                    "precision": 0.8533145275035261,
                    "recall": 0.8533145275035261,
                    "f1-score": 0.8533145275035261,
                    "support": 709
                },
                "macro avg": {
                    "precision": 0.8700538525269262,
                    "recall": 0.855577403792571,
                    "f1-score": 0.8521471310094804,
                    "support": 709
                },
                "weighted avg": {
                    "precision": 0.8718346317847349,
                    "recall": 0.8533145275035261,
                    "f1-score": 0.8518691794632791,
                    "support": 709
                },
                "samples avg": {
                    "precision": 0.8533145275035261,
                    "recall": 0.8533145275035261,
                    "f1-score": 0.8533145275035261,
                    "support": 709
                }
            }
        },
        "test": {
            "accuracy": 0.8832629919052124,
            "precision": 0.8832629919052124,
            "recall": 0.8832629919052124,
            "f1": 0.8832629419052151,
            "classification_report": {
                "chihuahua": {
                    "precision": 0.9532710280373832,
                    "recall": 0.8181818181818182,
                    "f1-score": 0.8805755395683453,
                    "support": 374
                },
                "muffin": {
                    "precision": 0.8256410256410256,
                    "recall": 0.9554896142433235,
                    "f1-score": 0.8858321870701513,
                    "support": 337
                },
                "micro avg": {
                    "precision": 0.8832630098452883,
                    "recall": 0.8832630098452883,
                    "f1-score": 0.8832630098452883,
                    "support": 711
                },
                "macro avg": {
                    "precision": 0.8894560268392044,
                    "recall": 0.8868357162125708,
                    "f1-score": 0.8832038633192483,
                    "support": 711
                },
                "weighted avg": {
                    "precision": 0.892776920009855,
                    "recall": 0.8832630098452883,
                    "f1-score": 0.8830670869777808,
                    "support": 711
                },
                "samples avg": {
                    "precision": 0.8832630098452883,
                    "recall": 0.8832630098452883,
                    "f1-score": 0.8832630098452883,
                    "support": 711
                }
            }
        }
    },
    "training_history": {
        "accuracy": [
            0.7047992944717407,
            0.776939332485199,
            0.8208572268486023,
            0.8465137481689453,
            0.8673408031463623,
            0.8779052495956421,
            0.8925445079803467,
            0.9005433320999146,
            0.9088439345359802,
            0.9115605354309082,
            0.9198611378669739,
            0.9292182326316833,
            0.9346513748168945,
            0.9424992203712463,
            0.9495925307273865
        ],
        "loss": [
            0.5618005990982056,
            0.4843218922615051,
            0.4119288921356201,
            0.3609106242656708,
            0.3240607976913452,
            0.2937489449977875,
            0.27066653966903687,
            0.25507649779319763,
            0.23712769150733948,
            0.2231941819190979,
            0.2041022628545761,
            0.17815512418746948,
            0.1669500172138214,
            0.1530996412038803,
            0.14070087671279907
        ],
        "val_accuracy": [
            0.7813822031021118,
            0.8222849369049072,
            0.8138222694396973,
            0.8293371200561523,
            0.8377997279167175,
            0.8448519110679626,
            0.8462623357772827,
            0.8575458526611328,
            0.8561354279518127,
            0.8490832448005676,
            0.8589562773704529,
            0.8645980358123779,
            0.8688293099403381,
            0.8688293099403381,
            0.8533145189285278
        ],
        "val_loss": [
            0.47448983788490295,
            0.4139900207519531,
            0.4189091920852661,
            0.40931442379951477,
            0.413662850856781,
            0.40233027935028076,
            0.4166339039802551,
            0.3522454798221588,
            0.3465469479560852,
            0.3620363473892212,
            0.3480502963066101,
            0.3404696583747864,
            0.3418980836868286,
            0.3378427028656006,
            0.4012511968612671
        ]
    }
}