{
    "name": "trial_13",
    "start_time": "2024-10-20 11:44:03.155",
    "duration": "18.345",
    "directory": "/home/krakerlu/github/ImageMLResearch/demo/chihuahua_vs_muffin/experiments/experiment_03/output/trial_13",
    "hyperparameters": {
        "units1": 64,
        "kernel_size1": 7,
        "units2": 32,
        "kernel_size2": 3,
        "dense_units": 512,
        "dropout_rate": 0.37797444242236816,
        "learning_rate": 3.366101269326337e-05
    },
    "figures": {
        "model_summary": "/home/krakerlu/github/ImageMLResearch/demo/chihuahua_vs_muffin/experiments/experiment_03/output/trial_13/model_summary.png",
        "confusion_matrix": "/home/krakerlu/github/ImageMLResearch/demo/chihuahua_vs_muffin/experiments/experiment_03/output/trial_13/confusion_matrix.png",
        "training_history": "/home/krakerlu/github/ImageMLResearch/demo/chihuahua_vs_muffin/experiments/experiment_03/output/trial_13/training_history.png"
    },
    "evaluation_metrics": {
        "train": {
            "accuracy": 0.8912500143051147,
            "precision": 0.8912500143051147,
            "recall": 0.8912500143051147,
            "f1": 0.8912499643051175,
            "classification_report": {
                "chihuahua": {
                    "precision": 0.9089855072463768,
                    "recall": 0.8914155770324048,
                    "f1-score": 0.9001148105625718,
                    "support": 1759
                },
                "muffin": {
                    "precision": 0.8705084745762712,
                    "recall": 0.8910478834142956,
                    "f1-score": 0.8806584362139918,
                    "support": 1441
                },
                "micro avg": {
                    "precision": 0.89125,
                    "recall": 0.89125,
                    "f1-score": 0.89125,
                    "support": 3200
                },
                "macro avg": {
                    "precision": 0.889746990911324,
                    "recall": 0.8912317302233502,
                    "f1-score": 0.8903866233882818,
                    "support": 3200
                },
                "weighted avg": {
                    "precision": 0.8916588184721199,
                    "recall": 0.89125,
                    "f1-score": 0.8913533619887269,
                    "support": 3200
                },
                "samples avg": {
                    "precision": 0.89125,
                    "recall": 0.89125,
                    "f1-score": 0.89125,
                    "support": 3200
                }
            }
        },
        "val": {
            "accuracy": 0.859375,
            "precision": 0.859375,
            "recall": 0.859375,
            "f1": 0.8593749500000029,
            "classification_report": {
                "chihuahua": {
                    "precision": 0.8698412698412699,
                    "recall": 0.848297213622291,
                    "f1-score": 0.8589341692789969,
                    "support": 323
                },
                "muffin": {
                    "precision": 0.8492307692307692,
                    "recall": 0.8706624605678234,
                    "f1-score": 0.8598130841121495,
                    "support": 317
                },
                "micro avg": {
                    "precision": 0.859375,
                    "recall": 0.859375,
                    "f1-score": 0.859375,
                    "support": 640
                },
                "macro avg": {
                    "precision": 0.8595360195360195,
                    "recall": 0.8594798370950572,
                    "f1-score": 0.8593736266955732,
                    "support": 640
                },
                "weighted avg": {
                    "precision": 0.8596326312576312,
                    "recall": 0.859375,
                    "f1-score": 0.8593695067822928,
                    "support": 640
                },
                "samples avg": {
                    "precision": 0.859375,
                    "recall": 0.859375,
                    "f1-score": 0.859375,
                    "support": 640
                }
            }
        },
        "test": {
            "accuracy": 0.8734602332115173,
            "precision": 0.8734602332115173,
            "recall": 0.8734602332115173,
            "f1": 0.8734601832115202,
            "classification_report": {
                "chihuahua": {
                    "precision": 0.8872340425531915,
                    "recall": 0.8742138364779874,
                    "f1-score": 0.880675818373812,
                    "support": 477
                },
                "muffin": {
                    "precision": 0.8581560283687943,
                    "recall": 0.8725961538461539,
                    "f1-score": 0.865315852205006,
                    "support": 416
                },
                "micro avg": {
                    "precision": 0.8734602463605823,
                    "recall": 0.8734602463605823,
                    "f1-score": 0.8734602463605823,
                    "support": 893
                },
                "macro avg": {
                    "precision": 0.8726950354609929,
                    "recall": 0.8734049951620706,
                    "f1-score": 0.8729958352894089,
                    "support": 893
                },
                "weighted avg": {
                    "precision": 0.8736881815221621,
                    "recall": 0.8734602463605823,
                    "f1-score": 0.8735204477957345,
                    "support": 893
                },
                "samples avg": {
                    "precision": 0.8734602463605823,
                    "recall": 0.8734602463605823,
                    "f1-score": 0.8734602463605823,
                    "support": 893
                }
            }
        }
    },
    "training_history": {
        "accuracy": [
            0.5571874976158142,
            0.635937511920929,
            0.7184374928474426,
            0.7393749952316284,
            0.7671874761581421,
            0.7778124809265137,
            0.7993749976158142,
            0.8137500286102295,
            0.815625011920929,
            0.8240625262260437,
            0.8296874761581421,
            0.8450000286102295,
            0.8431249856948853,
            0.8428124785423279,
            0.8487499952316284,
            0.854687511920929,
            0.8612499833106995,
            0.8650000095367432,
            0.8628125190734863,
            0.8693749904632568,
            0.8709375262260437,
            0.8725000023841858,
            0.8784375190734863,
            0.8815624713897705,
            0.8828125
        ],
        "loss": [
            0.6813803315162659,
            0.6453292965888977,
            0.5806382894515991,
            0.534061849117279,
            0.5000512599945068,
            0.47711285948753357,
            0.4459548890590668,
            0.4306158125400543,
            0.41518843173980713,
            0.4096963107585907,
            0.3929751217365265,
            0.37044990062713623,
            0.36840516328811646,
            0.3656679093837738,
            0.3479476869106293,
            0.34376853704452515,
            0.33952346444129944,
            0.32729190587997437,
            0.3253149092197418,
            0.3197896480560303,
            0.3116563558578491,
            0.30605992674827576,
            0.30188027024269104,
            0.29597681760787964,
            0.2958326041698456
        ],