{
    "name": "trial_4",
    "start_time": "2024-10-23 08:23:21.538",
    "duration": "21.483",
    "directory": "/home/krakerlu/github/ImageMLResearch/demo/chihuahua_vs_muffin/experiments/experiment_05/output/trial_4",
    "hyperparameters": {
        "dense_units": 512,
        "dropout_rate": 0.4680168863573586,
        "learning_rate": 7.157047207151639e-05
    },
    "figures": {
        "model_summary": "/home/krakerlu/github/ImageMLResearch/demo/chihuahua_vs_muffin/experiments/experiment_05/output/trial_4/model_summary.png",
        "confusion_matrix": "/home/krakerlu/github/ImageMLResearch/demo/chihuahua_vs_muffin/experiments/experiment_05/output/trial_4/confusion_matrix.png",
        "training_history": "/home/krakerlu/github/ImageMLResearch/demo/chihuahua_vs_muffin/experiments/experiment_05/output/trial_4/training_history.png"
    },
    "evaluation_metrics": {
        "train": {
            "accuracy": 0.9996874928474426,
            "precision": 0.9996874928474426,
            "recall": 0.9996874928474426,
            "f1": 0.9996874428474452,
            "classification_report": {
                "chihuahua": {
                    "precision": 1.0,
                    "recall": 0.9994314951677089,
                    "f1-score": 0.9997156667614444,
                    "support": 1759
                },
                "muffin": {
                    "precision": 0.9993065187239945,
                    "recall": 1.0,
                    "f1-score": 0.9996531390912244,
                    "support": 1441
                },
                "micro avg": {
                    "precision": 0.9996875,
                    "recall": 0.9996875,
                    "f1-score": 0.9996875,
                    "support": 3200
                },
                "macro avg": {
                    "precision": 0.9996532593619972,
                    "recall": 0.9997157475838545,
                    "f1-score": 0.9996844029263344,
                    "support": 3200
                },
                "weighted avg": {
                    "precision": 0.9996877167128987,
                    "recall": 0.9996875,
                    "f1-score": 0.9996875097699484,
                    "support": 3200
                },
                "samples avg": {
                    "precision": 0.9996875,
                    "recall": 0.9996875,
                    "f1-score": 0.9996875,
                    "support": 3200
                }
            }
        },
        "val": {
            "accuracy": 0.9921875,
            "precision": 0.9921875,
            "recall": 0.9921875,
            "f1": 0.9921874500000025,
            "classification_report": {
                "chihuahua": {
                    "precision": 0.9937888198757764,
                    "recall": 0.9907120743034056,
                    "f1-score": 0.9922480620155039,
                    "support": 323
                },
                "muffin": {
                    "precision": 0.9905660377358491,
                    "recall": 0.9936908517350158,
                    "f1-score": 0.9921259842519685,
                    "support": 317
                },
                "micro avg": {
                    "precision": 0.9921875,
                    "recall": 0.9921875,
                    "f1-score": 0.9921875,
                    "support": 640
                },
                "macro avg": {
                    "precision": 0.9921774288058127,
                    "recall": 0.9922014630192106,
                    "f1-score": 0.9921870231337362,
                    "support": 640
                },
                "weighted avg": {
                    "precision": 0.9921925355970936,
                    "recall": 0.9921875,
                    "f1-score": 0.9921875953732527,
                    "support": 640
                },
                "samples avg": {
                    "precision": 0.9921875,
                    "recall": 0.9921875,
                    "f1-score": 0.9921875,
                    "support": 640
                }
            }
        },
        "test": {
            "accuracy": 0.9876819849014282,
            "precision": 0.9876819849014282,
            "recall": 0.9876819849014282,
            "f1": 0.9876819349014307,
            "classification_report": {
                "chihuahua": {
                    "precision": 0.9854166666666667,
                    "recall": 0.9916142557651991,
                    "f1-score": 0.9885057471264368,
                    "support": 477
                },
                "muffin": {
                    "precision": 0.9903147699757869,
                    "recall": 0.9831730769230769,
                    "f1-score": 0.9867310012062727,
                    "support": 416
                },
                "micro avg": {
                    "precision": 0.9876819708846585,
                    "recall": 0.9876819708846585,
                    "f1-score": 0.9876819708846585,
                    "support": 893
                },
                "macro avg": {
                    "precision": 0.9878657183212268,
                    "recall": 0.987393666344138,
                    "f1-score": 0.9876183741663547,
                    "support": 893
                },
                "weighted avg": {
                    "precision": 0.9876984258789779,
                    "recall": 0.9876819708846585,
                    "f1-score": 0.9876789897884881,
                    "support": 893
                },
                "samples avg": {
                    "precision": 0.9876819708846585,
                    "recall": 0.9876819708846585,
                    "f1-score": 0.9876819708846585,
                    "support": 893
                }
            }
        }
    },
    "training_history": {
        "accuracy": [
            0.8028125166893005,
            0.957812488079071,
            0.9740625023841858,
            0.9781249761581421,
            0.981249988079071,
            0.9862499833106995,
            0.9856250286102295,
            0.9887499809265137,
            0.9884374737739563,
            0.9903125166893005,
            0.9915624856948853,
            0.9934375286102295,
            0.9943749904632568,
            0.9915624856948853,
            0.9959375262260437,
            0.9965624809265137,
            0.9962499737739563,
            0.996874988079071,
            0.9984375238418579,
            0.996874988079071,
            0.9990624785423279,
            0.9981250166893005,
            0.9978125095367432,
            0.9990624785423279,
            0.9987499713897705
        ],
        "loss": [
            0.46202778816223145,
            0.11273118853569031,
            0.07576429098844528,
            0.06614407896995544,
            0.058836497366428375,
            0.04035080596804619,
            0.04048285633325577,
            0.03451622650027275,
            0.031223682686686516,
            0.025566596537828445,
            0.023019473999738693,
            0.01982605829834938,
            0.018604137003421783,
            0.020358964800834656,
            0.014092551544308662,
            0.013974335044622421,
            0.013192853890359402,
            0.012172183021903038,
            0.00906322430819273,
            0.009316135197877884,
            0.007618607487529516,
            0.009053698740899563,
            0.008499214425683022,
            0.006632238160818815,
            0.007289305794984102
        ],