{
    "name": "trial_70",
    "start_time": "2024-10-20 12:12:43.323",
    "duration": "29.473",
    "directory": "/home/krakerlu/github/ImageMLResearch/demo/chihuahua_vs_muffin/experiments/experiment_03/output/trial_70",
    "hyperparameters": {
        "units1": 128,
        "kernel_size1": 3,
        "units2": 64,
        "kernel_size2": 5,
        "dense_units": 128,
        "dropout_rate": 0.09280609924700182,
        "learning_rate": 0.00012934502867174283
    },
    "figures": {
        "model_summary": "/home/krakerlu/github/ImageMLResearch/demo/chihuahua_vs_muffin/experiments/experiment_03/output/trial_70/model_summary.png",
        "confusion_matrix": "/home/krakerlu/github/ImageMLResearch/demo/chihuahua_vs_muffin/experiments/experiment_03/output/trial_70/confusion_matrix.png",
        "training_history": "/home/krakerlu/github/ImageMLResearch/demo/chihuahua_vs_muffin/experiments/experiment_03/output/trial_70/training_history.png"
    },
    "evaluation_metrics": {
        "train": {
            "accuracy": 0.918749988079071,
            "precision": 0.918749988079071,
            "recall": 0.918749988079071,
            "f1": 0.9187499380790738,
            "classification_report": {
                "chihuahua": {
                    "precision": 0.9914754098360655,
                    "recall": 0.8595793064241046,
                    "f1-score": 0.9208282582216809,
                    "support": 1759
                },
                "muffin": {
                    "precision": 0.8525373134328358,
                    "recall": 0.9909784871616932,
                    "f1-score": 0.9165596919127086,
                    "support": 1441
                },
                "micro avg": {
                    "precision": 0.91875,
                    "recall": 0.91875,
                    "f1-score": 0.91875,
                    "support": 3200
                },
                "macro avg": {
                    "precision": 0.9220063616344507,
                    "recall": 0.9252788967928989,
                    "f1-score": 0.9186939750671947,
                    "support": 3200
                },
                "weighted avg": {
                    "precision": 0.9289098482994862,
                    "recall": 0.91875,
                    "f1-score": 0.9189060694556719,
                    "support": 3200
                },
                "samples avg": {
                    "precision": 0.91875,
                    "recall": 0.91875,
                    "f1-score": 0.91875,
                    "support": 3200
                }
            }
        },
        "val": {
            "accuracy": 0.870312511920929,
            "precision": 0.870312511920929,
            "recall": 0.870312511920929,
            "f1": 0.8703124619209318,
            "classification_report": {
                "chihuahua": {
                    "precision": 0.9545454545454546,
                    "recall": 0.7801857585139319,
                    "f1-score": 0.858603066439523,
                    "support": 323
                },
                "muffin": {
                    "precision": 0.8111702127659575,
                    "recall": 0.9621451104100947,
                    "f1-score": 0.8802308802308803,
                    "support": 317
                },
                "micro avg": {
                    "precision": 0.8703125,
                    "recall": 0.8703125,
                    "f1-score": 0.8703125,
                    "support": 640
                },
                "macro avg": {
                    "precision": 0.882857833655706,
                    "recall": 0.8711654344620132,
                    "f1-score": 0.8694169733352016,
                    "support": 640
                },
                "weighted avg": {
                    "precision": 0.8835299051015474,
                    "recall": 0.8703125,
                    "f1-score": 0.8693155929580547,
                    "support": 640
                },
                "samples avg": {
                    "precision": 0.8703125,
                    "recall": 0.8703125,
                    "f1-score": 0.8703125,
                    "support": 640
                }
            }
        },
        "test": {
            "accuracy": 0.8846584558486938,
            "precision": 0.8846584558486938,
            "recall": 0.8846584558486938,
            "f1": 0.8846584058486966,
            "classification_report": {
                "chihuahua": {
                    "precision": 0.9473684210526315,
                    "recall": 0.8301886792452831,
                    "f1-score": 0.8849162011173184,
                    "support": 477
                },
                "muffin": {
                    "precision": 0.8294736842105264,
                    "recall": 0.9471153846153846,
                    "f1-score": 0.8843995510662177,
                    "support": 416
                },
                "micro avg": {
                    "precision": 0.8846584546472565,
                    "recall": 0.8846584546472565,
                    "f1-score": 0.8846584546472565,
                    "support": 893
                },
                "macro avg": {
                    "precision": 0.888421052631579,
                    "recall": 0.8886520319303338,
                    "f1-score": 0.884657876091768,
                    "support": 893
                },
                "weighted avg": {
                    "precision": 0.8924476925797136,
                    "recall": 0.8846584546472565,
                    "f1-score": 0.8846755220341628,
                    "support": 893
                },
                "samples avg": {
                    "precision": 0.8846584546472565,
                    "recall": 0.8846584546472565,
                    "f1-score": 0.8846584546472565,
                    "support": 893
                }
            }
        }
    },
    "training_history": {
        "accuracy": [
            0.6431249976158142,
            0.7737500071525574,
            0.8187500238418579,
            0.8340625166893005,
            0.8509374856948853,
            0.8646875023841858,
            0.8646875023841858,
            0.8712499737739563,
            0.8868749737739563,
            0.8793749809265137,
            0.8934375047683716,
            0.9021875262260437,
            0.9134374856948853,
            0.9112499952316284,
            0.9131249785423279,
            0.9021875262260437,
            0.9137499928474426,
            0.9212499856948853,
            0.9334375262260437,
            0.9393749833106995,
            0.9437500238418579,
            0.9521874785423279,
            0.9528124928474426,
            0.953125,
            0.9584375023841858
        ],
        "loss": [
            0.624337911605835,
            0.47707244753837585,
            0.4190708100795746,
            0.39140358567237854,
            0.35816314816474915,
            0.32983458042144775,
            0.3254176080226898,
            0.3100625276565552,
            0.2836599051952362,
            0.29524925351142883,
            0.26121407747268677,
            0.23941197991371155,
            0.2253117710351944,
            0.22486749291419983,
            0.21997438371181488,
            0.2340390831232071,
            0.21699392795562744,
            0.19667531549930573,
            0.16858741641044617,
            0.16389212012290955,
            0.14968141913414001,
            0.13452772796154022,
            0.13293661177158356,
            0.12744830548763275,
            0.11773151159286499
        ],