{
    "name": "trial_17",
    "start_time": "2024-10-24 12:18:03.173",
    "duration": "0:05:43.169",
    "directory": "/home/krakerlu/github/ImageMLResearch/demo/chihuahua_vs_muffin/experiments/experiment_04/output/trial_17",
    "hyperparameters": {
        "normalization": "standard",
        "batch_size": 128,
        "learning_rate": 5.00225082367396e-05
    },
    "figures": {
        "training_history": "/home/krakerlu/github/ImageMLResearch/demo/chihuahua_vs_muffin/experiments/experiment_04/output/trial_17/training_history.png"
    },
    "evaluation_metrics": {
        "train": {
            "accuracy": 0.9468759298324585,
            "precision": 0.9468759298324585,
            "recall": 0.9468759298324585,
            "f1": 0.9468758798324611,
            "classification_report": {
                "chihuahua": {
                    "precision": 0.9713795077275329,
                    "recall": 0.9308831596269885,
                    "f1-score": 0.9507002801120448,
                    "support": 3646
                },
                "muffin": {
                    "precision": 0.9195402298850575,
                    "recall": 0.9664429530201343,
                    "f1-score": 0.9424083769633508,
                    "support": 2980
                },
                "micro avg": {
                    "precision": 0.9468759432538485,
                    "recall": 0.9468759432538485,
                    "f1-score": 0.9468759432538485,
                    "support": 6626
                },
                "macro avg": {
                    "precision": 0.9454598688062952,
                    "recall": 0.9486630563235614,
                    "f1-score": 0.9465543285376978,
                    "support": 6626
                },
                "weighted avg": {
                    "precision": 0.948065132845164,
                    "recall": 0.9468759432538485,
                    "f1-score": 0.9469710511076518,
                    "support": 6626
                },
                "samples avg": {
                    "precision": 0.9468759432538485,
                    "recall": 0.9468759432538485,
                    "f1-score": 0.9468759432538485,
                    "support": 6626
                }
            }
        },
        "val": {
            "accuracy": 0.8265162110328674,
            "precision": 0.8265162110328674,
            "recall": 0.8265162110328674,
            "f1": 0.8265161610328704,
            "classification_report": {
                "chihuahua": {
                    "precision": 0.9649805447470817,
                    "recall": 0.6850828729281768,
                    "f1-score": 0.8012924071082391,
                    "support": 362
                },
                "muffin": {
                    "precision": 0.7477876106194691,
                    "recall": 0.9740634005763689,
                    "f1-score": 0.8460575719649562,
                    "support": 347
                },
                "micro avg": {
                    "precision": 0.8265162200282088,
                    "recall": 0.8265162200282088,
                    "f1-score": 0.8265162200282088,
                    "support": 709
                },
                "macro avg": {
                    "precision": 0.8563840776832754,
                    "recall": 0.8295731367522728,
                    "f1-score": 0.8236749895365977,
                    "support": 709
                },
                "weighted avg": {
                    "precision": 0.8586816051952036,
                    "recall": 0.8265162200282088,
                    "f1-score": 0.8232014511213291,
                    "support": 709
                },
                "samples avg": {
                    "precision": 0.8265162200282088,
                    "recall": 0.8265162200282088,
                    "f1-score": 0.8265162200282088,
                    "support": 709
                }
            }
        },
        "test": {
            "accuracy": 0.8410689234733582,
            "precision": 0.8410689234733582,
            "recall": 0.8410689234733582,
            "f1": 0.8410688734733611,
            "classification_report": {
                "chihuahua": {
                    "precision": 0.9547038327526133,
                    "recall": 0.732620320855615,
                    "f1-score": 0.8290468986384266,
                    "support": 374
                },
                "muffin": {
                    "precision": 0.7641509433962265,
                    "recall": 0.9614243323442137,
                    "f1-score": 0.8515111695137977,
                    "support": 337
                },
                "micro avg": {
                    "precision": 0.8410689170182841,
                    "recall": 0.8410689170182841,
                    "f1-score": 0.8410689170182841,
                    "support": 711
                },
                "macro avg": {
                    "precision": 0.8594273880744199,
                    "recall": 0.8470223265999144,
                    "f1-score": 0.8402790340761122,
                    "support": 711
                },
                "weighted avg": {
                    "precision": 0.8643855152939601,
                    "recall": 0.8410689170182841,
                    "f1-score": 0.8396945206989049,
                    "support": 711
                },
                "samples avg": {
                    "precision": 0.8410689170182841,
                    "recall": 0.8410689170182841,
                    "f1-score": 0.8410689170182841,
                    "support": 711
                }
            }
        }
    },
    "training_history": {
        "accuracy": [
            0.6919710040092468,
            0.7698460817337036,
            0.8056142330169678,
            0.818593442440033,
            0.8471174240112305,
            0.8632659316062927,
            0.878358006477356,
            0.8911862373352051,
            0.8887715339660645,
            0.895412027835846,
            0.9059764742851257,
            0.9120132923126221,
            0.9192574620246887,
            0.9263507127761841,
            0.9328403472900391
        ],
        "loss": [
            0.5733307003974915,
            0.48672735691070557,
            0.44232994318008423,
            0.415601521730423,
            0.357924222946167,
            0.3232220411300659,
            0.2988678216934204,
            0.2726574242115021,
            0.2720907926559448,
            0.2543013393878937,
            0.23458915948867798,
            0.21932460367679596,
            0.20396047830581665,
            0.18788866698741913,
            0.17669785022735596
        ],
        "val_accuracy": [
            0.7743300199508667,
            0.8081805109977722,
            0.8180536031723022,
            0.8025388121604919,
            0.798307478427887,
            0.8053596615791321,
            0.8208744525909424,
            0.8504936695098877,
            0.7827926874160767,
            0.7968970537185669,
            0.8081805109977722,
            0.8067700862884521,
            0.8335683941841125,
            0.8251057863235474,
            0.8265162110328674
        ],
        "val_loss": [
            0.4806765913963318,
            0.4267789423465729,
            0.389665812253952,
            0.43158480525016785,
            0.44857972860336304,
            0.4401908814907074,
            0.4095565378665924,
            0.3692954182624817,
            0.48028507828712463,
            0.46247512102127075,
            0.43752017617225647,
            0.4311921298503876,
            0.40087735652923584,
            0.4096758961677551,
            0.4240168631076813
        ]
    }
}