{
    "name": "trial_80",
    "start_time": "2024-10-20 12:17:30.562",
    "duration": "33.843",
    "directory": "/home/krakerlu/github/ImageMLResearch/demo/chihuahua_vs_muffin/experiments/experiment_03/output/trial_80",
    "hyperparameters": {
        "units1": 128,
        "kernel_size1": 5,
        "units2": 64,
        "kernel_size2": 7,
        "dense_units": 256,
        "dropout_rate": 0.1720125978938315,
        "learning_rate": 0.00014725953698654093
    },
    "figures": {
        "model_summary": "/home/krakerlu/github/ImageMLResearch/demo/chihuahua_vs_muffin/experiments/experiment_03/output/trial_80/model_summary.png",
        "confusion_matrix": "/home/krakerlu/github/ImageMLResearch/demo/chihuahua_vs_muffin/experiments/experiment_03/output/trial_80/confusion_matrix.png",
        "training_history": "/home/krakerlu/github/ImageMLResearch/demo/chihuahua_vs_muffin/experiments/experiment_03/output/trial_80/training_history.png"
    },
    "evaluation_metrics": {
        "train": {
            "accuracy": 0.979687511920929,
            "precision": 0.979687511920929,
            "recall": 0.979687511920929,
            "f1": 0.9796874619209315,
            "classification_report": {
                "chihuahua": {
                    "precision": 0.9947429906542056,
                    "recall": 0.9681637293916998,
                    "f1-score": 0.9812734082397003,
                    "support": 1759
                },
                "muffin": {
                    "precision": 0.9623655913978495,
                    "recall": 0.9937543372657877,
                    "f1-score": 0.9778081256401502,
                    "support": 1441
                },
                "micro avg": {
                    "precision": 0.9796875,
                    "recall": 0.9796875,
                    "f1-score": 0.9796875,
                    "support": 3200
                },
                "macro avg": {
                    "precision": 0.9785542910260275,
                    "recall": 0.9809590333287437,
                    "f1-score": 0.9795407669399252,
                    "support": 3200
                },
                "weighted avg": {
                    "precision": 0.9801630430515778,
                    "recall": 0.9796875,
                    "f1-score": 0.9797129481690905,
                    "support": 3200
                },
                "samples avg": {
                    "precision": 0.9796875,
                    "recall": 0.9796875,
                    "f1-score": 0.9796875,
                    "support": 3200
                }
            }
        },
        "val": {
            "accuracy": 0.8921874761581421,
            "precision": 0.8921874761581421,
            "recall": 0.8921874761581421,
            "f1": 0.8921874261581448,
            "classification_report": {
                "chihuahua": {
                    "precision": 0.9123376623376623,
                    "recall": 0.8699690402476781,
                    "f1-score": 0.8906497622820919,
                    "support": 323
                },
                "muffin": {
                    "precision": 0.8734939759036144,
                    "recall": 0.9148264984227129,
                    "f1-score": 0.8936825885978429,
                    "support": 317
                },
                "micro avg": {
                    "precision": 0.8921875,
                    "recall": 0.8921875,
                    "f1-score": 0.8921875,
                    "support": 640
                },
                "macro avg": {
                    "precision": 0.8929158191206383,
                    "recall": 0.8923977693351954,
                    "f1-score": 0.8921661754399675,
                    "support": 640
                },
                "weighted avg": {
                    "precision": 0.8930978989007979,
                    "recall": 0.8921875,
                    "f1-score": 0.8921519590666123,
                    "support": 640
                },
                "samples avg": {
                    "precision": 0.8921875,
                    "recall": 0.8921875,
                    "f1-score": 0.8921875,
                    "support": 640
                }
            }
        },
        "test": {
            "accuracy": 0.8891377449035645,
            "precision": 0.8891377449035645,
            "recall": 0.8891377449035645,
            "f1": 0.8891376949035672,
            "classification_report": {
                "chihuahua": {
                    "precision": 0.9108695652173913,
                    "recall": 0.8784067085953878,
                    "f1-score": 0.8943436499466382,
                    "support": 477
                },
                "muffin": {
                    "precision": 0.8660508083140878,
                    "recall": 0.9014423076923077,
                    "f1-score": 0.8833922261484098,
                    "support": 416
                },
                "micro avg": {
                    "precision": 0.8891377379619261,
                    "recall": 0.8891377379619261,
                    "f1-score": 0.8891377379619261,
                    "support": 893
                },
                "macro avg": {
                    "precision": 0.8884601867657396,
                    "recall": 0.8899245081438478,
                    "f1-score": 0.888867938047524,
                    "support": 893
                },
                "weighted avg": {
                    "precision": 0.8899909505793462,
                    "recall": 0.8891377379619261,
                    "f1-score": 0.8892419788379451,
                    "support": 893
                },
                "samples avg": {
                    "precision": 0.8891377379619261,
                    "recall": 0.8891377379619261,
                    "f1-score": 0.8891377379619261,
                    "support": 893
                }
            }
        }
    },
    "training_history": {
        "accuracy": [
            0.6421874761581421,
            0.7718750238418579,
            0.8149999976158142,
            0.8309375047683716,
            0.8481249809265137,
            0.8621875047683716,
            0.8637499809265137,
            0.8846874833106995,
            0.8912500143051147,
            0.8890625238418579,
            0.9068750143051147,
            0.9193750023841858,
            0.925000011920929,
            0.9318749904632568,
            0.9112499952316284,
            0.9281250238418579,
            0.9453125,
            0.953125,
            0.9584375023841858,
            0.9587500095367432,
            0.9653124809265137,
            0.9584375023841858,
            0.9356250166893005,
            0.9518749713897705,
            0.9771875143051147
        ],
        "loss": [
            0.6209695339202881,
            0.48616495728492737,
            0.4278816282749176,
            0.38794460892677307,
            0.3540254831314087,
            0.32926318049430847,
            0.32318106293678284,
            0.276849627494812,
            0.2708015441894531,
            0.2585262954235077,
            0.2335944026708603,
            0.2088228166103363,
            0.1925380676984787,
            0.18215374648571014,
            0.2134205400943756,
            0.18254560232162476,
            0.14537017047405243,
            0.12444881349802017,
            0.11024358868598938,
            0.11137784272432327,
            0.09444756805896759,
            0.11233724653720856,
            0.15093858540058136,
            0.12935404479503632,
            0.06432673335075378
        ],