{
    "name": "trial_42",
    "start_time": "2024-10-24 14:42:18.250",
    "duration": "0:05:43.980",
    "directory": "/home/krakerlu/github/ImageMLResearch/demo/chihuahua_vs_muffin/experiments/experiment_04/output/trial_42",
    "hyperparameters": {
        "normalization": "standard",
        "batch_size": 128,
        "learning_rate": 5.601496307037658e-05
    },
    "figures": {
        "training_history": "/home/krakerlu/github/ImageMLResearch/demo/chihuahua_vs_muffin/experiments/experiment_04/output/trial_42/training_history.png"
    },
    "evaluation_metrics": {
        "train": {
            "accuracy": 0.9462722539901733,
            "precision": 0.9462722539901733,
            "recall": 0.9462722539901733,
            "f1": 0.946272203990176,
            "classification_report": {
                "chihuahua": {
                    "precision": 0.9405463310123192,
                    "recall": 0.9632473944048272,
                    "f1-score": 0.9517615176151761,
                    "support": 3646
                },
                "muffin": {
                    "precision": 0.9536652835408023,
                    "recall": 0.925503355704698,
                    "f1-score": 0.9393732970027248,
                    "support": 2980
                },
                "micro avg": {
                    "precision": 0.946272260790824,
                    "recall": 0.946272260790824,
                    "f1-score": 0.946272260790824,
                    "support": 6626
                },
                "macro avg": {
                    "precision": 0.9471058072765608,
                    "recall": 0.9443753750547625,
                    "f1-score": 0.9455674073089504,
                    "support": 6626
                },
                "weighted avg": {
                    "precision": 0.9464464937854673,
                    "recall": 0.946272260790824,
                    "f1-score": 0.946189996723974,
                    "support": 6626
                },
                "samples avg": {
                    "precision": 0.946272260790824,
                    "recall": 0.946272260790824,
                    "f1-score": 0.946272260790824,
                    "support": 6626
                }
            }
        },
        "val": {
            "accuracy": 0.861777126789093,
            "precision": 0.861777126789093,
            "recall": 0.861777126789093,
            "f1": 0.8617770767890959,
            "classification_report": {
                "chihuahua": {
                    "precision": 0.9551724137931035,
                    "recall": 0.7651933701657458,
                    "f1-score": 0.8496932515337423,
                    "support": 362
                },
                "muffin": {
                    "precision": 0.7971360381861575,
                    "recall": 0.962536023054755,
                    "f1-score": 0.8720626631853786,
                    "support": 347
                },
                "micro avg": {
                    "precision": 0.8617771509167842,
                    "recall": 0.8617771509167842,
                    "f1-score": 0.8617771509167842,
                    "support": 709
                },
                "macro avg": {
                    "precision": 0.8761542259896304,
                    "recall": 0.8638646966102504,
                    "f1-score": 0.8608779573595604,
                    "support": 709
                },
                "weighted avg": {
                    "precision": 0.8778259789050777,
                    "recall": 0.8617771509167842,
                    "f1-score": 0.8606413274760807,
                    "support": 709
                },
                "samples avg": {
                    "precision": 0.8617771509167842,
                    "recall": 0.8617771509167842,
                    "f1-score": 0.8617771509167842,
                    "support": 709
                }
            }
        },
        "test": {
            "accuracy": 0.8691983222961426,
            "precision": 0.8691983222961426,
            "recall": 0.8691983222961426,
            "f1": 0.8691982722961454,
            "classification_report": {
                "chihuahua": {
                    "precision": 0.9517684887459807,
                    "recall": 0.7914438502673797,
                    "f1-score": 0.8642335766423358,
                    "support": 374
                },
                "muffin": {
                    "precision": 0.805,
                    "recall": 0.9554896142433235,
                    "f1-score": 0.8738127544097694,
                    "support": 337
                },
                "micro avg": {
                    "precision": 0.869198312236287,
                    "recall": 0.869198312236287,
                    "f1-score": 0.869198312236287,
                    "support": 711
                },
                "macro avg": {
                    "precision": 0.8783842443729903,
                    "recall": 0.8734667322553515,
                    "f1-score": 0.8690231655260525,
                    "support": 711
                },
                "weighted avg": {
                    "precision": 0.8822031150365638,
                    "recall": 0.869198312236287,
                    "f1-score": 0.8687739182845652,
                    "support": 711
                },
                "samples avg": {
                    "precision": 0.869198312236287,
                    "recall": 0.869198312236287,
                    "f1-score": 0.869198312236287,
                    "support": 711
                }
            }
        }
    },
    "training_history": {
        "accuracy": [
            0.6949894428253174,
            0.7722607851028442,
            0.796106219291687,
            0.8279504776000977,
            0.8468155860900879,
            0.8711137771606445,
            0.8846966624259949,
            0.8988831639289856,
            0.9049200415611267,
            0.9213703870773315,
            0.9207666516304016,
            0.9261997938156128,
            0.9289163947105408,
            0.9287654757499695,
            0.9393299221992493
        ],
        "loss": [
            0.5715786218643188,
            0.4828168749809265,
            0.4468652606010437,
            0.3984489142894745,
            0.3612835705280304,
            0.31280356645584106,
            0.28535908460617065,
            0.2598535120487213,
            0.24561668932437897,
            0.2174096405506134,
            0.20638489723205566,
            0.19711805880069733,
            0.18477685749530792,
            0.1802368462085724,
            0.1583644151687622
        ],
        "val_accuracy": [
            0.7870239615440369,
            0.8251057863235474,
            0.8194640278816223,
            0.8265162110328674,
            0.8377997279167175,
            0.8180536031723022,
            0.8236953616142273,
            0.8307475447654724,
            0.8279266357421875,
            0.8645980358123779,
            0.8279266357421875,
            0.8377997279167175,
            0.7968970537185669,
            0.8631876111030579,
            0.861777126789093
        ],
        "val_loss": [
            0.4735124707221985,
            0.40719136595726013,
            0.38904204964637756,
            0.373119056224823,
            0.36559030413627625,
            0.43602946400642395,
            0.43468746542930603,
            0.4111552834510803,
            0.4217992126941681,
            0.3368653357028961,
            0.42234185338020325,
            0.3901958167552948,
            0.46551012992858887,
            0.35482221841812134,
            0.35967016220092773
        ]
    }
}