{
    "name": "trial_77",
    "start_time": "2024-10-23 08:51:05.131",
    "duration": "21.146",
    "directory": "/home/krakerlu/github/ImageMLResearch/demo/chihuahua_vs_muffin/experiments/experiment_05/output/trial_77",
    "hyperparameters": {
        "dense_units": 512,
        "dropout_rate": 0.4065218139303472,
        "learning_rate": 1.791178358168555e-05
    },
    "figures": {
        "model_summary": "/home/krakerlu/github/ImageMLResearch/demo/chihuahua_vs_muffin/experiments/experiment_05/output/trial_77/model_summary.png",
        "confusion_matrix": "/home/krakerlu/github/ImageMLResearch/demo/chihuahua_vs_muffin/experiments/experiment_05/output/trial_77/confusion_matrix.png",
        "training_history": "/home/krakerlu/github/ImageMLResearch/demo/chihuahua_vs_muffin/experiments/experiment_05/output/trial_77/training_history.png"
    },
    "evaluation_metrics": {
        "train": {
            "accuracy": 0.9950000047683716,
            "precision": 0.9950000047683716,
            "recall": 0.9950000047683716,
            "f1": 0.9949999547683741,
            "classification_report": {
                "chihuahua": {
                    "precision": 0.9932088285229203,
                    "recall": 0.9977259806708357,
                    "f1-score": 0.9954622802041974,
                    "support": 1759
                },
                "muffin": {
                    "precision": 0.9972086531751571,
                    "recall": 0.9916724496877168,
                    "f1-score": 0.9944328462073765,
                    "support": 1441
                },
                "micro avg": {
                    "precision": 0.995,
                    "recall": 0.995,
                    "f1-score": 0.995,
                    "support": 3200
                },
                "macro avg": {
                    "precision": 0.9952087408490387,
                    "recall": 0.9946992151792763,
                    "f1-score": 0.9949475632057869,
                    "support": 3200
                },
                "weighted avg": {
                    "precision": 0.9950099995616307,
                    "recall": 0.995,
                    "f1-score": 0.994998713207504,
                    "support": 3200
                },
                "samples avg": {
                    "precision": 0.995,
                    "recall": 0.995,
                    "f1-score": 0.995,
                    "support": 3200
                }
            }
        },
        "val": {
            "accuracy": 0.9859374761581421,
            "precision": 0.9859374761581421,
            "recall": 0.9859374761581421,
            "f1": 0.9859374261581446,
            "classification_report": {
                "chihuahua": {
                    "precision": 0.9815950920245399,
                    "recall": 0.9907120743034056,
                    "f1-score": 0.9861325115562404,
                    "support": 323
                },
                "muffin": {
                    "precision": 0.9904458598726115,
                    "recall": 0.9810725552050473,
                    "f1-score": 0.9857369255150554,
                    "support": 317
                },
                "micro avg": {
                    "precision": 0.9859375,
                    "recall": 0.9859375,
                    "f1-score": 0.9859375,
                    "support": 640
                },
                "macro avg": {
                    "precision": 0.9860204759485757,
                    "recall": 0.9858923147542265,
                    "f1-score": 0.985934718535648,
                    "support": 640
                },
                "weighted avg": {
                    "precision": 0.9859789879742878,
                    "recall": 0.9859375,
                    "f1-score": 0.985936572845216,
                    "support": 640
                },
                "samples avg": {
                    "precision": 0.9859375,
                    "recall": 0.9859375,
                    "f1-score": 0.9859375,
                    "support": 640
                }
            }
        },
        "test": {
            "accuracy": 0.9820828437805176,
            "precision": 0.9820828437805176,
            "recall": 0.9820828437805176,
            "f1": 0.9820827937805201,
            "classification_report": {
                "chihuahua": {
                    "precision": 0.9772256728778468,
                    "recall": 0.989517819706499,
                    "f1-score": 0.9833333333333333,
                    "support": 477
                },
                "muffin": {
                    "precision": 0.9878048780487805,
                    "recall": 0.9735576923076923,
                    "f1-score": 0.9806295399515739,
                    "support": 416
                },
                "micro avg": {
                    "precision": 0.9820828667413214,
                    "recall": 0.9820828667413214,
                    "f1-score": 0.9820828667413214,
                    "support": 893
                },
                "macro avg": {
                    "precision": 0.9825152754633136,
                    "recall": 0.9815377560070957,
                    "f1-score": 0.9819814366424535,
                    "support": 893
                },
                "weighted avg": {
                    "precision": 0.9821539476271284,
                    "recall": 0.9820828667413214,
                    "f1-score": 0.9820737834488855,
                    "support": 893
                },
                "samples avg": {
                    "precision": 0.9820828667413214,
                    "recall": 0.9820828667413214,
                    "f1-score": 0.9820828667413214,
                    "support": 893
                }
            }
        }
    },
    "training_history": {
        "accuracy": [
            0.6612499952316284,
            0.8565624952316284,
            0.917187511920929,
            0.942187488079071,
            0.9606249928474426,
            0.9584375023841858,
            0.965624988079071,
            0.9690625071525574,
            0.9737499952316284,
            0.9775000214576721,
            0.9728124737739563,
            0.9803125262260437,
            0.9803125262260437,
            0.9818750023841858,
            0.9846875071525574,
            0.9840624928474426,
            0.9850000143051147,
            0.9837499856948853,
            0.9871875047683716,
            0.984375,
            0.9859374761581421,
            0.987500011920929,
            0.9881250262260437,
            0.9884374737739563,
            0.9893749952316284
        ],
        "loss": [
            0.6670213341712952,
            0.34186771512031555,
            0.22049152851104736,
            0.1703665405511856,
            0.12585431337356567,
            0.11724332720041275,
            0.09790097922086716,
            0.0902477353811264,
            0.0809604674577713,
            0.0712619349360466,
            0.07375597208738327,
            0.061818912625312805,
            0.05805559083819389,
            0.055199556052684784,
            0.0516263023018837,
            0.049972061067819595,
            0.046355776488780975,
            0.0449083037674427,
            0.04038946330547333,
            0.041014742106199265,
            0.043401218950748444,
            0.036106087267398834,
            0.03948308527469635,
            0.032794639468193054,
            0.031998470425605774
        ],