{
    "name": "trial_54",
    "start_time": "2024-10-23 08:42:15.925",
    "duration": "21.441",
    "directory": "/home/krakerlu/github/ImageMLResearch/demo/chihuahua_vs_muffin/experiments/experiment_05/output/trial_54",
    "hyperparameters": {
        "dense_units": 256,
        "dropout_rate": 0.49759303307516434,
        "learning_rate": 6.557601844650474e-05
    },
    "figures": {
        "model_summary": "/home/krakerlu/github/ImageMLResearch/demo/chihuahua_vs_muffin/experiments/experiment_05/output/trial_54/model_summary.png",
        "confusion_matrix": "/home/krakerlu/github/ImageMLResearch/demo/chihuahua_vs_muffin/experiments/experiment_05/output/trial_54/confusion_matrix.png",
        "training_history": "/home/krakerlu/github/ImageMLResearch/demo/chihuahua_vs_muffin/experiments/experiment_05/output/trial_54/training_history.png"
    },
    "evaluation_metrics": {
        "train": {
            "accuracy": 0.9996874928474426,
            "precision": 0.9996874928474426,
            "recall": 0.9996874928474426,
            "f1": 0.9996874428474452,
            "classification_report": {
                "chihuahua": {
                    "precision": 1.0,
                    "recall": 0.9994314951677089,
                    "f1-score": 0.9997156667614444,
                    "support": 1759
                },
                "muffin": {
                    "precision": 0.9993065187239945,
                    "recall": 1.0,
                    "f1-score": 0.9996531390912244,
                    "support": 1441
                },
                "micro avg": {
                    "precision": 0.9996875,
                    "recall": 0.9996875,
                    "f1-score": 0.9996875,
                    "support": 3200
                },
                "macro avg": {
                    "precision": 0.9996532593619972,
                    "recall": 0.9997157475838545,
                    "f1-score": 0.9996844029263344,
                    "support": 3200
                },
                "weighted avg": {
                    "precision": 0.9996877167128987,
                    "recall": 0.9996875,
                    "f1-score": 0.9996875097699484,
                    "support": 3200
                },
                "samples avg": {
                    "precision": 0.9996875,
                    "recall": 0.9996875,
                    "f1-score": 0.9996875,
                    "support": 3200
                }
            }
        },
        "val": {
            "accuracy": 0.989062488079071,
            "precision": 0.989062488079071,
            "recall": 0.989062488079071,
            "f1": 0.9890624380790736,
            "classification_report": {
                "chihuahua": {
                    "precision": 0.9906832298136646,
                    "recall": 0.9876160990712074,
                    "f1-score": 0.9891472868217054,
                    "support": 323
                },
                "muffin": {
                    "precision": 0.9874213836477987,
                    "recall": 0.9905362776025236,
                    "f1-score": 0.988976377952756,
                    "support": 317
                },
                "micro avg": {
                    "precision": 0.9890625,
                    "recall": 0.9890625,
                    "f1-score": 0.9890625,
                    "support": 640
                },
                "macro avg": {
                    "precision": 0.9890523067307317,
                    "recall": 0.9890761883368655,
                    "f1-score": 0.9890618323872307,
                    "support": 640
                },
                "weighted avg": {
                    "precision": 0.9890675966346342,
                    "recall": 0.9890625,
                    "f1-score": 0.9890626335225537,
                    "support": 640
                },
                "samples avg": {
                    "precision": 0.9890625,
                    "recall": 0.9890625,
                    "f1-score": 0.9890625,
                    "support": 640
                }
            }
        },
        "test": {
            "accuracy": 0.9876819849014282,
            "precision": 0.9876819849014282,
            "recall": 0.9876819849014282,
            "f1": 0.9876819349014307,
            "classification_report": {
                "chihuahua": {
                    "precision": 0.9854166666666667,
                    "recall": 0.9916142557651991,
                    "f1-score": 0.9885057471264368,
                    "support": 477
                },
                "muffin": {
                    "precision": 0.9903147699757869,
                    "recall": 0.9831730769230769,
                    "f1-score": 0.9867310012062727,
                    "support": 416
                },
                "micro avg": {
                    "precision": 0.9876819708846585,
                    "recall": 0.9876819708846585,
                    "f1-score": 0.9876819708846585,
                    "support": 893
                },
                "macro avg": {
                    "precision": 0.9878657183212268,
                    "recall": 0.987393666344138,
                    "f1-score": 0.9876183741663547,
                    "support": 893
                },
                "weighted avg": {
                    "precision": 0.9876984258789779,
                    "recall": 0.9876819708846585,
                    "f1-score": 0.9876789897884881,
                    "support": 893
                },
                "samples avg": {
                    "precision": 0.9876819708846585,
                    "recall": 0.9876819708846585,
                    "f1-score": 0.9876819708846585,
                    "support": 893
                }
            }
        }
    },
    "training_history": {
        "accuracy": [
            0.7515624761581421,
            0.932812511920929,
            0.9593750238418579,
            0.9700000286102295,
            0.973437488079071,
            0.9781249761581421,
            0.9781249761581421,
            0.9787499904632568,
            0.9803125262260437,
            0.9850000143051147,
            0.9871875047683716,
            0.9846875071525574,
            0.9884374737739563,
            0.9915624856948853,
            0.9925000071525574,
            0.9915624856948853,
            0.9937499761581421,
            0.9918749928474426,
            0.9928125143051147,
            0.9946874976158142,
            0.9946874976158142,
            0.9946874976158142,
            0.9946874976158142,
            0.9975000023841858,
            0.995312511920929
        ],
        "loss": [
            0.5286140441894531,
            0.17425739765167236,
            0.11635684967041016,
            0.08844538778066635,
            0.07767504453659058,
            0.0636613517999649,
            0.058688897639513016,
            0.05682907998561859,
            0.051658857613801956,
            0.04527706652879715,
            0.03870122507214546,
            0.03922545909881592,
            0.03144464269280434,
            0.02900533936917782,
            0.025540532544255257,
            0.0283198282122612,
            0.02389482781291008,
            0.024834437295794487,
            0.021307755261659622,
            0.018981723114848137,
            0.019192667677998543,
            0.019221287220716476,
            0.017630131915211678,
            0.01352658774703741,
            0.015910739079117775
        ],