{
    "name": "trial_68",
    "start_time": "2024-10-23 08:47:37.261",
    "duration": "20.930",
    "directory": "/home/krakerlu/github/ImageMLResearch/demo/chihuahua_vs_muffin/experiments/experiment_05/output/trial_68",
    "hyperparameters": {
        "dense_units": 512,
        "dropout_rate": 0.48783591226737677,
        "learning_rate": 1.908518229919593e-05
    },
    "figures": {
        "model_summary": "/home/krakerlu/github/ImageMLResearch/demo/chihuahua_vs_muffin/experiments/experiment_05/output/trial_68/model_summary.png",
        "confusion_matrix": "/home/krakerlu/github/ImageMLResearch/demo/chihuahua_vs_muffin/experiments/experiment_05/output/trial_68/confusion_matrix.png",
        "training_history": "/home/krakerlu/github/ImageMLResearch/demo/chihuahua_vs_muffin/experiments/experiment_05/output/trial_68/training_history.png"
    },
    "evaluation_metrics": {
        "train": {
            "accuracy": 0.9943749904632568,
            "precision": 0.9943749904632568,
            "recall": 0.9943749904632568,
            "f1": 0.9943749404632594,
            "classification_report": {
                "chihuahua": {
                    "precision": 0.9932011331444759,
                    "recall": 0.9965889710062535,
                    "f1-score": 0.9948921679909194,
                    "support": 1759
                },
                "muffin": {
                    "precision": 0.9958188153310105,
                    "recall": 0.9916724496877168,
                    "f1-score": 0.9937413073713491,
                    "support": 1441
                },
                "micro avg": {
                    "precision": 0.994375,
                    "recall": 0.994375,
                    "f1-score": 0.994375,
                    "support": 3200
                },
                "macro avg": {
                    "precision": 0.9945099742377432,
                    "recall": 0.9941307103469852,
                    "f1-score": 0.9943167376811343,
                    "support": 3200
                },
                "weighted avg": {
                    "precision": 0.9943799081540997,
                    "recall": 0.994375,
                    "f1-score": 0.9943739210681691,
                    "support": 3200
                },
                "samples avg": {
                    "precision": 0.994375,
                    "recall": 0.994375,
                    "f1-score": 0.994375,
                    "support": 3200
                }
            }
        },
        "val": {
            "accuracy": 0.9859374761581421,
            "precision": 0.9859374761581421,
            "recall": 0.9859374761581421,
            "f1": 0.9859374261581446,
            "classification_report": {
                "chihuahua": {
                    "precision": 0.9845679012345679,
                    "recall": 0.9876160990712074,
                    "f1-score": 0.9860896445131375,
                    "support": 323
                },
                "muffin": {
                    "precision": 0.9873417721518988,
                    "recall": 0.9842271293375394,
                    "f1-score": 0.985781990521327,
                    "support": 317
                },
                "micro avg": {
                    "precision": 0.9859375,
                    "recall": 0.9859375,
                    "f1-score": 0.9859375,
                    "support": 640
                },
                "macro avg": {
                    "precision": 0.9859548366932334,
                    "recall": 0.9859216142043734,
                    "f1-score": 0.9859358175172322,
                    "support": 640
                },
                "weighted avg": {
                    "precision": 0.9859418341733084,
                    "recall": 0.9859375,
                    "f1-score": 0.9859372596453188,
                    "support": 640
                },
                "samples avg": {
                    "precision": 0.9859375,
                    "recall": 0.9859375,
                    "f1-score": 0.9859375,
                    "support": 640
                }
            }
        },
        "test": {
            "accuracy": 0.9809630513191223,
            "precision": 0.9809630513191223,
            "recall": 0.9809630513191223,
            "f1": 0.9809630013191248,
            "classification_report": {
                "chihuahua": {
                    "precision": 0.9752066115702479,
                    "recall": 0.989517819706499,
                    "f1-score": 0.9823100936524454,
                    "support": 477
                },
                "muffin": {
                    "precision": 0.9877750611246944,
                    "recall": 0.9711538461538461,
                    "f1-score": 0.9793939393939394,
                    "support": 416
                },
                "micro avg": {
                    "precision": 0.9809630459126539,
                    "recall": 0.9809630459126539,
                    "f1-score": 0.9809630459126539,
                    "support": 893
                },
                "macro avg": {
                    "precision": 0.9814908363474711,
                    "recall": 0.9803358329301726,
                    "f1-score": 0.9808520165231924,
                    "support": 893
                },
                "weighted avg": {
                    "precision": 0.9810615667938197,
                    "recall": 0.9809630459126539,
                    "f1-score": 0.98095161641668,
                    "support": 893
                },
                "samples avg": {
                    "precision": 0.9809630459126539,
                    "recall": 0.9809630459126539,
                    "f1-score": 0.9809630459126539,
                    "support": 893
                }
            }
        }
    },
    "training_history": {
        "accuracy": [
            0.6262500286102295,
            0.8199999928474426,
            0.8993750214576721,
            0.9253125190734863,
            0.9434375166893005,
            0.9556249976158142,
            0.9556249976158142,
            0.9631249904632568,
            0.9621875286102295,
            0.9743750095367432,
            0.9715625047683716,
            0.9787499904632568,
            0.9765625,
            0.9793750047683716,
            0.9815624952316284,
            0.9781249761581421,
            0.9803125262260437,
            0.984375,
            0.9834374785423279,
            0.9862499833106995,
            0.9868749976158142,
            0.9821875095367432,
            0.9862499833106995,
            0.9871875047683716,
            0.9909374713897705
        ],
        "loss": [
            0.7592511177062988,
            0.39899080991744995,
            0.25289756059646606,
            0.1914149671792984,
            0.14670434594154358,
            0.13043153285980225,
            0.11683181673288345,
            0.10416848212480545,
            0.09110308438539505,
            0.07813555002212524,
            0.07674868404865265,
            0.07406455278396606,
            0.06923770904541016,
            0.064122773706913,
            0.05955936387181282,
            0.0608954057097435,
            0.05670484900474548,
            0.05083974450826645,
            0.04952401667833328,
            0.045714374631643295,
            0.0415104404091835,
            0.04223090782761574,
            0.040876321494579315,
            0.04005732387304306,
            0.034440312534570694
        ],