{
    "name": "trial_91",
    "start_time": "2024-10-23 08:56:33.605",
    "duration": "20.991",
    "directory": "/home/krakerlu/github/ImageMLResearch/demo/chihuahua_vs_muffin/experiments/experiment_05/output/trial_91",
    "hyperparameters": {
        "dense_units": 128,
        "dropout_rate": 0.4521993710777526,
        "learning_rate": 5.798958175745282e-05
    },
    "figures": {
        "model_summary": "/home/krakerlu/github/ImageMLResearch/demo/chihuahua_vs_muffin/experiments/experiment_05/output/trial_91/model_summary.png",
        "confusion_matrix": "/home/krakerlu/github/ImageMLResearch/demo/chihuahua_vs_muffin/experiments/experiment_05/output/trial_91/confusion_matrix.png",
        "training_history": "/home/krakerlu/github/ImageMLResearch/demo/chihuahua_vs_muffin/experiments/experiment_05/output/trial_91/training_history.png"
    },
    "evaluation_metrics": {
        "train": {
            "accuracy": 0.9959375262260437,
            "precision": 0.9959375262260437,
            "recall": 0.9959375262260437,
            "f1": 0.9959374762260462,
            "classification_report": {
                "chihuahua": {
                    "precision": 0.9943374858437146,
                    "recall": 0.9982944855031268,
                    "f1-score": 0.9963120567375886,
                    "support": 1759
                },
                "muffin": {
                    "precision": 0.997907949790795,
                    "recall": 0.993060374739764,
                    "f1-score": 0.9954782608695653,
                    "support": 1441
                },
                "micro avg": {
                    "precision": 0.9959375,
                    "recall": 0.9959375,
                    "f1-score": 0.9959375,
                    "support": 3200
                },
                "macro avg": {
                    "precision": 0.9961227178172548,
                    "recall": 0.9956774301214455,
                    "f1-score": 0.9958951588035769,
                    "support": 3200
                },
                "weighted avg": {
                    "precision": 0.9959453103898843,
                    "recall": 0.9959375,
                    "f1-score": 0.9959365880357695,
                    "support": 3200
                },
                "samples avg": {
                    "precision": 0.9959375,
                    "recall": 0.9959375,
                    "f1-score": 0.9959375,
                    "support": 3200
                }
            }
        },
        "val": {
            "accuracy": 0.9859374761581421,
            "precision": 0.9859374761581421,
            "recall": 0.9859374761581421,
            "f1": 0.9859374261581446,
            "classification_report": {
                "chihuahua": {
                    "precision": 0.9845679012345679,
                    "recall": 0.9876160990712074,
                    "f1-score": 0.9860896445131375,
                    "support": 323
                },
                "muffin": {
                    "precision": 0.9873417721518988,
                    "recall": 0.9842271293375394,
                    "f1-score": 0.985781990521327,
                    "support": 317
                },
                "micro avg": {
                    "precision": 0.9859375,
                    "recall": 0.9859375,
                    "f1-score": 0.9859375,
                    "support": 640
                },
                "macro avg": {
                    "precision": 0.9859548366932334,
                    "recall": 0.9859216142043734,
                    "f1-score": 0.9859358175172322,
                    "support": 640
                },
                "weighted avg": {
                    "precision": 0.9859418341733084,
                    "recall": 0.9859375,
                    "f1-score": 0.9859372596453188,
                    "support": 640
                },
                "samples avg": {
                    "precision": 0.9859375,
                    "recall": 0.9859375,
                    "f1-score": 0.9859375,
                    "support": 640
                }
            }
        },
        "test": {
            "accuracy": 0.9843224883079529,
            "precision": 0.9843224883079529,
            "recall": 0.9843224883079529,
            "f1": 0.9843224383079554,
            "classification_report": {
                "chihuahua": {
                    "precision": 0.9812889812889813,
                    "recall": 0.989517819706499,
                    "f1-score": 0.9853862212943633,
                    "support": 477
                },
                "muffin": {
                    "precision": 0.9878640776699029,
                    "recall": 0.9783653846153846,
                    "f1-score": 0.9830917874396136,
                    "support": 416
                },
                "micro avg": {
                    "precision": 0.9843225083986562,
                    "recall": 0.9843225083986562,
                    "f1-score": 0.9843225083986562,
                    "support": 893
                },
                "macro avg": {
                    "precision": 0.9845765294794422,
                    "recall": 0.9839416021609417,
                    "f1-score": 0.9842390043669884,
                    "support": 893
                },
                "weighted avg": {
                    "precision": 0.9843519601181676,
                    "recall": 0.9843225083986562,
                    "f1-score": 0.9843173696890152,
                    "support": 893
                },
                "samples avg": {
                    "precision": 0.9843225083986562,
                    "recall": 0.9843225083986562,
                    "f1-score": 0.9843225083986562,
                    "support": 893
                }
            }
        }
    },
    "training_history": {
        "accuracy": [
            0.5887500047683716,
            0.8278124928474426,
            0.9162499904632568,
            0.9490625262260437,
            0.9581249952316284,
            0.964062511920929,
            0.9715625047683716,
            0.9700000286102295,
            0.9771875143051147,
            0.9765625,
            0.9781249761581421,
            0.9809374809265137,
            0.9840624928474426,
            0.9846875071525574,
            0.9846875071525574,
            0.987500011920929,
            0.9862499833106995,
            0.987500011920929,
            0.9896875023841858,
            0.9896875023841858,
            0.9921875,
            0.9900000095367432,
            0.9906250238418579,
            0.9912499785423279,
            0.9921875
        ],
        "loss": [
            0.8699183464050293,
            0.38289615511894226,
            0.21781469881534576,
            0.1520206332206726,
            0.12172188609838486,
            0.10698879510164261,
            0.09091867506504059,
            0.08428120613098145,
            0.06958320736885071,
            0.06860589981079102,
            0.061992958188056946,
            0.05806155502796173,
            0.050188902765512466,
            0.049204353243112564,
            0.04573839530348778,
            0.03956230729818344,
            0.042000990360975266,
            0.03767993301153183,
            0.03523170202970505,
            0.03153608739376068,
            0.028823532164096832,
            0.03335754945874214,
            0.03017446957528591,
            0.024611270055174828,
            0.025625932961702347
        ],