{
    "name": "trial_36",
    "start_time": "2024-10-20 11:53:59.257",
    "duration": "29.378",
    "directory": "/home/krakerlu/github/ImageMLResearch/demo/chihuahua_vs_muffin/experiments/experiment_03/output/trial_36",
    "hyperparameters": {
        "units1": 128,
        "kernel_size1": 3,
        "units2": 64,
        "kernel_size2": 5,
        "dense_units": 128,
        "dropout_rate": 0.14458008572699238,
        "learning_rate": 0.00011419141288334819
    },
    "figures": {
        "model_summary": "/home/krakerlu/github/ImageMLResearch/demo/chihuahua_vs_muffin/experiments/experiment_03/output/trial_36/model_summary.png",
        "confusion_matrix": "/home/krakerlu/github/ImageMLResearch/demo/chihuahua_vs_muffin/experiments/experiment_03/output/trial_36/confusion_matrix.png",
        "training_history": "/home/krakerlu/github/ImageMLResearch/demo/chihuahua_vs_muffin/experiments/experiment_03/output/trial_36/training_history.png"
    },
    "evaluation_metrics": {
        "train": {
            "accuracy": 0.934374988079071,
            "precision": 0.934374988079071,
            "recall": 0.934374988079071,
            "f1": 0.9343749380790737,
            "classification_report": {
                "chihuahua": {
                    "precision": 0.9831565814098565,
                    "recall": 0.8959636156907334,
                    "f1-score": 0.9375371802498513,
                    "support": 1759
                },
                "muffin": {
                    "precision": 0.8854101440200376,
                    "recall": 0.981263011797363,
                    "f1-score": 0.9308755760368663,
                    "support": 1441
                },
                "micro avg": {
                    "precision": 0.934375,
                    "recall": 0.934375,
                    "f1-score": 0.934375,
                    "support": 3200
                },
                "macro avg": {
                    "precision": 0.934283362714947,
                    "recall": 0.9386133137440482,
                    "f1-score": 0.9342063781433588,
                    "support": 3200
                },
                "weighted avg": {
                    "precision": 0.9391401388227537,
                    "recall": 0.934375,
                    "f1-score": 0.9345373766026915,
                    "support": 3200
                },
                "samples avg": {
                    "precision": 0.934375,
                    "recall": 0.934375,
                    "f1-score": 0.934375,
                    "support": 3200
                }
            }
        },
        "val": {
            "accuracy": 0.878125011920929,
            "precision": 0.878125011920929,
            "recall": 0.878125011920929,
            "f1": 0.8781249619209318,
            "classification_report": {
                "chihuahua": {
                    "precision": 0.9390681003584229,
                    "recall": 0.8111455108359134,
                    "f1-score": 0.8704318936877077,
                    "support": 323
                },
                "muffin": {
                    "precision": 0.8310249307479224,
                    "recall": 0.9463722397476341,
                    "f1-score": 0.8849557522123894,
                    "support": 317
                },
                "micro avg": {
                    "precision": 0.878125,
                    "recall": 0.878125,
                    "f1-score": 0.878125,
                    "support": 640
                },
                "macro avg": {
                    "precision": 0.8850465155531726,
                    "recall": 0.8787588752917737,
                    "f1-score": 0.8776938229500486,
                    "support": 640
                },
                "weighted avg": {
                    "precision": 0.8855529679107217,
                    "recall": 0.878125,
                    "f1-score": 0.8776257423632142,
                    "support": 640
                },
                "samples avg": {
                    "precision": 0.878125,
                    "recall": 0.878125,
                    "f1-score": 0.878125,
                    "support": 640
                }
            }
        },
        "test": {
            "accuracy": 0.8835386633872986,
            "precision": 0.8835386633872986,
            "recall": 0.8835386633872986,
            "f1": 0.8835386133873013,
            "classification_report": {
                "chihuahua": {
                    "precision": 0.9408983451536643,
                    "recall": 0.8343815513626834,
                    "f1-score": 0.8844444444444445,
                    "support": 477
                },
                "muffin": {
                    "precision": 0.8319148936170213,
                    "recall": 0.9399038461538461,
                    "f1-score": 0.8826185101580135,
                    "support": 416
                },
                "micro avg": {
                    "precision": 0.883538633818589,
                    "recall": 0.883538633818589,
                    "f1-score": 0.883538633818589,
                    "support": 893
                },
                "macro avg": {
                    "precision": 0.8864066193853428,
                    "recall": 0.8871426987582648,
                    "f1-score": 0.883531477301229,
                    "support": 893
                },
                "weighted avg": {
                    "precision": 0.8901288985251722,
                    "recall": 0.883538633818589,
                    "f1-score": 0.8835938412382236,
                    "support": 893
                },
                "samples avg": {
                    "precision": 0.883538633818589,
                    "recall": 0.883538633818589,
                    "f1-score": 0.883538633818589,
                    "support": 893
                }
            }
        }
    },
    "training_history": {
        "accuracy": [
            0.6471874713897705,
            0.7631250023841858,
            0.8103125095367432,
            0.8231250047683716,
            0.8434374928474426,
            0.8456249833106995,
            0.8628125190734863,
            0.8675000071525574,
            0.8768749833106995,
            0.8918750286102295,
            0.8878124952316284,
            0.8956249952316284,
            0.9087499976158142,
            0.9084374904632568,
            0.9175000190734863,
            0.9196875095367432,
            0.9290624856948853,
            0.9281250238418579,
            0.9275000095367432,
            0.8993750214576721,
            0.9140625,
            0.9312499761581421,
            0.9346874952316284,
            0.9368749856948853,
            0.9196875095367432
        ],
        "loss": [
            0.6337391138076782,
            0.5041322112083435,
            0.43140316009521484,
            0.3998897671699524,
            0.363542377948761,
            0.3618539869785309,
            0.3210870325565338,
            0.3180767297744751,
            0.2911675274372101,
            0.271799772977829,
            0.2838708162307739,
            0.2534380853176117,
            0.23013536632061005,
            0.2251017689704895,
            0.2119336724281311,
            0.20224159955978394,
            0.1916678547859192,
            0.18838049471378326,
            0.19716289639472961,
            0.23630474507808685,
            0.21444204449653625,
            0.1903679519891739,
            0.17311005294322968,
            0.16835321485996246,
            0.1948067843914032
        ],