{
    "name": "trial_46",
    "start_time": "2024-10-17 15:55:44.751",
    "duration": "07.562",
    "directory": "/home/krakerlu/github/ImageMLResearch/demo/chihuahua_vs_muffin/experiments/experiment_02/output/trial_46",
    "hyperparameters": {
        "units1": 128,
        "kernel_size1": 3,
        "units2": 128,
        "kernel_size2": 3,
        "units3": 256,
        "learning_rate": 0.00013921208143377606
    },
    "figures": {
        "model_summary": "/home/krakerlu/github/ImageMLResearch/demo/chihuahua_vs_muffin/experiments/experiment_02/output/trial_46/model_summary.png",
        "confusion_matrix": "/home/krakerlu/github/ImageMLResearch/demo/chihuahua_vs_muffin/experiments/experiment_02/output/trial_46/confusion_matrix.png",
        "training_history": "/home/krakerlu/github/ImageMLResearch/demo/chihuahua_vs_muffin/experiments/experiment_02/output/trial_46/training_history.png"
    },
    "evaluation_metrics": {
        "train": {
            "accuracy": 0.7637500166893005,
            "precision": 0.7637500166893005,
            "recall": 0.7637500166893005,
            "f1": 0.7637499666893037,
            "classification_report": {
                "chihuahua": {
                    "precision": 0.7931034482758621,
                    "recall": 0.7714610574189881,
                    "f1-score": 0.7821325648414985,
                    "support": 1759
                },
                "muffin": {
                    "precision": 0.7300201477501679,
                    "recall": 0.7543372657876475,
                    "f1-score": 0.7419795221843003,
                    "support": 1441
                },
                "micro avg": {
                    "precision": 0.76375,
                    "recall": 0.76375,
                    "f1-score": 0.76375,
                    "support": 3200
                },
                "macro avg": {
                    "precision": 0.7615617980130149,
                    "recall": 0.7628991616033178,
                    "f1-score": 0.7620560435128994,
                    "support": 3200
                },
                "weighted avg": {
                    "precision": 0.7646962495078854,
                    "recall": 0.76375,
                    "f1-score": 0.7640511478199289,
                    "support": 3200
                },
                "samples avg": {
                    "precision": 0.76375,
                    "recall": 0.76375,
                    "f1-score": 0.76375,
                    "support": 3200
                }
            }
        },
        "val": {
            "accuracy": 0.7250000238418579,
            "precision": 0.7250000238418579,
            "recall": 0.7250000238418579,
            "f1": 0.7249999738418613,
            "classification_report": {
                "chihuahua": {
                    "precision": 0.7318611987381703,
                    "recall": 0.718266253869969,
                    "f1-score": 0.725,
                    "support": 323
                },
                "muffin": {
                    "precision": 0.718266253869969,
                    "recall": 0.7318611987381703,
                    "f1-score": 0.725,
                    "support": 317
                },
                "micro avg": {
                    "precision": 0.725,
                    "recall": 0.725,
                    "f1-score": 0.725,
                    "support": 640
                },
                "macro avg": {
                    "precision": 0.7250637263040697,
                    "recall": 0.7250637263040697,
                    "f1-score": 0.725,
                    "support": 640
                },
                "weighted avg": {
                    "precision": 0.7251274526081394,
                    "recall": 0.725,
                    "f1-score": 0.725,
                    "support": 640
                },
                "samples avg": {
                    "precision": 0.725,
                    "recall": 0.725,
                    "f1-score": 0.725,
                    "support": 640
                }
            }
        },
        "test": {
            "accuracy": 0.7402015924453735,
            "precision": 0.7402015924453735,
            "recall": 0.7402015924453735,
            "f1": 0.7402015424453768,
            "classification_report": {
                "chihuahua": {
                    "precision": 0.7752808988764045,
                    "recall": 0.7232704402515723,
                    "f1-score": 0.7483731019522777,
                    "support": 477
                },
                "muffin": {
                    "precision": 0.7053571428571429,
                    "recall": 0.7596153846153846,
                    "f1-score": 0.7314814814814815,
                    "support": 416
                },
                "micro avg": {
                    "precision": 0.7402015677491601,
                    "recall": 0.7402015677491601,
                    "f1-score": 0.7402015677491601,
                    "support": 893
                },
                "macro avg": {
                    "precision": 0.7403190208667737,
                    "recall": 0.7414429124334785,
                    "f1-score": 0.7399272917168795,
                    "support": 893
                },
                "weighted avg": {
                    "precision": 0.7427072342582491,
                    "recall": 0.7402015677491601,
                    "f1-score": 0.7405042171640905,
                    "support": 893
                },
                "samples avg": {
                    "precision": 0.7402015677491601,
                    "recall": 0.7402015677491601,
                    "f1-score": 0.7402015677491601,
                    "support": 893
                }
            }
        }
    },
    "training_history": {
        "accuracy": [
            0.5956249833106995,
            0.792187511920929,
            0.8481249809265137,
            0.8868749737739563
        ],
        "loss": [
            0.7649667263031006,
            0.4651869535446167,
            0.35494309663772583,
            0.2906951606273651
        ],
        "val_accuracy": [
            0.7250000238418579,
            0.8359375,
            0.8609374761581421,
            0.8734375238418579
        ],
        "val_loss": [
            0.5748296976089478,
            0.395317941904068,
            0.3348838686943054,
            0.30712491273880005
        ]
    }
}