{
    "name": "trial_11",
    "start_time": "2024-10-24 11:43:39.740",
    "duration": "0:05:41.949",
    "directory": "/home/krakerlu/github/ImageMLResearch/demo/chihuahua_vs_muffin/experiments/experiment_04/output/trial_11",
    "hyperparameters": {
        "normalization": "standard",
        "batch_size": 256,
        "learning_rate": 6.225327425239959e-05
    },
    "figures": {
        "training_history": "/home/krakerlu/github/ImageMLResearch/demo/chihuahua_vs_muffin/experiments/experiment_04/output/trial_11/training_history.png"
    },
    "evaluation_metrics": {
        "train": {
            "accuracy": 0.9258979558944702,
            "precision": 0.9258979558944702,
            "recall": 0.9258979558944702,
            "f1": 0.9258979058944729,
            "classification_report": {
                "chihuahua": {
                    "precision": 0.9287849959228051,
                    "recall": 0.9371914426769062,
                    "f1-score": 0.9329692832764506,
                    "support": 3646
                },
                "muffin": {
                    "precision": 0.9222938581608415,
                    "recall": 0.9120805369127517,
                    "f1-score": 0.9171587649738485,
                    "support": 2980
                },
                "micro avg": {
                    "precision": 0.9258979776637488,
                    "recall": 0.9258979776637488,
                    "f1-score": 0.9258979776637488,
                    "support": 6626
                },
                "macro avg": {
                    "precision": 0.9255394270418233,
                    "recall": 0.924635989794829,
                    "f1-score": 0.9250640241251495,
                    "support": 6626
                },
                "weighted avg": {
                    "precision": 0.9258656493289851,
                    "recall": 0.9258979776637488,
                    "f1-score": 0.9258586064666476,
                    "support": 6626
                },
                "samples avg": {
                    "precision": 0.9258979776637488,
                    "recall": 0.9258979776637488,
                    "f1-score": 0.9258979776637488,
                    "support": 6626
                }
            }
        },
        "val": {
            "accuracy": 0.8279266357421875,
            "precision": 0.8279266357421875,
            "recall": 0.8279266357421875,
            "f1": 0.8279265857421905,
            "classification_report": {
                "chihuahua": {
                    "precision": 0.9511278195488722,
                    "recall": 0.6988950276243094,
                    "f1-score": 0.8057324840764332,
                    "support": 362
                },
                "muffin": {
                    "precision": 0.7539503386004515,
                    "recall": 0.962536023054755,
                    "f1-score": 0.8455696202531645,
                    "support": 347
                },
                "micro avg": {
                    "precision": 0.8279266572637518,
                    "recall": 0.8279266572637518,
                    "f1-score": 0.8279266572637518,
                    "support": 709
                },
                "macro avg": {
                    "precision": 0.8525390790746619,
                    "recall": 0.8307155253395322,
                    "f1-score": 0.8256510521647988,
                    "support": 709
                },
                "weighted avg": {
                    "precision": 0.8546248775332136,
                    "recall": 0.8279266572637518,
                    "f1-score": 0.8252296438131409,
                    "support": 709
                },
                "samples avg": {
                    "precision": 0.8279266572637518,
                    "recall": 0.8279266572637518,
                    "f1-score": 0.8279266572637518,
                    "support": 709
                }
            }
        },
        "test": {
            "accuracy": 0.849507749080658,
            "precision": 0.849507749080658,
            "recall": 0.849507749080658,
            "f1": 0.8495076990806609,
            "classification_report": {
                "chihuahua": {
                    "precision": 0.968421052631579,
                    "recall": 0.7379679144385026,
                    "f1-score": 0.8376327769347496,
                    "support": 374
                },
                "muffin": {
                    "precision": 0.7699530516431925,
                    "recall": 0.973293768545994,
                    "f1-score": 0.8597640891218873,
                    "support": 337
                },
                "micro avg": {
                    "precision": 0.849507735583685,
                    "recall": 0.849507735583685,
                    "f1-score": 0.849507735583685,
                    "support": 711
                },
                "macro avg": {
                    "precision": 0.8691870521373857,
                    "recall": 0.8556308414922483,
                    "f1-score": 0.8486984330283185,
                    "support": 711
                },
                "weighted avg": {
                    "precision": 0.8743511281124705,
                    "recall": 0.849507735583685,
                    "f1-score": 0.8481225831331539,
                    "support": 711
                },
                "samples avg": {
                    "precision": 0.849507735583685,
                    "recall": 0.849507735583685,
                    "f1-score": 0.849507735583685,
                    "support": 711
                }
            }
        }
    },
    "training_history": {
        "accuracy": [
            0.671898603439331,
            0.7450950741767883,
            0.7770902514457703,
            0.796106219291687,
            0.8294597268104553,
            0.8395713567733765,
            0.8554180264472961,
            0.8680953979492188,
            0.8744340538978577,
            0.8862058520317078,
            0.8946574330329895,
            0.8951101899147034,
            0.9083911776542664,
            0.9121642112731934,
            0.9080893397331238
        ],
        "loss": [
            0.5967397093772888,
            0.5176907777786255,
            0.46598684787750244,
            0.4436476528644562,
            0.39424315094947815,
            0.37060341238975525,
            0.34086164832115173,
            0.3252539038658142,
            0.3060196042060852,
            0.28298071026802063,
            0.2668905258178711,
            0.2643091380596161,
            0.24028415977954865,
            0.22980378568172455,
            0.23871426284313202
        ],
        "val_accuracy": [
            0.7588152289390564,
            0.7785613536834717,
            0.8236953616142273,
            0.8251057863235474,
            0.8462623357772827,
            0.8152326941490173,
            0.8420310020446777,
            0.8194640278816223,
            0.7954866290092468,
            0.8081805109977722,
            0.8547249436378479,
            0.8251057863235474,
            0.8208744525909424,
            0.8631876111030579,
            0.8279266357421875
        ],
        "val_loss": [
            0.5204012989997864,
            0.4666901230812073,
            0.4049791097640991,
            0.4021725356578827,
            0.3835039734840393,
            0.44706249237060547,
            0.4308009743690491,
            0.44937044382095337,
            0.4843703806400299,
            0.46394598484039307,
            0.39465251564979553,
            0.4466259479522705,
            0.4394833445549011,
            0.34445810317993164,
            0.4257257282733917
        ]
    }
}