{
    "name": "trial_9",
    "start_time": "2024-10-24 11:32:06.942",
    "duration": "0:05:44.011",
    "directory": "/home/krakerlu/github/ImageMLResearch/demo/chihuahua_vs_muffin/experiments/experiment_04/output/trial_9",
    "hyperparameters": {
        "normalization": "min_max",
        "batch_size": 64,
        "learning_rate": 8.270933741837025e-05
    },
    "figures": {
        "training_history": "/home/krakerlu/github/ImageMLResearch/demo/chihuahua_vs_muffin/experiments/experiment_04/output/trial_9/training_history.png"
    },
    "evaluation_metrics": {
        "train": {
            "accuracy": 0.9591004848480225,
            "precision": 0.9591004848480225,
            "recall": 0.9591004848480225,
            "f1": 0.959100434848025,
            "classification_report": {
                "chihuahua": {
                    "precision": 0.9547291835084882,
                    "recall": 0.9717498628634119,
                    "f1-score": 0.963164333288025,
                    "support": 3646
                },
                "muffin": {
                    "precision": 0.9646655231560892,
                    "recall": 0.9436241610738255,
                    "f1-score": 0.9540288379983036,
                    "support": 2980
                },
                "micro avg": {
                    "precision": 0.9591005131300936,
                    "recall": 0.9591005131300936,
                    "f1-score": 0.9591005131300936,
                    "support": 6626
                },
                "macro avg": {
                    "precision": 0.9596973533322888,
                    "recall": 0.9576870119686187,
                    "f1-score": 0.9585965856431643,
                    "support": 6626
                },
                "weighted avg": {
                    "precision": 0.9591979870324621,
                    "recall": 0.9591005131300936,
                    "f1-score": 0.9590557042564267,
                    "support": 6626
                },
                "samples avg": {
                    "precision": 0.9591005131300936,
                    "recall": 0.9591005131300936,
                    "f1-score": 0.9591005131300936,
                    "support": 6626
                }
            }
        },
        "val": {
            "accuracy": 0.8815232515335083,
            "precision": 0.8815232515335083,
            "recall": 0.8815232515335083,
            "f1": 0.8815232015335112,
            "classification_report": {
                "chihuahua": {
                    "precision": 0.9186746987951807,
                    "recall": 0.8425414364640884,
                    "f1-score": 0.8789625360230547,
                    "support": 362
                },
                "muffin": {
                    "precision": 0.8488063660477454,
                    "recall": 0.9221902017291066,
                    "f1-score": 0.8839779005524862,
                    "support": 347
                },
                "micro avg": {
                    "precision": 0.8815232722143864,
                    "recall": 0.8815232722143864,
                    "f1-score": 0.8815232722143864,
                    "support": 709
                },
                "macro avg": {
                    "precision": 0.8837405324214631,
                    "recall": 0.8823658190965975,
                    "f1-score": 0.8814702182877705,
                    "support": 709
                },
                "weighted avg": {
                    "precision": 0.8844796191571551,
                    "recall": 0.8815232722143864,
                    "f1-score": 0.8814171643611544,
                    "support": 709
                },
                "samples avg": {
                    "precision": 0.8815232722143864,
                    "recall": 0.8815232722143864,
                    "f1-score": 0.8815232722143864,
                    "support": 709
                }
            }
        },
        "test": {
            "accuracy": 0.8804500699043274,
            "precision": 0.8804500699043274,
            "recall": 0.8804500699043274,
            "f1": 0.8804500199043302,
            "classification_report": {
                "chihuahua": {
                    "precision": 0.9212827988338192,
                    "recall": 0.8449197860962567,
                    "f1-score": 0.8814504881450488,
                    "support": 374
                },
                "muffin": {
                    "precision": 0.842391304347826,
                    "recall": 0.9198813056379822,
                    "f1-score": 0.8794326241134752,
                    "support": 337
                },
                "micro avg": {
                    "precision": 0.8804500703234881,
                    "recall": 0.8804500703234881,
                    "f1-score": 0.8804500703234881,
                    "support": 711
                },
                "macro avg": {
                    "precision": 0.8818370515908227,
                    "recall": 0.8824005458671195,
                    "f1-score": 0.880441556129262,
                    "support": 711
                },
                "weighted avg": {
                    "precision": 0.8838897838664779,
                    "recall": 0.8804500703234881,
                    "f1-score": 0.8804940603269893,
                    "support": 711
                },
                "samples avg": {
                    "precision": 0.8804500703234881,
                    "recall": 0.8804500703234881,
                    "f1-score": 0.8804500703234881,
                    "support": 711
                }
            }
        }
    },
    "training_history": {
        "accuracy": [
            0.7017808556556702,
            0.7906730771064758,
            0.8198007941246033,
            0.8576818704605103,
            0.8751886487007141,
            0.8809236288070679,
            0.8871113657951355,
            0.895412027835846,
            0.9026561975479126,
            0.9041653871536255,
            0.9100512862205505,
            0.920464813709259,
            0.935405969619751,
            0.9441593885421753,
            0.9501962065696716
        ],
        "loss": [
            0.5680215358734131,
            0.46343961358070374,
            0.40428274869918823,
            0.3418801426887512,
            0.3068349063396454,
            0.29203322529792786,
            0.27250468730926514,
            0.2601035535335541,
            0.2443741112947464,
            0.23695170879364014,
            0.22568266093730927,
            0.20381379127502441,
            0.17606911063194275,
            0.15370196104049683,
            0.13685603439807892
        ],
        "val_accuracy": [
            0.7306064963340759,
            0.7503526210784912,
            0.7827926874160767,
            0.8152326941490173,
            0.8490832448005676,
            0.8138222694396973,
            0.8293371200561523,
            0.8490832448005676,
            0.8801128268241882,
            0.8857545852661133,
            0.8857545852661133,
            0.8730606436729431,
            0.8744710683822632,
            0.8801128268241882,
            0.8815232515335083
        ],
        "val_loss": [
            0.5186461806297302,
            0.4952297806739807,
            0.4681457281112671,
            0.40696874260902405,
            0.34245145320892334,
            0.4320574402809143,
            0.3942238688468933,
            0.35186660289764404,
            0.31004735827445984,
            0.29480621218681335,
            0.3002995252609253,
            0.323928564786911,
            0.3211281895637512,
            0.31405705213546753,
            0.32766157388687134
        ]
    }
}