{
    "name": "trial_19",
    "start_time": "2024-10-23 08:29:00.148",
    "duration": "21.985",
    "directory": "/home/krakerlu/github/ImageMLResearch/demo/chihuahua_vs_muffin/experiments/experiment_05/output/trial_19",
    "hyperparameters": {
        "dense_units": 512,
        "dropout_rate": 0.42789838205012715,
        "learning_rate": 2.2083880170354025e-05
    },
    "figures": {
        "model_summary": "/home/krakerlu/github/ImageMLResearch/demo/chihuahua_vs_muffin/experiments/experiment_05/output/trial_19/model_summary.png",
        "confusion_matrix": "/home/krakerlu/github/ImageMLResearch/demo/chihuahua_vs_muffin/experiments/experiment_05/output/trial_19/confusion_matrix.png",
        "training_history": "/home/krakerlu/github/ImageMLResearch/demo/chihuahua_vs_muffin/experiments/experiment_05/output/trial_19/training_history.png"
    },
    "evaluation_metrics": {
        "train": {
            "accuracy": 0.9962499737739563,
            "precision": 0.9962499737739563,
            "recall": 0.9962499737739563,
            "f1": 0.9962499237739588,
            "classification_report": {
                "chihuahua": {
                    "precision": 0.9949008498583569,
                    "recall": 0.9982944855031268,
                    "f1-score": 0.996594778660613,
                    "support": 1759
                },
                "muffin": {
                    "precision": 0.9979094076655052,
                    "recall": 0.9937543372657877,
                    "f1-score": 0.9958275382475661,
                    "support": 1441
                },
                "micro avg": {
                    "precision": 0.99625,
                    "recall": 0.99625,
                    "f1-score": 0.99625,
                    "support": 3200
                },
                "macro avg": {
                    "precision": 0.9964051287619311,
                    "recall": 0.9960244113844572,
                    "f1-score": 0.9962111584540896,
                    "support": 3200
                },
                "weighted avg": {
                    "precision": 0.9962556410458884,
                    "recall": 0.99625,
                    "f1-score": 0.9962492807121128,
                    "support": 3200
                },
                "samples avg": {
                    "precision": 0.99625,
                    "recall": 0.99625,
                    "f1-score": 0.99625,
                    "support": 3200
                }
            }
        },
        "val": {
            "accuracy": 0.989062488079071,
            "precision": 0.989062488079071,
            "recall": 0.989062488079071,
            "f1": 0.9890624380790736,
            "classification_report": {
                "chihuahua": {
                    "precision": 0.9846625766871165,
                    "recall": 0.9938080495356038,
                    "f1-score": 0.9892141756548536,
                    "support": 323
                },
                "muffin": {
                    "precision": 0.9936305732484076,
                    "recall": 0.9842271293375394,
                    "f1-score": 0.9889064976228209,
                    "support": 317
                },
                "micro avg": {
                    "precision": 0.9890625,
                    "recall": 0.9890625,
                    "f1-score": 0.9890625,
                    "support": 640
                },
                "macro avg": {
                    "precision": 0.9891465749677621,
                    "recall": 0.9890175894365716,
                    "f1-score": 0.9890603366388373,
                    "support": 640
                },
                "weighted avg": {
                    "precision": 0.989104537483881,
                    "recall": 0.9890625,
                    "f1-score": 0.9890617788796124,
                    "support": 640
                },
                "samples avg": {
                    "precision": 0.9890625,
                    "recall": 0.9890625,
                    "f1-score": 0.9890625,
                    "support": 640
                }
            }
        },
        "test": {
            "accuracy": 0.9820828437805176,
            "precision": 0.9820828437805176,
            "recall": 0.9820828437805176,
            "f1": 0.9820827937805201,
            "classification_report": {
                "chihuahua": {
                    "precision": 0.9772256728778468,
                    "recall": 0.989517819706499,
                    "f1-score": 0.9833333333333333,
                    "support": 477
                },
                "muffin": {
                    "precision": 0.9878048780487805,
                    "recall": 0.9735576923076923,
                    "f1-score": 0.9806295399515739,
                    "support": 416
                },
                "micro avg": {
                    "precision": 0.9820828667413214,
                    "recall": 0.9820828667413214,
                    "f1-score": 0.9820828667413214,
                    "support": 893
                },
                "macro avg": {
                    "precision": 0.9825152754633136,
                    "recall": 0.9815377560070957,
                    "f1-score": 0.9819814366424535,
                    "support": 893
                },
                "weighted avg": {
                    "precision": 0.9821539476271284,
                    "recall": 0.9820828667413214,
                    "f1-score": 0.9820737834488855,
                    "support": 893
                },
                "samples avg": {
                    "precision": 0.9820828667413214,
                    "recall": 0.9820828667413214,
                    "f1-score": 0.9820828667413214,
                    "support": 893
                }
            }
        }
    },
    "training_history": {
        "accuracy": [
            0.6387500166893005,
            0.8550000190734863,
            0.9206249713897705,
            0.949999988079071,
            0.9624999761581421,
            0.9674999713897705,
            0.9696875214576721,
            0.9715625047683716,
            0.9715625047683716,
            0.979687511920929,
            0.9775000214576721,
            0.9793750047683716,
            0.9840624928474426,
            0.9825000166893005,
            0.9840624928474426,
            0.9859374761581421,
            0.9862499833106995,
            0.9865624904632568,
            0.987500011920929,
            0.9871875047683716,
            0.9906250238418579,
            0.9896875023841858,
            0.9906250238418579,
            0.9900000095367432,
            0.9900000095367432
        ],
        "loss": [
            0.7275425791740417,
            0.3370821475982666,
            0.2033660113811493,
            0.14314119517803192,
            0.11578536778688431,
            0.1059398204088211,
            0.09417229890823364,
            0.0854901596903801,
            0.07603912800550461,
            0.06253626197576523,
            0.06514076143503189,
            0.05933515727519989,
            0.05215905234217644,
            0.048807140439748764,
            0.04681946337223053,
            0.04205688461661339,
            0.040891990065574646,
            0.03933173418045044,
            0.0353633314371109,
            0.036651283502578735,
            0.031875621527433395,
            0.03138888254761696,
            0.03430414944887161,
            0.029182152822613716,
            0.0273320022970438
        ],