{
    "name": "trial_31",
    "start_time": "2024-10-24 13:38:34.904",
    "duration": "0:05:43.448",
    "directory": "/home/krakerlu/github/ImageMLResearch/demo/chihuahua_vs_muffin/experiments/experiment_04/output/trial_31",
    "hyperparameters": {
        "normalization": "standard",
        "batch_size": 128,
        "learning_rate": 0.00011000045438919689
    },
    "figures": {
        "training_history": "/home/krakerlu/github/ImageMLResearch/demo/chihuahua_vs_muffin/experiments/experiment_04/output/trial_31/training_history.png"
    },
    "evaluation_metrics": {
        "train": {
            "accuracy": 0.9803802967071533,
            "precision": 0.9803802967071533,
            "recall": 0.9803802967071533,
            "f1": 0.9803802467071558,
            "classification_report": {
                "chihuahua": {
                    "precision": 0.9932659932659933,
                    "recall": 0.9709270433351618,
                    "f1-score": 0.9819694868238558,
                    "support": 3646
                },
                "muffin": {
                    "precision": 0.9653821032005225,
                    "recall": 0.9919463087248322,
                    "f1-score": 0.97848394571334,
                    "support": 2980
                },
                "micro avg": {
                    "precision": 0.9803803199517054,
                    "recall": 0.9803803199517054,
                    "f1-score": 0.9803803199517054,
                    "support": 6626
                },
                "macro avg": {
                    "precision": 0.9793240482332579,
                    "recall": 0.9814366760299971,
                    "f1-score": 0.9802267162685978,
                    "support": 6626
                },
                "weighted avg": {
                    "precision": 0.9807253967680906,
                    "recall": 0.9803803199517054,
                    "f1-score": 0.9804018875921418,
                    "support": 6626
                },
                "samples avg": {
                    "precision": 0.9803803199517054,
                    "recall": 0.9803803199517054,
                    "f1-score": 0.9803803199517054,
                    "support": 6626
                }
            }
        },
        "val": {
            "accuracy": 0.8476727604866028,
            "precision": 0.8476727604866028,
            "recall": 0.8476727604866028,
            "f1": 0.8476727104866058,
            "classification_report": {
                "chihuahua": {
                    "precision": 0.9703703703703703,
                    "recall": 0.7237569060773481,
                    "f1-score": 0.8291139240506329,
                    "support": 362
                },
                "muffin": {
                    "precision": 0.7722095671981777,
                    "recall": 0.9769452449567724,
                    "f1-score": 0.8625954198473282,
                    "support": 347
                },
                "micro avg": {
                    "precision": 0.847672778561354,
                    "recall": 0.847672778561354,
                    "f1-score": 0.847672778561354,
                    "support": 709
                },
                "macro avg": {
                    "precision": 0.871289968784274,
                    "recall": 0.8503510755170602,
                    "f1-score": 0.8458546719489806,
                    "support": 709
                },
                "weighted avg": {
                    "precision": 0.8733861690999177,
                    "recall": 0.847672778561354,
                    "f1-score": 0.8455004953361807,
                    "support": 709
                },
                "samples avg": {
                    "precision": 0.847672778561354,
                    "recall": 0.847672778561354,
                    "f1-score": 0.847672778561354,
                    "support": 709
                }
            }
        },
        "test": {
            "accuracy": 0.8677918314933777,
            "precision": 0.8677918314933777,
            "recall": 0.8677918314933777,
            "f1": 0.8677917814933805,
            "classification_report": {
                "chihuahua": {
                    "precision": 0.9666666666666667,
                    "recall": 0.7754010695187166,
                    "f1-score": 0.8605341246290801,
                    "support": 374
                },
                "muffin": {
                    "precision": 0.7956204379562044,
                    "recall": 0.9703264094955489,
                    "f1-score": 0.8743315508021391,
                    "support": 337
                },
                "micro avg": {
                    "precision": 0.8677918424753868,
                    "recall": 0.8677918424753868,
                    "f1-score": 0.8677918424753868,
                    "support": 711
                },
                "macro avg": {
                    "precision": 0.8811435523114355,
                    "recall": 0.8728637395071328,
                    "f1-score": 0.8674328377156095,
                    "support": 711
                },
                "weighted avg": {
                    "precision": 0.8855941222567851,
                    "recall": 0.8677918424753868,
                    "f1-score": 0.8670738329558324,
                    "support": 711
                },
                "samples avg": {
                    "precision": 0.8677918424753868,
                    "recall": 0.8677918424753868,
                    "f1-score": 0.8677918424753868,
                    "support": 711
                }
            }
        }
    },
    "training_history": {
        "accuracy": [
            0.7005735039710999,
            0.7727135419845581,
            0.8297615647315979,
            0.853757917881012,
            0.8760941624641418,
            0.8931481838226318,
            0.9053727984428406,
            0.9162390828132629,
            0.9298219084739685,
            0.935405969619751,
            0.9369151592254639,
            0.9130697250366211,
            0.9370660781860352,
            0.9609115719795227,
            0.9702686667442322
        ],
        "loss": [
            0.5631029605865479,
            0.47766703367233276,
            0.38899973034858704,
            0.3458203673362732,
            0.29776281118392944,
            0.2665766477584839,
            0.2411726862192154,
            0.20958387851715088,
            0.18034040927886963,
            0.16176554560661316,
            0.1661611646413803,
            0.21198587119579315,
            0.15778422355651855,
            0.10775987803936005,
            0.08742213994264603
        ],
        "val_accuracy": [
            0.8025388121604919,
            0.8222849369049072,
            0.8476727604866028,
            0.8519040942192078,
            0.8561354279518127,
            0.8688293099403381,
            0.860366702079773,
            0.860366702079773,
            0.871650218963623,
            0.8448519110679626,
            0.8265162110328674,
            0.8490832448005676,
            0.8631876111030579,
            0.8871650099754333,
            0.8476727604866028
        ],
        "val_loss": [
            0.46378806233406067,
            0.3924674987792969,
            0.37523210048675537,
            0.35844874382019043,
            0.33098989725112915,
            0.31044694781303406,
            0.34413936734199524,
            0.32805150747299194,
            0.3189689517021179,
            0.4062824845314026,
            0.46777650713920593,
            0.39061152935028076,
            0.3602142632007599,
            0.32667452096939087,
            0.5063345432281494
        ]
    }
}