{
    "name": "trial_90",
    "start_time": "2024-10-27 13:51:50.232",
    "duration": "0:05:47.036",
    "directory": "/home/krakerlu/github/ImageMLResearch/demo/chihuahua_vs_muffin/experiments/experiment_04/output/trial_90",
    "hyperparameters": {
        "normalization": "standard",
        "batch_size": 128,
        "learning_rate": 5.702920484127834e-05
    },
    "figures": {
        "training_history": "/home/krakerlu/github/ImageMLResearch/demo/chihuahua_vs_muffin/experiments/experiment_04/output/trial_90/training_history.png"
    },
    "evaluation_metrics": {
        "train": {
            "accuracy": 0.9206157326698303,
            "precision": 0.9206157326698303,
            "recall": 0.9206157326698303,
            "f1": 0.920615682669833,
            "classification_report": {
                "chihuahua": {
                    "precision": 0.9794099569760295,
                    "recall": 0.8741086121777291,
                    "f1-score": 0.923768115942029,
                    "support": 3646
                },
                "muffin": {
                    "precision": 0.8638790035587188,
                    "recall": 0.97751677852349,
                    "f1-score": 0.917191435768262,
                    "support": 2980
                },
                "micro avg": {
                    "precision": 0.920615756112285,
                    "recall": 0.920615756112285,
                    "f1-score": 0.920615756112285,
                    "support": 6626
                },
                "macro avg": {
                    "precision": 0.9216444802673742,
                    "recall": 0.9258126953506095,
                    "f1-score": 0.9204797758551455,
                    "support": 6626
                },
                "weighted avg": {
                    "precision": 0.9274506691427084,
                    "recall": 0.920615756112285,
                    "f1-score": 0.9208102972100904,
                    "support": 6626
                },
                "samples avg": {
                    "precision": 0.920615756112285,
                    "recall": 0.920615756112285,
                    "f1-score": 0.920615756112285,
                    "support": 6626
                }
            }
        },
        "val": {
            "accuracy": 0.7898448705673218,
            "precision": 0.7898448705673218,
            "recall": 0.7898448705673218,
            "f1": 0.789844820567325,
            "classification_report": {
                "chihuahua": {
                    "precision": 0.9650655021834061,
                    "recall": 0.6104972375690608,
                    "f1-score": 0.7478849407783418,
                    "support": 362
                },
                "muffin": {
                    "precision": 0.70625,
                    "recall": 0.9769452449567724,
                    "f1-score": 0.8198307134220073,
                    "support": 347
                },
                "micro avg": {
                    "precision": 0.7898448519040903,
                    "recall": 0.7898448519040903,
                    "f1-score": 0.7898448519040903,
                    "support": 709
                },
                "macro avg": {
                    "precision": 0.8356577510917031,
                    "recall": 0.7937212412629167,
                    "f1-score": 0.7838578271001746,
                    "support": 709
                },
                "weighted avg": {
                    "precision": 0.8383955737523174,
                    "recall": 0.7898448519040903,
                    "f1-score": 0.7830967646251006,
                    "support": 709
                },
                "samples avg": {
                    "precision": 0.7898448519040903,
                    "recall": 0.7898448519040903,
                    "f1-score": 0.7898448519040903,
                    "support": 709
                }
            }
        },
        "test": {
            "accuracy": 0.8157524466514587,
            "precision": 0.8157524466514587,
            "recall": 0.8157524466514587,
            "f1": 0.8157523966514618,
            "classification_report": {
                "chihuahua": {
                    "precision": 0.9619771863117871,
                    "recall": 0.6764705882352942,
                    "f1-score": 0.7943485086342229,
                    "support": 374
                },
                "muffin": {
                    "precision": 0.7299107142857143,
                    "recall": 0.9703264094955489,
                    "f1-score": 0.8331210191082803,
                    "support": 337
                },
                "micro avg": {
                    "precision": 0.8157524613220816,
                    "recall": 0.8157524613220816,
                    "f1-score": 0.8157524613220816,
                    "support": 711
                },
                "macro avg": {
                    "precision": 0.8459439502987507,
                    "recall": 0.8233984988654215,
                    "f1-score": 0.8137347638712515,
                    "support": 711
                },
                "weighted avg": {
                    "precision": 0.8519822480940846,
                    "recall": 0.8157524613220816,
                    "f1-score": 0.8127259151458366,
                    "support": 711
                },
                "samples avg": {
                    "precision": 0.8157524613220816,
                    "recall": 0.8157524613220816,
                    "f1-score": 0.8157524613220816,
                    "support": 711
                }
            }
        }
    },
    "training_history": {
        "accuracy": [
            0.6936311721801758,
            0.7597343921661377,
            0.8016903400421143,
            0.8416842818260193,
            0.8646242022514343,
            0.8789616823196411,
            0.8872622847557068,
            0.8945065140724182,
            0.9074856638908386,
            0.9139752388000488,
            0.9227286577224731,
            0.9171445965766907,
            0.9287654757499695,
            0.9292182326316833,
            0.9366133213043213
        ],
        "loss": [
            0.5776339173316956,
            0.5006613731384277,
            0.4314389228820801,
            0.3691687285900116,
            0.3303103744983673,
            0.30309703946113586,
            0.280423104763031,
            0.2703242599964142,
            0.23824799060821533,
            0.2288644015789032,
            0.20780134201049805,
            0.21155422925949097,
            0.18527920544147491,
            0.17907221615314484,
            0.1639544814825058
        ],
        "val_accuracy": [
            0.7489421963691711,
            0.7743300199508667,
            0.8053596615791321,
            0.8011283278465271,
            0.8279266357421875,
            0.8194640278816223,
            0.8222849369049072,
            0.8194640278816223,
            0.8462623357772827,
            0.8533145189285278,
            0.8645980358123779,
            0.8025388121604919,
            0.8547249436378479,
            0.8279266357421875,
            0.7898448705673218
        ],
        "val_loss": [
            0.504746675491333,
            0.47892311215400696,
            0.4460739195346832,
            0.4730871021747589,
            0.42825987935066223,
            0.43535998463630676,
            0.4129519462585449,
            0.4171188771724701,
            0.3632536232471466,
            0.34301134943962097,
            0.32694071531295776,
            0.4417573809623718,
            0.3590398132801056,
            0.40148091316223145,
            0.5119166374206543
        ]
    }
}