{
    "name": "trial_78",
    "start_time": "2024-10-27 12:42:12.862",
    "duration": "0:05:47.346",
    "directory": "/home/krakerlu/github/ImageMLResearch/demo/chihuahua_vs_muffin/experiments/experiment_04/output/trial_78",
    "hyperparameters": {
        "normalization": "standard",
        "batch_size": 256,
        "learning_rate": 5.010317408085337e-05
    },
    "figures": {
        "training_history": "/home/krakerlu/github/ImageMLResearch/demo/chihuahua_vs_muffin/experiments/experiment_04/output/trial_78/training_history.png"
    },
    "evaluation_metrics": {
        "train": {
            "accuracy": 0.9136734008789062,
            "precision": 0.9136734008789062,
            "recall": 0.9136734008789062,
            "f1": 0.913673350878909,
            "classification_report": {
                "chihuahua": {
                    "precision": 0.9120643431635389,
                    "recall": 0.9330773450356555,
                    "f1-score": 0.9224511930585684,
                    "support": 3646
                },
                "muffin": {
                    "precision": 0.9157458563535912,
                    "recall": 0.8899328859060402,
                    "f1-score": 0.9026548672566371,
                    "support": 2980
                },
                "micro avg": {
                    "precision": 0.9136734077875037,
                    "recall": 0.9136734077875037,
                    "f1-score": 0.9136734077875037,
                    "support": 6626
                },
                "macro avg": {
                    "precision": 0.913905099758565,
                    "recall": 0.9115051154708479,
                    "f1-score": 0.9125530301576028,
                    "support": 6626
                },
                "weighted avg": {
                    "precision": 0.9137200795514585,
                    "recall": 0.9136734077875037,
                    "f1-score": 0.9135479254929548,
                    "support": 6626
                },
                "samples avg": {
                    "precision": 0.9136734077875037,
                    "recall": 0.9136734077875037,
                    "f1-score": 0.9136734077875037,
                    "support": 6626
                }
            }
        },
        "val": {
            "accuracy": 0.8321579694747925,
            "precision": 0.8321579694747925,
            "recall": 0.8321579694747925,
            "f1": 0.8321579194747954,
            "classification_report": {
                "chihuahua": {
                    "precision": 0.9354838709677419,
                    "recall": 0.7209944751381215,
                    "f1-score": 0.8143525741029641,
                    "support": 362
                },
                "muffin": {
                    "precision": 0.7651162790697674,
                    "recall": 0.9481268011527377,
                    "f1-score": 0.8468468468468469,
                    "support": 347
                },
                "micro avg": {
                    "precision": 0.8321579689703809,
                    "recall": 0.8321579689703809,
                    "f1-score": 0.8321579689703809,
                    "support": 709
                },
                "macro avg": {
                    "precision": 0.8503000750187546,
                    "recall": 0.8345606381454296,
                    "f1-score": 0.8305997104749054,
                    "support": 709
                },
                "weighted avg": {
                    "precision": 0.8521022709838248,
                    "recall": 0.8321579689703809,
                    "f1-score": 0.8302559769832565,
                    "support": 709
                },
                "samples avg": {
                    "precision": 0.8321579689703809,
                    "recall": 0.8321579689703809,
                    "f1-score": 0.8321579689703809,
                    "support": 709
                }
            }
        },
        "test": {
            "accuracy": 0.8635724186897278,
            "precision": 0.8635724186897278,
            "recall": 0.8635724186897278,
            "f1": 0.8635723686897306,
            "classification_report": {
                "chihuahua": {
                    "precision": 0.9511400651465798,
                    "recall": 0.7807486631016043,
                    "f1-score": 0.8575624082232012,
                    "support": 374
                },
                "muffin": {
                    "precision": 0.7970297029702971,
                    "recall": 0.9554896142433235,
                    "f1-score": 0.8690958164642375,
                    "support": 337
                },
                "micro avg": {
                    "precision": 0.8635724331926864,
                    "recall": 0.8635724331926864,
                    "f1-score": 0.8635724331926864,
                    "support": 711
                },
                "macro avg": {
                    "precision": 0.8740848840584384,
                    "recall": 0.8681191386724638,
                    "f1-score": 0.8633291123437193,
                    "support": 711
                },
                "weighted avg": {
                    "precision": 0.8780947879969211,
                    "recall": 0.8635724331926864,
                    "f1-score": 0.8630290166299934,
                    "support": 711
                },
                "samples avg": {
                    "precision": 0.8635724331926864,
                    "recall": 0.8635724331926864,
                    "f1-score": 0.8635724331926864,
                    "support": 711
                }
            }
        }
    },
    "training_history": {
        "accuracy": [
            0.6696347594261169,
            0.7481135129928589,
            0.7826743125915527,
            0.8059160709381104,
            0.8160277605056763,
            0.8495321273803711,
            0.8510413765907288,
            0.85587078332901,
            0.8688499927520752,
            0.8809236288070679,
            0.8789616823196411,
            0.88530033826828,
            0.8911862373352051,
            0.9000905752182007,
            0.9020525217056274
        ],
        "loss": [
            0.6025072932243347,
            0.5154790878295898,
            0.4667667746543884,
            0.4283381402492523,
            0.4141100347042084,
            0.36798837780952454,
            0.35716181993484497,
            0.3447006642818451,
            0.3193235993385315,
            0.29987847805023193,
            0.29295068979263306,
            0.2818372845649719,
            0.2704990804195404,
            0.256117582321167,
            0.24629603326320648
        ],
        "val_accuracy": [
            0.7658674120903015,
            0.7870239615440369,
            0.8095909953117371,
            0.8251057863235474,
            0.7700987458229065,
            0.8293371200561523,
            0.8434414863586426,
            0.8349788188934326,
            0.8434414863586426,
            0.8138222694396973,
            0.8124118447303772,
            0.8265162110328674,
            0.8420310020446777,
            0.8180536031723022,
            0.8321579694747925
        ],
        "val_loss": [
            0.5221647024154663,
            0.46810099482536316,
            0.429286926984787,
            0.40538883209228516,
            0.5108590722084045,
            0.4076690077781677,
            0.39536985754966736,
            0.3933529853820801,
            0.3800264894962311,
            0.42769330739974976,
            0.43721911311149597,
            0.4041367471218109,
            0.3882131278514862,
            0.4265756905078888,
            0.4045092463493347
        ]
    }
}