{
    "name": "trial_39",
    "start_time": "2024-10-24 14:24:56.115",
    "duration": "0:05:47.625",
    "directory": "/home/krakerlu/github/ImageMLResearch/demo/chihuahua_vs_muffin/experiments/experiment_04/output/trial_39",
    "hyperparameters": {
        "normalization": "mean",
        "batch_size": 128,
        "learning_rate": 6.94074315304222e-05
    },
    "figures": {
        "training_history": "/home/krakerlu/github/ImageMLResearch/demo/chihuahua_vs_muffin/experiments/experiment_04/output/trial_39/training_history.png"
    },
    "evaluation_metrics": {
        "train": {
            "accuracy": 0.9335949420928955,
            "precision": 0.9335949420928955,
            "recall": 0.9335949420928955,
            "f1": 0.9335948920928981,
            "classification_report": {
                "chihuahua": {
                    "precision": 0.9146404552509053,
                    "recall": 0.9698299506308283,
                    "f1-score": 0.9414270500532481,
                    "support": 3646
                },
                "muffin": {
                    "precision": 0.9601449275362319,
                    "recall": 0.889261744966443,
                    "f1-score": 0.9233449477351916,
                    "support": 2980
                },
                "micro avg": {
                    "precision": 0.9335949290673106,
                    "recall": 0.9335949290673106,
                    "f1-score": 0.9335949290673106,
                    "support": 6626
                },
                "macro avg": {
                    "precision": 0.9373926913935686,
                    "recall": 0.9295458477986356,
                    "f1-score": 0.9323859988942198,
                    "support": 6626
                },
                "weighted avg": {
                    "precision": 0.9351057929222415,
                    "recall": 0.9335949290673106,
                    "f1-score": 0.9332947432455498,
                    "support": 6626
                },
                "samples avg": {
                    "precision": 0.9335949290673106,
                    "recall": 0.9335949290673106,
                    "f1-score": 0.9335949290673106,
                    "support": 6626
                }
            }
        },
        "val": {
            "accuracy": 0.8730606436729431,
            "precision": 0.8730606436729431,
            "recall": 0.8730606436729431,
            "f1": 0.873060593672946,
            "classification_report": {
                "chihuahua": {
                    "precision": 0.9387096774193548,
                    "recall": 0.8038674033149171,
                    "f1-score": 0.8660714285714286,
                    "support": 362
                },
                "muffin": {
                    "precision": 0.8220551378446115,
                    "recall": 0.9452449567723343,
                    "f1-score": 0.8793565683646113,
                    "support": 347
                },
                "micro avg": {
                    "precision": 0.8730606488011283,
                    "recall": 0.8730606488011283,
                    "f1-score": 0.8730606488011283,
                    "support": 709
                },
                "macro avg": {
                    "precision": 0.8803824076319832,
                    "recall": 0.8745561800436257,
                    "f1-score": 0.8727139984680199,
                    "support": 709
                },
                "weighted avg": {
                    "precision": 0.8816164119293183,
                    "recall": 0.8730606488011283,
                    "f1-score": 0.8725734645491923,
                    "support": 709
                },
                "samples avg": {
                    "precision": 0.8730606488011283,
                    "recall": 0.8730606488011283,
                    "f1-score": 0.8730606488011283,
                    "support": 709
                }
            }
        },
        "test": {
            "accuracy": 0.8748241662979126,
            "precision": 0.8748241662979126,
            "recall": 0.8748241662979126,
            "f1": 0.8748241162979155,
            "classification_report": {
                "chihuahua": {
                    "precision": 0.9384615384615385,
                    "recall": 0.8155080213903744,
                    "f1-score": 0.8726752503576538,
                    "support": 374
                },
                "muffin": {
                    "precision": 0.8212435233160622,
                    "recall": 0.9406528189910979,
                    "f1-score": 0.8769017980636238,
                    "support": 337
                },
                "micro avg": {
                    "precision": 0.8748241912798875,
                    "recall": 0.8748241912798875,
                    "f1-score": 0.8748241912798875,
                    "support": 711
                },
                "macro avg": {
                    "precision": 0.8798525308888003,
                    "recall": 0.8780804201907362,
                    "f1-score": 0.8747885242106388,
                    "support": 711
                },
                "weighted avg": {
                    "precision": 0.8829025073728951,
                    "recall": 0.8748241912798875,
                    "f1-score": 0.8746785507471221,
                    "support": 711
                },
                "samples avg": {
                    "precision": 0.8748241912798875,
                    "recall": 0.8748241912798875,
                    "f1-score": 0.8748241912798875,
                    "support": 711
                }
            }
        }
    },
    "training_history": {
        "accuracy": [
            0.6869906187057495,
            0.7635073661804199,
            0.7974645495414734,
            0.8208572268486023,
            0.83881676197052,
            0.8641714453697205,
            0.8810745477676392,
            0.8893752098083496,
            0.8969212174415588,
            0.9043163061141968,
            0.9103531837463379,
            0.9153335094451904,
            0.9246906042098999,
            0.9236341714859009,
            0.9289163947105408
        ],
        "loss": [
            0.5851225852966309,
            0.4987662434577942,
            0.45519304275512695,
            0.41029730439186096,
            0.3740234673023224,
            0.3229425549507141,
            0.2919139564037323,
            0.2745039165019989,
            0.25967860221862793,
            0.24358481168746948,
            0.23137056827545166,
            0.21748130023479462,
            0.20031869411468506,
            0.19223923981189728,
            0.18476596474647522
        ],
        "val_accuracy": [
            0.7799717783927917,
            0.8110014200210571,
            0.8152326941490173,
            0.8377997279167175,
            0.8392101526260376,
            0.8067700862884521,
            0.798307478427887,
            0.8124118447303772,
            0.8053596615791321,
            0.8448519110679626,
            0.8476727604866028,
            0.8547249436378479,
            0.8448519110679626,
            0.8674188852310181,
            0.8730606436729431
        ],
        "val_loss": [
            0.4859577417373657,
            0.42192575335502625,
            0.4071938395500183,
            0.3814050853252411,
            0.3803912401199341,
            0.5043174624443054,
            0.4919324219226837,
            0.4867742955684662,
            0.4821951985359192,
            0.3771510720252991,
            0.38514435291290283,
            0.3724270462989807,
            0.39279288053512573,
            0.3503819704055786,
            0.3319149911403656
        ]
    }
}