{
    "name": "trial_77",
    "start_time": "2024-10-20 12:15:44.802",
    "duration": "33.719",
    "directory": "/home/krakerlu/github/ImageMLResearch/demo/chihuahua_vs_muffin/experiments/experiment_03/output/trial_77",
    "hyperparameters": {
        "units1": 128,
        "kernel_size1": 5,
        "units2": 64,
        "kernel_size2": 7,
        "dense_units": 256,
        "dropout_rate": 0.18328177429112325,
        "learning_rate": 0.00014985002774766163
    },
    "figures": {
        "model_summary": "/home/krakerlu/github/ImageMLResearch/demo/chihuahua_vs_muffin/experiments/experiment_03/output/trial_77/model_summary.png",
        "confusion_matrix": "/home/krakerlu/github/ImageMLResearch/demo/chihuahua_vs_muffin/experiments/experiment_03/output/trial_77/confusion_matrix.png",
        "training_history": "/home/krakerlu/github/ImageMLResearch/demo/chihuahua_vs_muffin/experiments/experiment_03/output/trial_77/training_history.png"
    },
    "evaluation_metrics": {
        "train": {
            "accuracy": 0.9831249713897705,
            "precision": 0.9831249713897705,
            "recall": 0.9831249713897705,
            "f1": 0.983124921389773,
            "classification_report": {
                "chihuahua": {
                    "precision": 0.9913544668587896,
                    "recall": 0.9778283115406481,
                    "f1-score": 0.9845449341728678,
                    "support": 1759
                },
                "muffin": {
                    "precision": 0.9733788395904437,
                    "recall": 0.9895905621096461,
                    "f1-score": 0.981417756366139,
                    "support": 1441
                },
                "micro avg": {
                    "precision": 0.983125,
                    "recall": 0.983125,
                    "f1-score": 0.983125,
                    "support": 3200
                },
                "macro avg": {
                    "precision": 0.9823666532246167,
                    "recall": 0.9837094368251471,
                    "f1-score": 0.9829813452695034,
                    "support": 3200
                },
                "weighted avg": {
                    "precision": 0.9832598172045127,
                    "recall": 0.983125,
                    "f1-score": 0.9831367269167752,
                    "support": 3200
                },
                "samples avg": {
                    "precision": 0.983125,
                    "recall": 0.983125,
                    "f1-score": 0.983125,
                    "support": 3200
                }
            }
        },
        "val": {
            "accuracy": 0.895312488079071,
            "precision": 0.895312488079071,
            "recall": 0.895312488079071,
            "f1": 0.8953124380790738,
            "classification_report": {
                "chihuahua": {
                    "precision": 0.8975155279503105,
                    "recall": 0.8947368421052632,
                    "f1-score": 0.896124031007752,
                    "support": 323
                },
                "muffin": {
                    "precision": 0.8930817610062893,
                    "recall": 0.8958990536277602,
                    "f1-score": 0.8944881889763779,
                    "support": 317
                },
                "micro avg": {
                    "precision": 0.8953125,
                    "recall": 0.8953125,
                    "f1-score": 0.8953125,
                    "support": 640
                },
                "macro avg": {
                    "precision": 0.8952986444783,
                    "recall": 0.8953179478665116,
                    "f1-score": 0.895306109992065,
                    "support": 640
                },
                "weighted avg": {
                    "precision": 0.8953194277608499,
                    "recall": 0.8953125,
                    "f1-score": 0.8953137780015868,
                    "support": 640
                },
                "samples avg": {
                    "precision": 0.8953125,
                    "recall": 0.8953125,
                    "f1-score": 0.8953125,
                    "support": 640
                }
            }
        },
        "test": {
            "accuracy": 0.8846584558486938,
            "precision": 0.8846584558486938,
            "recall": 0.8846584558486938,
            "f1": 0.8846584058486966,
            "classification_report": {
                "chihuahua": {
                    "precision": 0.9100877192982456,
                    "recall": 0.870020964360587,
                    "f1-score": 0.8896034297963559,
                    "support": 477
                },
                "muffin": {
                    "precision": 0.8581235697940504,
                    "recall": 0.9014423076923077,
                    "f1-score": 0.8792497069167644,
                    "support": 416
                },
                "micro avg": {
                    "precision": 0.8846584546472565,
                    "recall": 0.8846584546472565,
                    "f1-score": 0.8846584546472565,
                    "support": 893
                },
                "macro avg": {
                    "precision": 0.8841056445461479,
                    "recall": 0.8857316360264473,
                    "f1-score": 0.8844265683565602,
                    "support": 893
                },
                "weighted avg": {
                    "precision": 0.885880455923391,
                    "recall": 0.8846584546472565,
                    "f1-score": 0.884780194949872,
                    "support": 893
                },
                "samples avg": {
                    "precision": 0.8846584546472565,
                    "recall": 0.8846584546472565,
                    "f1-score": 0.8846584546472565,
                    "support": 893
                }
            }
        }
    },
    "training_history": {
        "accuracy": [
            0.6571875214576721,
            0.7709375023841858,
            0.8134375214576721,
            0.8278124928474426,
            0.8431249856948853,
            0.8634374737739563,
            0.8690624833106995,
            0.8878124952316284,
            0.8965625166893005,
            0.9024999737739563,
            0.9056249856948853,
            0.9024999737739563,
            0.9087499976158142,
            0.9246875047683716,
            0.9384375214576721,
            0.9493749737739563,
            0.9440624713897705,
            0.9434375166893005,
            0.9678124785423279,
            0.9740625023841858,
            0.9759374856948853,
            0.9743750095367432,
            0.9649999737739563,
            0.9612500071525574,
            0.9303125143051147
        ],
        "loss": [
            0.6065588593482971,
            0.4876156151294708,
            0.4262910485267639,
            0.39337649941444397,
            0.358450323343277,
            0.32561713457107544,
            0.31276485323905945,
            0.2815765142440796,
            0.25797784328460693,
            0.24798135459423065,
            0.24046702682971954,
            0.23524631559848785,
            0.22250990569591522,
            0.19671869277954102,
            0.16596877574920654,
            0.14597178995609283,
            0.1436673402786255,
            0.1427914947271347,
            0.09553685039281845,
            0.08052252978086472,
            0.07061560451984406,
            0.07537834346294403,
            0.08886702358722687,
            0.09195287525653839,
            0.16015313565731049
        ],