{
    "name": "trial_97",
    "start_time": "2024-10-23 08:58:56.143",
    "duration": "21.574",
    "directory": "/home/krakerlu/github/ImageMLResearch/demo/chihuahua_vs_muffin/experiments/experiment_05/output/trial_97",
    "hyperparameters": {
        "dense_units": 256,
        "dropout_rate": 0.40308957002035894,
        "learning_rate": 5.290346177015095e-05
    },
    "figures": {
        "model_summary": "/home/krakerlu/github/ImageMLResearch/demo/chihuahua_vs_muffin/experiments/experiment_05/output/trial_97/model_summary.png",
        "confusion_matrix": "/home/krakerlu/github/ImageMLResearch/demo/chihuahua_vs_muffin/experiments/experiment_05/output/trial_97/confusion_matrix.png",
        "training_history": "/home/krakerlu/github/ImageMLResearch/demo/chihuahua_vs_muffin/experiments/experiment_05/output/trial_97/training_history.png"
    },
    "evaluation_metrics": {
        "train": {
            "accuracy": 0.9993749856948853,
            "precision": 0.9993749856948853,
            "recall": 0.9993749856948853,
            "f1": 0.9993749356948878,
            "classification_report": {
                "chihuahua": {
                    "precision": 0.9994314951677089,
                    "recall": 0.9994314951677089,
                    "f1-score": 0.9994314951677089,
                    "support": 1759
                },
                "muffin": {
                    "precision": 0.9993060374739764,
                    "recall": 0.9993060374739764,
                    "f1-score": 0.9993060374739764,
                    "support": 1441
                },
                "micro avg": {
                    "precision": 0.999375,
                    "recall": 0.999375,
                    "f1-score": 0.999375,
                    "support": 3200
                },
                "macro avg": {
                    "precision": 0.9993687663208426,
                    "recall": 0.9993687663208426,
                    "f1-score": 0.9993687663208426,
                    "support": 3200
                },
                "weighted avg": {
                    "precision": 0.999375,
                    "recall": 0.999375,
                    "f1-score": 0.999375,
                    "support": 3200
                },
                "samples avg": {
                    "precision": 0.999375,
                    "recall": 0.999375,
                    "f1-score": 0.999375,
                    "support": 3200
                }
            }
        },
        "val": {
            "accuracy": 0.987500011920929,
            "precision": 0.987500011920929,
            "recall": 0.987500011920929,
            "f1": 0.9874999619209315,
            "classification_report": {
                "chihuahua": {
                    "precision": 0.9876160990712074,
                    "recall": 0.9876160990712074,
                    "f1-score": 0.9876160990712074,
                    "support": 323
                },
                "muffin": {
                    "precision": 0.9873817034700315,
                    "recall": 0.9873817034700315,
                    "f1-score": 0.9873817034700315,
                    "support": 317
                },
                "micro avg": {
                    "precision": 0.9875,
                    "recall": 0.9875,
                    "f1-score": 0.9875,
                    "support": 640
                },
                "macro avg": {
                    "precision": 0.9874989012706195,
                    "recall": 0.9874989012706195,
                    "f1-score": 0.9874989012706195,
                    "support": 640
                },
                "weighted avg": {
                    "precision": 0.9875,
                    "recall": 0.9875,
                    "f1-score": 0.9875,
                    "support": 640
                },
                "samples avg": {
                    "precision": 0.9875,
                    "recall": 0.9875,
                    "f1-score": 0.9875,
                    "support": 640
                }
            }
        },
        "test": {
            "accuracy": 0.9854423403739929,
            "precision": 0.9854423403739929,
            "recall": 0.9854423403739929,
            "f1": 0.9854422903739954,
            "classification_report": {
                "chihuahua": {
                    "precision": 0.9813278008298755,
                    "recall": 0.9916142557651991,
                    "f1-score": 0.986444212721585,
                    "support": 477
                },
                "muffin": {
                    "precision": 0.9902676399026764,
                    "recall": 0.9783653846153846,
                    "f1-score": 0.9842805320435308,
                    "support": 416
                },
                "micro avg": {
                    "precision": 0.9854423292273237,
                    "recall": 0.9854423292273237,
                    "f1-score": 0.9854423292273237,
                    "support": 893
                },
                "macro avg": {
                    "precision": 0.985797720366276,
                    "recall": 0.9849898201902918,
                    "f1-score": 0.985362372382558,
                    "support": 893
                },
                "weighted avg": {
                    "precision": 0.985492384317317,
                    "recall": 0.9854423292273237,
                    "f1-score": 0.985436271890599,
                    "support": 893
                },
                "samples avg": {
                    "precision": 0.9854423292273237,
                    "recall": 0.9854423292273237,
                    "f1-score": 0.9854423292273237,
                    "support": 893
                }
            }
        }
    },
    "training_history": {
        "accuracy": [
            0.8046875,
            0.9434375166893005,
            0.9681249856948853,
            0.9731249809265137,
            0.9750000238418579,
            0.9793750047683716,
            0.9818750023841858,
            0.9840624928474426,
            0.989062488079071,
            0.9868749976158142,
            0.9893749952316284,
            0.9900000095367432,
            0.989062488079071,
            0.9887499809265137,
            0.9918749928474426,
            0.9943749904632568,
            0.9931250214576721,
            0.9962499737739563,
            0.9928125143051147,
            0.9950000047683716,
            0.9965624809265137,
            0.995312511920929,
            0.996874988079071,
            0.9965624809265137,
            0.9971874952316284
        ],
        "loss": [
            0.4399125576019287,
            0.16374711692333221,
            0.10565679520368576,
            0.0846756175160408,
            0.07173174619674683,
            0.061365291476249695,
            0.05573233589529991,
            0.04933721572160721,
            0.03845304623246193,
            0.03859059512615204,
            0.034447990357875824,
            0.03268454596400261,
            0.03157682716846466,
            0.03222597762942314,
            0.026733778417110443,
            0.023191897198557854,
            0.024878745898604393,
            0.020379558205604553,
            0.022354936227202415,
            0.01818646304309368,
            0.016553934663534164,
            0.017810091376304626,
            0.015044578351080418,
            0.015409215353429317,
            0.013696161098778248
        ],