{
    "name": "trial_85",
    "start_time": "2024-10-20 12:20:32.692",
    "duration": "25.213",
    "directory": "/home/krakerlu/github/ImageMLResearch/demo/chihuahua_vs_muffin/experiments/experiment_03/output/trial_85",
    "hyperparameters": {
        "units1": 128,
        "kernel_size1": 3,
        "units2": 64,
        "kernel_size2": 3,
        "dense_units": 256,
        "dropout_rate": 0.26506799371902673,
        "learning_rate": 0.0003638055946523595
    },
    "figures": {
        "model_summary": "/home/krakerlu/github/ImageMLResearch/demo/chihuahua_vs_muffin/experiments/experiment_03/output/trial_85/model_summary.png",
        "confusion_matrix": "/home/krakerlu/github/ImageMLResearch/demo/chihuahua_vs_muffin/experiments/experiment_03/output/trial_85/confusion_matrix.png",
        "training_history": "/home/krakerlu/github/ImageMLResearch/demo/chihuahua_vs_muffin/experiments/experiment_03/output/trial_85/training_history.png"
    },
    "evaluation_metrics": {
        "train": {
            "accuracy": 0.9978125095367432,
            "precision": 0.9978125095367432,
            "recall": 0.9978125095367432,
            "f1": 0.9978124595367457,
            "classification_report": {
                "chihuahua": {
                    "precision": 0.9960362400906002,
                    "recall": 1.0,
                    "f1-score": 0.9980141843971632,
                    "support": 1759
                },
                "muffin": {
                    "precision": 1.0,
                    "recall": 0.9951422623178349,
                    "f1-score": 0.9975652173913043,
                    "support": 1441
                },
                "micro avg": {
                    "precision": 0.9978125,
                    "recall": 0.9978125,
                    "f1-score": 0.9978125,
                    "support": 3200
                },
                "macro avg": {
                    "precision": 0.9980181200453001,
                    "recall": 0.9975711311589175,
                    "f1-score": 0.9977897008942338,
                    "support": 3200
                },
                "weighted avg": {
                    "precision": 0.9978211707248019,
                    "recall": 0.9978125,
                    "f1-score": 0.9978120089423373,
                    "support": 3200
                },
                "samples avg": {
                    "precision": 0.9978125,
                    "recall": 0.9978125,
                    "f1-score": 0.9978125,
                    "support": 3200
                }
            }
        },
        "val": {
            "accuracy": 0.893750011920929,
            "precision": 0.893750011920929,
            "recall": 0.893750011920929,
            "f1": 0.8937499619209317,
            "classification_report": {
                "chihuahua": {
                    "precision": 0.8674351585014409,
                    "recall": 0.9318885448916409,
                    "f1-score": 0.8985074626865671,
                    "support": 323
                },
                "muffin": {
                    "precision": 0.9249146757679181,
                    "recall": 0.8548895899053628,
                    "f1-score": 0.8885245901639345,
                    "support": 317
                },
                "micro avg": {
                    "precision": 0.89375,
                    "recall": 0.89375,
                    "f1-score": 0.89375,
                    "support": 640
                },
                "macro avg": {
                    "precision": 0.8961749171346796,
                    "recall": 0.8933890673985019,
                    "f1-score": 0.8935160264252509,
                    "support": 640
                },
                "weighted avg": {
                    "precision": 0.8959054818974929,
                    "recall": 0.89375,
                    "f1-score": 0.8935628211402007,
                    "support": 640
                },
                "samples avg": {
                    "precision": 0.89375,
                    "recall": 0.89375,
                    "f1-score": 0.89375,
                    "support": 640
                }
            }
        },
        "test": {
            "accuracy": 0.8913773894309998,
            "precision": 0.8913773894309998,
            "recall": 0.8913773894309998,
            "f1": 0.8913773394310025,
            "classification_report": {
                "chihuahua": {
                    "precision": 0.88,
                    "recall": 0.9224318658280922,
                    "f1-score": 0.9007164790174002,
                    "support": 477
                },
                "muffin": {
                    "precision": 0.905852417302799,
                    "recall": 0.8557692307692307,
                    "f1-score": 0.8800988875154512,
                    "support": 416
                },
                "micro avg": {
                    "precision": 0.8913773796192609,
                    "recall": 0.8913773796192609,
                    "f1-score": 0.8913773796192609,
                    "support": 893
                },
                "macro avg": {
                    "precision": 0.8929262086513995,
                    "recall": 0.8891005482986615,
                    "f1-score": 0.8904076832664256,
                    "support": 893
                },
                "weighted avg": {
                    "precision": 0.8920432313527036,
                    "recall": 0.8913773796192609,
                    "f1-score": 0.8911118675226513,
                    "support": 893
                },
                "samples avg": {
                    "precision": 0.8913773796192609,
                    "recall": 0.8913773796192609,
                    "f1-score": 0.8913773796192609,
                    "support": 893
                }
            }
        }
    },
    "training_history": {
        "accuracy": [
            0.6315624713897705,
            0.7906249761581421,
            0.8353124856948853,
            0.8556249737739563,
            0.8634374737739563,
            0.8799999952316284,
            0.9028124809265137,
            0.9128124713897705,
            0.9143750071525574,
            0.9284374713897705,
            0.9409375190734863,
            0.9203125238418579,
            0.9478124976158142,
            0.9628124833106995,
            0.9740625023841858,
            0.9784374833106995,
            0.9684374928474426,
            0.9474999904632568,
            0.9553124904632568,
            0.9768750071525574,
            0.973437488079071,
            0.9759374856948853,
            0.9784374833106995,
            0.9915624856948853,
            0.9925000071525574
        ],
        "loss": [
            0.6337953805923462,
            0.4617343246936798,
            0.3791922628879547,
            0.35122689604759216,
            0.32127463817596436,
            0.29420194029808044,
            0.24435709416866302,
            0.22302234172821045,
            0.21415778994560242,
            0.16481292247772217,
            0.1569865643978119,
            0.18571537733078003,
            0.12698400020599365,
            0.10772497951984406,
            0.07808611541986465,
            0.06755927205085754,
            0.08228795975446701,
            0.12581200897693634,
            0.11232547461986542,
            0.06681191921234131,
            0.07388363033533096,
            0.06296395510435104,
            0.06209144741296768,
            0.025279400870203972,
            0.024012098088860512
        ],