{
    "name": "trial_86",
    "start_time": "2024-10-17 16:31:34.873",
    "duration": "06.252",
    "directory": "/home/krakerlu/github/ImageMLResearch/demo/chihuahua_vs_muffin/experiments/experiment_02/output/trial_86",
    "hyperparameters": {
        "units1": 64,
        "kernel_size1": 3,
        "units2": 128,
        "kernel_size2": 3,
        "units3": 256,
        "learning_rate": 0.0001505798502333703
    },
    "figures": {
        "model_summary": "/home/krakerlu/github/ImageMLResearch/demo/chihuahua_vs_muffin/experiments/experiment_02/output/trial_86/model_summary.png",
        "confusion_matrix": "/home/krakerlu/github/ImageMLResearch/demo/chihuahua_vs_muffin/experiments/experiment_02/output/trial_86/confusion_matrix.png",
        "training_history": "/home/krakerlu/github/ImageMLResearch/demo/chihuahua_vs_muffin/experiments/experiment_02/output/trial_86/training_history.png"
    },
    "evaluation_metrics": {
        "train": {
            "accuracy": 0.7853124737739563,
            "precision": 0.7853124737739563,
            "recall": 0.7853124737739563,
            "f1": 0.7853124237739595,
            "classification_report": {
                "chihuahua": {
                    "precision": 0.7723577235772358,
                    "recall": 0.8641273450824332,
                    "f1-score": 0.8156694392272605,
                    "support": 1759
                },
                "muffin": {
                    "precision": 0.8060064935064936,
                    "recall": 0.6891047883414295,
                    "f1-score": 0.7429854096520763,
                    "support": 1441
                },
                "micro avg": {
                    "precision": 0.7853125,
                    "recall": 0.7853125,
                    "f1-score": 0.7853125,
                    "support": 3200
                },
                "macro avg": {
                    "precision": 0.7891821085418647,
                    "recall": 0.7766160667119313,
                    "f1-score": 0.7793274244396684,
                    "support": 3200
                },
                "weighted avg": {
                    "precision": 0.7875101852860047,
                    "recall": 0.7853125,
                    "f1-score": 0.7829389121591853,
                    "support": 3200
                },
                "samples avg": {
                    "precision": 0.7853125,
                    "recall": 0.7853125,
                    "f1-score": 0.7853125,
                    "support": 3200
                }
            }
        },
        "val": {
            "accuracy": 0.7437499761581421,
            "precision": 0.7437499761581421,
            "recall": 0.7437499761581421,
            "f1": 0.7437499261581454,
            "classification_report": {
                "chihuahua": {
                    "precision": 0.7154471544715447,
                    "recall": 0.8173374613003096,
                    "f1-score": 0.7630057803468208,
                    "support": 323
                },
                "muffin": {
                    "precision": 0.7822878228782287,
                    "recall": 0.668769716088328,
                    "f1-score": 0.7210884353741497,
                    "support": 317
                },
                "micro avg": {
                    "precision": 0.74375,
                    "recall": 0.74375,
                    "f1-score": 0.74375,
                    "support": 640
                },
                "macro avg": {
                    "precision": 0.7488674886748867,
                    "recall": 0.7430535886943188,
                    "f1-score": 0.7420471078604852,
                    "support": 640
                },
                "weighted avg": {
                    "precision": 0.7485541730417304,
                    "recall": 0.74375,
                    "f1-score": 0.7422435954150446,
                    "support": 640
                },
                "samples avg": {
                    "precision": 0.74375,
                    "recall": 0.74375,
                    "f1-score": 0.74375,
                    "support": 640
                }
            }
        },
        "test": {
            "accuracy": 0.7525196075439453,
            "precision": 0.7525196075439453,
            "recall": 0.7525196075439453,
            "f1": 0.7525195575439486,
            "classification_report": {
                "chihuahua": {
                    "precision": 0.7461538461538462,
                    "recall": 0.8134171907756813,
                    "f1-score": 0.7783350050150452,
                    "support": 477
                },
                "muffin": {
                    "precision": 0.7613941018766756,
                    "recall": 0.6826923076923077,
                    "f1-score": 0.7198986058301647,
                    "support": 416
                },
                "micro avg": {
                    "precision": 0.7525195968645016,
                    "recall": 0.7525195968645016,
                    "f1-score": 0.7525195968645016,
                    "support": 893
                },
                "macro avg": {
                    "precision": 0.7537739740152609,
                    "recall": 0.7480547492339945,
                    "f1-score": 0.749116805422605,
                    "support": 893
                },
                "weighted avg": {
                    "precision": 0.7532534501635852,
                    "recall": 0.7525195968645016,
                    "f1-score": 0.7511126734798712,
                    "support": 893
                },
                "samples avg": {
                    "precision": 0.7525195968645016,
                    "recall": 0.7525195968645016,
                    "f1-score": 0.7525195968645016,
                    "support": 893
                }
            }
        }
    },
    "training_history": {
        "accuracy": [
            0.6181250214576721,
            0.8162500262260437,
            0.8643749952316284,
            0.8843749761581421
        ],
        "loss": [
            0.7154508829116821,
            0.4216338098049164,
            0.3273863196372986,
            0.2806440591812134
        ],
        "val_accuracy": [
            0.7437499761581421,
            0.854687511920929,
            0.8656250238418579,
            0.848437488079071
        ],
        "val_loss": [
            0.5258215069770813,
            0.3725075125694275,
            0.3270460069179535,
            0.33484554290771484
        ]
    }
}