{
    "name": "trial_59",
    "start_time": "2024-10-23 08:44:11.082",
    "duration": "20.786",
    "directory": "/home/krakerlu/github/ImageMLResearch/demo/chihuahua_vs_muffin/experiments/experiment_05/output/trial_59",
    "hyperparameters": {
        "dense_units": 128,
        "dropout_rate": 0.4606890123413379,
        "learning_rate": 3.5020321804385535e-05
    },
    "figures": {
        "model_summary": "/home/krakerlu/github/ImageMLResearch/demo/chihuahua_vs_muffin/experiments/experiment_05/output/trial_59/model_summary.png",
        "confusion_matrix": "/home/krakerlu/github/ImageMLResearch/demo/chihuahua_vs_muffin/experiments/experiment_05/output/trial_59/confusion_matrix.png",
        "training_history": "/home/krakerlu/github/ImageMLResearch/demo/chihuahua_vs_muffin/experiments/experiment_05/output/trial_59/training_history.png"
    },
    "evaluation_metrics": {
        "train": {
            "accuracy": 0.9934375286102295,
            "precision": 0.9934375286102295,
            "recall": 0.9934375286102295,
            "f1": 0.993437478610232,
            "classification_report": {
                "chihuahua": {
                    "precision": 0.9920724801812004,
                    "recall": 0.9960204661739624,
                    "f1-score": 0.9940425531914894,
                    "support": 1759
                },
                "muffin": {
                    "precision": 0.995118549511855,
                    "recall": 0.9902845246356696,
                    "f1-score": 0.9926956521739131,
                    "support": 1441
                },
                "micro avg": {
                    "precision": 0.9934375,
                    "recall": 0.9934375,
                    "f1-score": 0.9934375,
                    "support": 3200
                },
                "macro avg": {
                    "precision": 0.9935955148465276,
                    "recall": 0.9931524954048161,
                    "f1-score": 0.9933691026827012,
                    "support": 3200
                },
                "weighted avg": {
                    "precision": 0.9934441632766609,
                    "recall": 0.9934375,
                    "f1-score": 0.993436026827012,
                    "support": 3200
                },
                "samples avg": {
                    "precision": 0.9934375,
                    "recall": 0.9934375,
                    "f1-score": 0.9934375,
                    "support": 3200
                }
            }
        },
        "val": {
            "accuracy": 0.987500011920929,
            "precision": 0.987500011920929,
            "recall": 0.987500011920929,
            "f1": 0.9874999619209315,
            "classification_report": {
                "chihuahua": {
                    "precision": 0.9876160990712074,
                    "recall": 0.9876160990712074,
                    "f1-score": 0.9876160990712074,
                    "support": 323
                },
                "muffin": {
                    "precision": 0.9873817034700315,
                    "recall": 0.9873817034700315,
                    "f1-score": 0.9873817034700315,
                    "support": 317
                },
                "micro avg": {
                    "precision": 0.9875,
                    "recall": 0.9875,
                    "f1-score": 0.9875,
                    "support": 640
                },
                "macro avg": {
                    "precision": 0.9874989012706195,
                    "recall": 0.9874989012706195,
                    "f1-score": 0.9874989012706195,
                    "support": 640
                },
                "weighted avg": {
                    "precision": 0.9875,
                    "recall": 0.9875,
                    "f1-score": 0.9875,
                    "support": 640
                },
                "samples avg": {
                    "precision": 0.9875,
                    "recall": 0.9875,
                    "f1-score": 0.9875,
                    "support": 640
                }
            }
        },
        "test": {
            "accuracy": 0.9798431992530823,
            "precision": 0.9798431992530823,
            "recall": 0.9798431992530823,
            "f1": 0.9798431492530848,
            "classification_report": {
                "chihuahua": {
                    "precision": 0.9731958762886598,
                    "recall": 0.989517819706499,
                    "f1-score": 0.9812889812889813,
                    "support": 477
                },
                "muffin": {
                    "precision": 0.9877450980392157,
                    "recall": 0.96875,
                    "f1-score": 0.9781553398058253,
                    "support": 416
                },
                "micro avg": {
                    "precision": 0.9798432250839866,
                    "recall": 0.9798432250839866,
                    "f1-score": 0.9798432250839866,
                    "support": 893
                },
                "macro avg": {
                    "precision": 0.9804704871639378,
                    "recall": 0.9791339098532494,
                    "f1-score": 0.9797221605474034,
                    "support": 893
                },
                "weighted avg": {
                    "precision": 0.979973565256444,
                    "recall": 0.9798432250839866,
                    "f1-score": 0.9798291886159769,
                    "support": 893
                },
                "samples avg": {
                    "precision": 0.9798432250839866,
                    "recall": 0.9798432250839866,
                    "f1-score": 0.9798432250839866,
                    "support": 893
                }
            }
        }
    },
    "training_history": {
        "accuracy": [
            0.6612499952316284,
            0.8203125,
            0.8934375047683716,
            0.921875,
            0.9318749904632568,
            0.9468749761581421,
            0.9565625190734863,
            0.9624999761581421,
            0.9665625095367432,
            0.96875,
            0.9725000262260437,
            0.9746875166893005,
            0.9762499928474426,
            0.9793750047683716,
            0.9750000238418579,
            0.9765625,
            0.9825000166893005,
            0.9821875095367432,
            0.9834374785423279,
            0.9828125238418579,
            0.9834374785423279,
            0.9846875071525574,
            0.9878125190734863,
            0.9859374761581421,
            0.9850000143051147
        ],
        "loss": [
            0.7489303350448608,
            0.39853888750076294,
            0.25698405504226685,
            0.20362764596939087,
            0.172064870595932,
            0.1393972784280777,
            0.11904430389404297,
            0.10454393178224564,
            0.09760615974664688,
            0.08365429192781448,
            0.08054045587778091,
            0.07184384018182755,
            0.07338885962963104,
            0.06826908141374588,
            0.06488919258117676,
            0.06570667773485184,
            0.05855916440486908,
            0.0512860007584095,
            0.05166143551468849,
            0.049186453223228455,
            0.04477749764919281,
            0.04593329131603241,
            0.03896697983145714,
            0.04234350845217705,
            0.04272485896945
        ],