{
    "name": "trial_9",
    "start_time": "2024-10-23 08:25:14.673",
    "duration": "21.742",
    "directory": "/home/krakerlu/github/ImageMLResearch/demo/chihuahua_vs_muffin/experiments/experiment_05/output/trial_9",
    "hyperparameters": {
        "dense_units": 256,
        "dropout_rate": 0.3292201193965158,
        "learning_rate": 7.029537736162967e-05
    },
    "figures": {
        "model_summary": "/home/krakerlu/github/ImageMLResearch/demo/chihuahua_vs_muffin/experiments/experiment_05/output/trial_9/model_summary.png",
        "confusion_matrix": "/home/krakerlu/github/ImageMLResearch/demo/chihuahua_vs_muffin/experiments/experiment_05/output/trial_9/confusion_matrix.png",
        "training_history": "/home/krakerlu/github/ImageMLResearch/demo/chihuahua_vs_muffin/experiments/experiment_05/output/trial_9/training_history.png"
    },
    "evaluation_metrics": {
        "train": {
            "accuracy": 0.9996874928474426,
            "precision": 0.9996874928474426,
            "recall": 0.9996874928474426,
            "f1": 0.9996874428474452,
            "classification_report": {
                "chihuahua": {
                    "precision": 1.0,
                    "recall": 0.9994314951677089,
                    "f1-score": 0.9997156667614444,
                    "support": 1759
                },
                "muffin": {
                    "precision": 0.9993065187239945,
                    "recall": 1.0,
                    "f1-score": 0.9996531390912244,
                    "support": 1441
                },
                "micro avg": {
                    "precision": 0.9996875,
                    "recall": 0.9996875,
                    "f1-score": 0.9996875,
                    "support": 3200
                },
                "macro avg": {
                    "precision": 0.9996532593619972,
                    "recall": 0.9997157475838545,
                    "f1-score": 0.9996844029263344,
                    "support": 3200
                },
                "weighted avg": {
                    "precision": 0.9996877167128987,
                    "recall": 0.9996875,
                    "f1-score": 0.9996875097699484,
                    "support": 3200
                },
                "samples avg": {
                    "precision": 0.9996875,
                    "recall": 0.9996875,
                    "f1-score": 0.9996875,
                    "support": 3200
                }
            }
        },
        "val": {
            "accuracy": 0.989062488079071,
            "precision": 0.989062488079071,
            "recall": 0.989062488079071,
            "f1": 0.9890624380790736,
            "classification_report": {
                "chihuahua": {
                    "precision": 0.9906832298136646,
                    "recall": 0.9876160990712074,
                    "f1-score": 0.9891472868217054,
                    "support": 323
                },
                "muffin": {
                    "precision": 0.9874213836477987,
                    "recall": 0.9905362776025236,
                    "f1-score": 0.988976377952756,
                    "support": 317
                },
                "micro avg": {
                    "precision": 0.9890625,
                    "recall": 0.9890625,
                    "f1-score": 0.9890625,
                    "support": 640
                },
                "macro avg": {
                    "precision": 0.9890523067307317,
                    "recall": 0.9890761883368655,
                    "f1-score": 0.9890618323872307,
                    "support": 640
                },
                "weighted avg": {
                    "precision": 0.9890675966346342,
                    "recall": 0.9890625,
                    "f1-score": 0.9890626335225537,
                    "support": 640
                },
                "samples avg": {
                    "precision": 0.9890625,
                    "recall": 0.9890625,
                    "f1-score": 0.9890625,
                    "support": 640
                }
            }
        },
        "test": {
            "accuracy": 0.9865621328353882,
            "precision": 0.9865621328353882,
            "recall": 0.9865621328353882,
            "f1": 0.9865620828353907,
            "classification_report": {
                "chihuahua": {
                    "precision": 0.9874213836477987,
                    "recall": 0.9874213836477987,
                    "f1-score": 0.9874213836477987,
                    "support": 477
                },
                "muffin": {
                    "precision": 0.9855769230769231,
                    "recall": 0.9855769230769231,
                    "f1-score": 0.9855769230769231,
                    "support": 416
                },
                "micro avg": {
                    "precision": 0.986562150055991,
                    "recall": 0.986562150055991,
                    "f1-score": 0.986562150055991,
                    "support": 893
                },
                "macro avg": {
                    "precision": 0.9864991533623609,
                    "recall": 0.9864991533623609,
                    "f1-score": 0.9864991533623609,
                    "support": 893
                },
                "weighted avg": {
                    "precision": 0.986562150055991,
                    "recall": 0.986562150055991,
                    "f1-score": 0.986562150055991,
                    "support": 893
                },
                "samples avg": {
                    "precision": 0.986562150055991,
                    "recall": 0.986562150055991,
                    "f1-score": 0.986562150055991,
                    "support": 893
                }
            }
        }
    },
    "training_history": {
        "accuracy": [
            0.7443749904632568,
            0.9568750262260437,
            0.9731249809265137,
            0.9784374833106995,
            0.9853125214576721,
            0.9840624928474426,
            0.9859374761581421,
            0.9912499785423279,
            0.9900000095367432,
            0.9900000095367432,
            0.9940624833106995,
            0.9943749904632568,
            0.9940624833106995,
            0.9937499761581421,
            0.9962499737739563,
            0.9962499737739563,
            0.9971874952316284,
            0.9965624809265137,
            0.9971874952316284,
            0.9959375262260437,
            0.9965624809265137,
            0.9971874952316284,
            0.9993749856948853,
            0.9975000023841858,
            0.9984375238418579
        ],
        "loss": [
            0.5389251112937927,
            0.1314426064491272,
            0.0876932367682457,
            0.06723476946353912,
            0.052350789308547974,
            0.048575714230537415,
            0.04286003112792969,
            0.033318012952804565,
            0.03297694772481918,
            0.0311417356133461,
            0.02432345412671566,
            0.021942298859357834,
            0.022860176861286163,
            0.02340042032301426,
            0.017385613173246384,
            0.015549667179584503,
            0.016047850251197815,
            0.014335946179926395,
            0.013545363210141659,
            0.01458931714296341,
            0.012130476534366608,
            0.012114104814827442,
            0.008800133131444454,
            0.009432131424546242,
            0.008663758635520935
        ],