{
    "name": "trial_95",
    "start_time": "2024-10-20 12:25:51.716",
    "duration": "32.858",
    "directory": "/home/krakerlu/github/ImageMLResearch/demo/chihuahua_vs_muffin/experiments/experiment_03/output/trial_95",
    "hyperparameters": {
        "units1": 128,
        "kernel_size1": 3,
        "units2": 64,
        "kernel_size2": 7,
        "dense_units": 128,
        "dropout_rate": 0.20363599649449604,
        "learning_rate": 7.714962942593432e-05
    },
    "figures": {
        "model_summary": "/home/krakerlu/github/ImageMLResearch/demo/chihuahua_vs_muffin/experiments/experiment_03/output/trial_95/model_summary.png",
        "confusion_matrix": "/home/krakerlu/github/ImageMLResearch/demo/chihuahua_vs_muffin/experiments/experiment_03/output/trial_95/confusion_matrix.png",
        "training_history": "/home/krakerlu/github/ImageMLResearch/demo/chihuahua_vs_muffin/experiments/experiment_03/output/trial_95/training_history.png"
    },
    "evaluation_metrics": {
        "train": {
            "accuracy": 0.8843749761581421,
            "precision": 0.8843749761581421,
            "recall": 0.8843749761581421,
            "f1": 0.8843749261581448,
            "classification_report": {
                "chihuahua": {
                    "precision": 0.8299287410926366,
                    "recall": 0.9931779420125071,
                    "f1-score": 0.9042443064182195,
                    "support": 1759
                },
                "muffin": {
                    "precision": 0.989041095890411,
                    "recall": 0.7515614156835531,
                    "f1-score": 0.8541009463722398,
                    "support": 1441
                },
                "micro avg": {
                    "precision": 0.884375,
                    "recall": 0.884375,
                    "f1-score": 0.884375,
                    "support": 3200
                },
                "macro avg": {
                    "precision": 0.9094849184915238,
                    "recall": 0.8723696788480301,
                    "f1-score": 0.8791726263952296,
                    "support": 3200
                },
                "weighted avg": {
                    "precision": 0.9015790233625094,
                    "recall": 0.884375,
                    "f1-score": 0.8816641245975143,
                    "support": 3200
                },
                "samples avg": {
                    "precision": 0.884375,
                    "recall": 0.884375,
                    "f1-score": 0.884375,
                    "support": 3200
                }
            }
        },
        "val": {
            "accuracy": 0.8343750238418579,
            "precision": 0.8343750238418579,
            "recall": 0.8343750238418579,
            "f1": 0.8343749738418609,
            "classification_report": {
                "chihuahua": {
                    "precision": 0.7639902676399026,
                    "recall": 0.9721362229102167,
                    "f1-score": 0.8555858310626703,
                    "support": 323
                },
                "muffin": {
                    "precision": 0.9606986899563319,
                    "recall": 0.694006309148265,
                    "f1-score": 0.8058608058608059,
                    "support": 317
                },
                "micro avg": {
                    "precision": 0.834375,
                    "recall": 0.834375,
                    "f1-score": 0.834375,
                    "support": 640
                },
                "macro avg": {
                    "precision": 0.8623444787981173,
                    "recall": 0.8330712660292409,
                    "f1-score": 0.8307233184617381,
                    "support": 640
                },
                "weighted avg": {
                    "precision": 0.8614224080685091,
                    "recall": 0.834375,
                    "f1-score": 0.8309564045173718,
                    "support": 640
                },
                "samples avg": {
                    "precision": 0.834375,
                    "recall": 0.834375,
                    "f1-score": 0.834375,
                    "support": 640
                }
            }
        },
        "test": {
            "accuracy": 0.8275476098060608,
            "precision": 0.8275476098060608,
            "recall": 0.8275476098060608,
            "f1": 0.8275475598060638,
            "classification_report": {
                "chihuahua": {
                    "precision": 0.7651888341543513,
                    "recall": 0.9769392033542977,
                    "f1-score": 0.858195211786372,
                    "support": 477
                },
                "muffin": {
                    "precision": 0.9612676056338029,
                    "recall": 0.65625,
                    "f1-score": 0.78,
                    "support": 416
                },
                "micro avg": {
                    "precision": 0.8275475923852184,
                    "recall": 0.8275475923852184,
                    "f1-score": 0.8275475923852184,
                    "support": 893
                },
                "macro avg": {
                    "precision": 0.863228219894077,
                    "recall": 0.8165946016771488,
                    "f1-score": 0.819097605893186,
                    "support": 893
                },
                "weighted avg": {
                    "precision": 0.8565312405770297,
                    "recall": 0.8275475923852184,
                    "f1-score": 0.8217683270124294,
                    "support": 893
                },
                "samples avg": {
                    "precision": 0.8275475923852184,
                    "recall": 0.8275475923852184,
                    "f1-score": 0.8275475923852184,
                    "support": 893
                }
            }
        }
    },
    "training_history": {
        "accuracy": [
            0.6362500190734863,
            0.7524999976158142,
            0.7950000166893005,
            0.8121874928474426,
            0.8240625262260437,
            0.839062511920929,
            0.8518750071525574,
            0.8503124713897705,
            0.8653125166893005,
            0.8675000071525574,
            0.8728125095367432,
            0.8893749713897705,
            0.893750011920929,
            0.8915625214576721,
            0.8993750214576721,
            0.90625,
            0.9153125286102295,
            0.9125000238418579,
            0.9190624952316284,
            0.9150000214576721,
            0.9234374761581421,
            0.9240624904632568,
            0.9275000095367432,
            0.9275000095367432,
            0.9028124809265137
        ],
        "loss": [
            0.6432361006736755,
            0.5160623788833618,
            0.4631768763065338,
            0.4293159246444702,
            0.4044177532196045,
            0.3820645809173584,
            0.3614308536052704,
            0.34078294038772583,
            0.3243602514266968,
            0.3196384310722351,
            0.3106254041194916,
            0.2805211842060089,
            0.2616503834724426,
            0.2632940709590912,
            0.2519092857837677,
            0.23338952660560608,
            0.22029876708984375,
            0.2127634435892105,
            0.2001372128725052,
            0.21196100115776062,
            0.1967027336359024,
            0.19304245710372925,
            0.18745627999305725,
            0.1863899677991867,
            0.23681673407554626
        ],