{
    "name": "trial_39",
    "start_time": "2024-10-20 11:55:33.112",
    "duration": "29.516",
    "directory": "/home/krakerlu/github/ImageMLResearch/demo/chihuahua_vs_muffin/experiments/experiment_03/output/trial_39",
    "hyperparameters": {
        "units1": 128,
        "kernel_size1": 3,
        "units2": 64,
        "kernel_size2": 5,
        "dense_units": 128,
        "dropout_rate": 0.1308924960756423,
        "learning_rate": 2.6853967202620856e-05
    },
    "figures": {
        "model_summary": "/home/krakerlu/github/ImageMLResearch/demo/chihuahua_vs_muffin/experiments/experiment_03/output/trial_39/model_summary.png",
        "confusion_matrix": "/home/krakerlu/github/ImageMLResearch/demo/chihuahua_vs_muffin/experiments/experiment_03/output/trial_39/confusion_matrix.png",
        "training_history": "/home/krakerlu/github/ImageMLResearch/demo/chihuahua_vs_muffin/experiments/experiment_03/output/trial_39/training_history.png"
    },
    "evaluation_metrics": {
        "train": {
            "accuracy": 0.8946874737739563,
            "precision": 0.8946874737739563,
            "recall": 0.8946874737739563,
            "f1": 0.894687423773959,
            "classification_report": {
                "chihuahua": {
                    "precision": 0.8839092872570194,
                    "recall": 0.9306424104604889,
                    "f1-score": 0.9066740515092772,
                    "support": 1759
                },
                "muffin": {
                    "precision": 0.9094955489614244,
                    "recall": 0.8507980569049272,
                    "f1-score": 0.8791681606310505,
                    "support": 1441
                },
                "micro avg": {
                    "precision": 0.8946875,
                    "recall": 0.8946875,
                    "f1-score": 0.8946875,
                    "support": 3200
                },
                "macro avg": {
                    "precision": 0.8967024181092219,
                    "recall": 0.890720233682708,
                    "f1-score": 0.8929211060701638,
                    "support": 3200
                },
                "weighted avg": {
                    "precision": 0.8954311007307842,
                    "recall": 0.8946875,
                    "f1-score": 0.8942878050231758,
                    "support": 3200
                },
                "samples avg": {
                    "precision": 0.8946875,
                    "recall": 0.8946875,
                    "f1-score": 0.8946875,
                    "support": 3200
                }
            }
        },
        "val": {
            "accuracy": 0.871874988079071,
            "precision": 0.871874988079071,
            "recall": 0.871874988079071,
            "f1": 0.8718749380790739,
            "classification_report": {
                "chihuahua": {
                    "precision": 0.8513119533527697,
                    "recall": 0.9040247678018576,
                    "f1-score": 0.8768768768768769,
                    "support": 323
                },
                "muffin": {
                    "precision": 0.8956228956228957,
                    "recall": 0.8391167192429022,
                    "f1-score": 0.8664495114006515,
                    "support": 317
                },
                "micro avg": {
                    "precision": 0.871875,
                    "recall": 0.871875,
                    "f1-score": 0.871875,
                    "support": 640
                },
                "macro avg": {
                    "precision": 0.8734674244878327,
                    "recall": 0.8715707435223798,
                    "f1-score": 0.8716631941387643,
                    "support": 640
                },
                "weighted avg": {
                    "precision": 0.8732597169459414,
                    "recall": 0.871875,
                    "f1-score": 0.871712072414434,
                    "support": 640
                },
                "samples avg": {
                    "precision": 0.871875,
                    "recall": 0.871875,
                    "f1-score": 0.871875,
                    "support": 640
                }
            }
        },
        "test": {
            "accuracy": 0.8835386633872986,
            "precision": 0.8835386633872986,
            "recall": 0.8835386633872986,
            "f1": 0.8835386133873013,
            "classification_report": {
                "chihuahua": {
                    "precision": 0.872255489021956,
                    "recall": 0.9161425576519916,
                    "f1-score": 0.8936605316973415,
                    "support": 477
                },
                "muffin": {
                    "precision": 0.8979591836734694,
                    "recall": 0.8461538461538461,
                    "f1-score": 0.8712871287128713,
                    "support": 416
                },
                "micro avg": {
                    "precision": 0.883538633818589,
                    "recall": 0.883538633818589,
                    "f1-score": 0.883538633818589,
                    "support": 893
                },
                "macro avg": {
                    "precision": 0.8851073363477127,
                    "recall": 0.8811482019029189,
                    "f1-score": 0.8824738302051064,
                    "support": 893
                },
                "weighted avg": {
                    "precision": 0.8842294386020563,
                    "recall": 0.883538633818589,
                    "f1-score": 0.8832379833865469,
                    "support": 893
                },
                "samples avg": {
                    "precision": 0.883538633818589,
                    "recall": 0.883538633818589,
                    "f1-score": 0.883538633818589,
                    "support": 893
                }
            }
        }
    },
    "training_history": {
        "accuracy": [
            0.5718749761581421,
            0.6996874809265137,
            0.7356250286102295,
            0.7612500190734863,
            0.7809374928474426,
            0.7962499856948853,
            0.8100000023841858,
            0.8218749761581421,
            0.8318750262260437,
            0.8349999785423279,
            0.8387500047683716,
            0.8506249785423279,
            0.8550000190734863,
            0.8556249737739563,
            0.8631250262260437,
            0.8671875,
            0.8678125143051147,
            0.8734375238418579,
            0.8709375262260437,
            0.8737499713897705,
            0.8746874928474426,
            0.8803125023841858,
            0.8790624737739563,
            0.8862500190734863,
            0.8871874809265137
        ],
        "loss": [
            0.6773074269294739,
            0.6203311085700989,
            0.5475625395774841,
            0.503328263759613,
            0.475226491689682,
            0.4497183859348297,
            0.43108394742012024,
            0.41254088282585144,
            0.39690014719963074,
            0.38681966066360474,
            0.3748891353607178,
            0.3558596670627594,
            0.34770137071609497,
            0.34358370304107666,
            0.33617401123046875,
            0.3260946571826935,
            0.32501545548439026,
            0.3192588686943054,
            0.31326529383659363,
            0.3086007833480835,
            0.3049028813838959,
            0.2972119450569153,
            0.2937326729297638,
            0.2907509505748749,
            0.2846216857433319
        ],