{
    "name": "trial_23",
    "start_time": "2024-10-24 12:52:34.706",
    "duration": "0:05:44.448",
    "directory": "/home/krakerlu/github/ImageMLResearch/demo/chihuahua_vs_muffin/experiments/experiment_04/output/trial_23",
    "hyperparameters": {
        "normalization": "standard",
        "batch_size": 128,
        "learning_rate": 6.837322101450409e-05
    },
    "figures": {
        "training_history": "/home/krakerlu/github/ImageMLResearch/demo/chihuahua_vs_muffin/experiments/experiment_04/output/trial_23/training_history.png"
    },
    "evaluation_metrics": {
        "train": {
            "accuracy": 0.9514035582542419,
            "precision": 0.9514035582542419,
            "recall": 0.9514035582542419,
            "f1": 0.9514035082542446,
            "classification_report": {
                "chihuahua": {
                    "precision": 0.9773118897185525,
                    "recall": 0.9333516182117388,
                    "f1-score": 0.9548260381593715,
                    "support": 3646
                },
                "muffin": {
                    "precision": 0.9227099236641222,
                    "recall": 0.973489932885906,
                    "f1-score": 0.9474199869366428,
                    "support": 2980
                },
                "micro avg": {
                    "precision": 0.9514035617265318,
                    "recall": 0.9514035617265318,
                    "f1-score": 0.9514035617265318,
                    "support": 6626
                },
                "macro avg": {
                    "precision": 0.9500109066913374,
                    "recall": 0.9534207755488224,
                    "f1-score": 0.9511230125480071,
                    "support": 6626
                },
                "weighted avg": {
                    "precision": 0.9527550139500343,
                    "recall": 0.9514035617265318,
                    "f1-score": 0.9514952152430219,
                    "support": 6626
                },
                "samples avg": {
                    "precision": 0.9514035617265318,
                    "recall": 0.9514035617265318,
                    "f1-score": 0.9514035617265318,
                    "support": 6626
                }
            }
        },
        "val": {
            "accuracy": 0.8011283278465271,
            "precision": 0.8011283278465271,
            "recall": 0.8011283278465271,
            "f1": 0.8011282778465302,
            "classification_report": {
                "chihuahua": {
                    "precision": 0.9473684210526315,
                    "recall": 0.6464088397790055,
                    "f1-score": 0.7684729064039408,
                    "support": 362
                },
                "muffin": {
                    "precision": 0.7229437229437229,
                    "recall": 0.962536023054755,
                    "f1-score": 0.8257107540173053,
                    "support": 347
                },
                "micro avg": {
                    "precision": 0.8011283497884344,
                    "recall": 0.8011283497884344,
                    "f1-score": 0.8011283497884344,
                    "support": 709
                },
                "macro avg": {
                    "precision": 0.8351560719981772,
                    "recall": 0.8044724314168803,
                    "f1-score": 0.7970918302106231,
                    "support": 709
                },
                "weighted avg": {
                    "precision": 0.8375300991290895,
                    "recall": 0.8011283497884344,
                    "f1-score": 0.7964863522739514,
                    "support": 709
                },
                "samples avg": {
                    "precision": 0.8011283497884344,
                    "recall": 0.8011283497884344,
                    "f1-score": 0.8011283497884344,
                    "support": 709
                }
            }
        },
        "test": {
            "accuracy": 0.8481012582778931,
            "precision": 0.8481012582778931,
            "recall": 0.8481012582778931,
            "f1": 0.848101208277896,
            "classification_report": {
                "chihuahua": {
                    "precision": 0.9716312056737588,
                    "recall": 0.732620320855615,
                    "f1-score": 0.8353658536585366,
                    "support": 374
                },
                "muffin": {
                    "precision": 0.7668997668997669,
                    "recall": 0.9762611275964391,
                    "f1-score": 0.8590078328981723,
                    "support": 337
                },
                "micro avg": {
                    "precision": 0.8481012658227848,
                    "recall": 0.8481012658227848,
                    "f1-score": 0.8481012658227848,
                    "support": 711
                },
                "macro avg": {
                    "precision": 0.8692654862867628,
                    "recall": 0.854440724226027,
                    "f1-score": 0.8471868432783545,
                    "support": 711
                },
                "weighted avg": {
                    "precision": 0.874592534974975,
                    "recall": 0.8481012658227848,
                    "f1-score": 0.8465716862939194,
                    "support": 711
                },
                "samples avg": {
                    "precision": 0.8481012658227848,
                    "recall": 0.8481012658227848,
                    "f1-score": 0.8481012658227848,
                    "support": 711
                }
            }
        }
    },
    "training_history": {
        "accuracy": [
            0.7156655788421631,
            0.7900694012641907,
            0.8252339363098145,
            0.8505886197090149,
            0.8652278780937195,
            0.8840929865837097,
            0.8990340828895569,
            0.8994868993759155,
            0.9022034406661987,
            0.9162390828132629,
            0.9261997938156128,
            0.9314820170402527,
            0.9349532127380371,
            0.942348301410675,
            0.9355568885803223
        ],
        "loss": [
            0.5540688037872314,
            0.4574638605117798,
            0.3933635354042053,
            0.35037681460380554,
            0.3181394338607788,
            0.28646719455718994,
            0.256856232881546,
            0.2506408095359802,
            0.24115057289600372,
            0.21636991202831268,
            0.19266673922538757,
            0.17730675637722015,
            0.1726546287536621,
            0.1536826491355896,
            0.16303183138370514
        ],
        "val_accuracy": [
            0.7856135368347168,
            0.8194640278816223,
            0.8124118447303772,
            0.8392101526260376,
            0.8363893032073975,
            0.8363893032073975,
            0.866008460521698,
            0.8519040942192078,
            0.8222849369049072,
            0.8110014200210571,
            0.8321579694747925,
            0.8335683941841125,
            0.8124118447303772,
            0.8053596615791321,
            0.8011283278465271
        ],
        "val_loss": [
            0.46269863843917847,
            0.4142070412635803,
            0.43091854453086853,
            0.39828401803970337,
            0.4166962206363678,
            0.4118129312992096,
            0.33017322421073914,
            0.3531138002872467,
            0.44971856474876404,
            0.48683732748031616,
            0.39468634128570557,
            0.39444395899772644,
            0.4858151078224182,
            0.5338926315307617,
            0.5033683180809021
        ]
    }
}