{
    "name": "trial_97",
    "start_time": "2024-10-27 14:32:31.185",
    "duration": "0:05:47.840",
    "directory": "/home/krakerlu/github/ImageMLResearch/demo/chihuahua_vs_muffin/experiments/experiment_04/output/trial_97",
    "hyperparameters": {
        "normalization": "standard",
        "batch_size": 128,
        "learning_rate": 7.576763453780522e-05
    },
    "figures": {
        "training_history": "/home/krakerlu/github/ImageMLResearch/demo/chihuahua_vs_muffin/experiments/experiment_04/output/trial_97/training_history.png"
    },
    "evaluation_metrics": {
        "train": {
            "accuracy": 0.9352550506591797,
            "precision": 0.9352550506591797,
            "recall": 0.9352550506591797,
            "f1": 0.9352550006591823,
            "classification_report": {
                "chihuahua": {
                    "precision": 0.9875719915125796,
                    "recall": 0.8935820076796489,
                    "f1-score": 0.9382289416846652,
                    "support": 3646
                },
                "muffin": {
                    "precision": 0.8833784189960926,
                    "recall": 0.986241610738255,
                    "f1-score": 0.9319803393055336,
                    "support": 2980
                },
                "micro avg": {
                    "precision": 0.9352550558406278,
                    "recall": 0.9352550558406278,
                    "f1-score": 0.9352550558406278,
                    "support": 6626
                },
                "macro avg": {
                    "precision": 0.935475205254336,
                    "recall": 0.939911809208952,
                    "f1-score": 0.9351046404950993,
                    "support": 6626
                },
                "weighted avg": {
                    "precision": 0.9407116163089679,
                    "recall": 0.9352550558406278,
                    "f1-score": 0.9354186737870177,
                    "support": 6626
                },
                "samples avg": {
                    "precision": 0.9352550558406278,
                    "recall": 0.9352550558406278,
                    "f1-score": 0.9352550558406278,
                    "support": 6626
                }
            }
        },
        "val": {
            "accuracy": 0.798307478427887,
            "precision": 0.798307478427887,
            "recall": 0.798307478427887,
            "f1": 0.79830742842789,
            "classification_report": {
                "chihuahua": {
                    "precision": 0.9659574468085106,
                    "recall": 0.6270718232044199,
                    "f1-score": 0.7604690117252931,
                    "support": 362
                },
                "muffin": {
                    "precision": 0.7151898734177216,
                    "recall": 0.9769452449567724,
                    "f1-score": 0.8258221680876979,
                    "support": 347
                },
                "micro avg": {
                    "precision": 0.7983074753173484,
                    "recall": 0.7983074753173484,
                    "f1-score": 0.7983074753173484,
                    "support": 709
                },
                "macro avg": {
                    "precision": 0.8405736601131161,
                    "recall": 0.8020085340805961,
                    "f1-score": 0.7931455899064955,
                    "support": 709
                },
                "weighted avg": {
                    "precision": 0.8432263495354445,
                    "recall": 0.7983074753173484,
                    "f1-score": 0.7924542659675421,
                    "support": 709
                },
                "samples avg": {
                    "precision": 0.7983074753173484,
                    "recall": 0.7983074753173484,
                    "f1-score": 0.7983074753173484,
                    "support": 709
                }
            }
        },
        "test": {
            "accuracy": 0.8199718594551086,
            "precision": 0.8199718594551086,
            "recall": 0.8199718594551086,
            "f1": 0.8199718094551116,
            "classification_report": {
                "chihuahua": {
                    "precision": 0.9767441860465116,
                    "recall": 0.6737967914438503,
                    "f1-score": 0.7974683544303798,
                    "support": 374
                },
                "muffin": {
                    "precision": 0.7306843267108167,
                    "recall": 0.9821958456973294,
                    "f1-score": 0.8379746835443038,
                    "support": 337
                },
                "micro avg": {
                    "precision": 0.819971870604782,
                    "recall": 0.819971870604782,
                    "f1-score": 0.819971870604782,
                    "support": 711
                },
                "macro avg": {
                    "precision": 0.8537142563786642,
                    "recall": 0.8279963185705899,
                    "f1-score": 0.8177215189873418,
                    "support": 711
                },
                "weighted avg": {
                    "precision": 0.8601166577819137,
                    "recall": 0.819971870604782,
                    "f1-score": 0.8166675568374014,
                    "support": 711
                },
                "samples avg": {
                    "precision": 0.819971870604782,
                    "recall": 0.819971870604782,
                    "f1-score": 0.819971870604782,
                    "support": 711
                }
            }
        }
    },
    "training_history": {
        "accuracy": [
            0.6839722394943237,
            0.7736190557479858,
            0.8222154974937439,
            0.8545125126838684,
            0.8780561685562134,
            0.8911862373352051,
            0.900241494178772,
            0.9056746363639832,
            0.9150316715240479,
            0.9210684895515442,
            0.9271053671836853,
            0.9266526103019714,
            0.9230304956436157,
            0.9213703870773315,
            0.9369151592254639
        ],
        "loss": [
            0.5841307044029236,
            0.4829850494861603,
            0.4016910195350647,
            0.34596556425094604,
            0.30297958850860596,
            0.27514949440956116,
            0.254853755235672,
            0.23470868170261383,
            0.21981003880500793,
            0.201176717877388,
            0.18963302671909332,
            0.18380232155323029,
            0.19648006558418274,
            0.19446003437042236,
            0.16029506921768188
        ],
        "val_accuracy": [
            0.7884343862533569,
            0.8124118447303772,
            0.8349788188934326,
            0.8631876111030579,
            0.8645980358123779,
            0.8674188852310181,
            0.8645980358123779,
            0.8744710683822632,
            0.8843441605567932,
            0.8787024021148682,
            0.8674188852310181,
            0.7884343862533569,
            0.8871650099754333,
            0.7898448705673218,
            0.798307478427887
        ],
        "val_loss": [
            0.4694879353046417,
            0.4106976389884949,
            0.36626535654067993,
            0.3377525508403778,
            0.31572771072387695,
            0.32228055596351624,
            0.3443012237548828,
            0.31879982352256775,
            0.2854292094707489,
            0.3102562427520752,
            0.3356371521949768,
            0.5310691595077515,
            0.2847007215023041,
            0.4953506588935852,
            0.5001978278160095
        ]
    }
}