{
    "name": "trial_94",
    "start_time": "2024-10-23 08:57:44.693",
    "duration": "21.020",
    "directory": "/home/krakerlu/github/ImageMLResearch/demo/chihuahua_vs_muffin/experiments/experiment_05/output/trial_94",
    "hyperparameters": {
        "dense_units": 256,
        "dropout_rate": 0.26597813048668306,
        "learning_rate": 3.425150625695044e-05
    },
    "figures": {
        "model_summary": "/home/krakerlu/github/ImageMLResearch/demo/chihuahua_vs_muffin/experiments/experiment_05/output/trial_94/model_summary.png",
        "confusion_matrix": "/home/krakerlu/github/ImageMLResearch/demo/chihuahua_vs_muffin/experiments/experiment_05/output/trial_94/confusion_matrix.png",
        "training_history": "/home/krakerlu/github/ImageMLResearch/demo/chihuahua_vs_muffin/experiments/experiment_05/output/trial_94/training_history.png"
    },
    "evaluation_metrics": {
        "train": {
            "accuracy": 0.9975000023841858,
            "precision": 0.9975000023841858,
            "recall": 0.9975000023841858,
            "f1": 0.9974999523841883,
            "classification_report": {
                "chihuahua": {
                    "precision": 0.996596710153148,
                    "recall": 0.9988629903354178,
                    "f1-score": 0.9977285633162976,
                    "support": 1759
                },
                "muffin": {
                    "precision": 0.9986082115518441,
                    "recall": 0.9958362248438585,
                    "f1-score": 0.9972202918693537,
                    "support": 1441
                },
                "micro avg": {
                    "precision": 0.9975,
                    "recall": 0.9975,
                    "f1-score": 0.9975,
                    "support": 3200
                },
                "macro avg": {
                    "precision": 0.997602460852496,
                    "recall": 0.9973496075896382,
                    "f1-score": 0.9974744275928256,
                    "support": 3200
                },
                "weighted avg": {
                    "precision": 0.9975025143767482,
                    "recall": 0.9975,
                    "f1-score": 0.9974996823303457,
                    "support": 3200
                },
                "samples avg": {
                    "precision": 0.9975,
                    "recall": 0.9975,
                    "f1-score": 0.9975,
                    "support": 3200
                }
            }
        },
        "val": {
            "accuracy": 0.987500011920929,
            "precision": 0.987500011920929,
            "recall": 0.987500011920929,
            "f1": 0.9874999619209315,
            "classification_report": {
                "chihuahua": {
                    "precision": 0.9846153846153847,
                    "recall": 0.9907120743034056,
                    "f1-score": 0.9876543209876543,
                    "support": 323
                },
                "muffin": {
                    "precision": 0.9904761904761905,
                    "recall": 0.9842271293375394,
                    "f1-score": 0.9873417721518988,
                    "support": 317
                },
                "micro avg": {
                    "precision": 0.9875,
                    "recall": 0.9875,
                    "f1-score": 0.9875,
                    "support": 640
                },
                "macro avg": {
                    "precision": 0.9875457875457876,
                    "recall": 0.9874696018204725,
                    "f1-score": 0.9874980465697765,
                    "support": 640
                },
                "weighted avg": {
                    "precision": 0.9875183150183151,
                    "recall": 0.9875,
                    "f1-score": 0.9874995116424442,
                    "support": 640
                },
                "samples avg": {
                    "precision": 0.9875,
                    "recall": 0.9875,
                    "f1-score": 0.9875,
                    "support": 640
                }
            }
        },
        "test": {
            "accuracy": 0.9809630513191223,
            "precision": 0.9809630513191223,
            "recall": 0.9809630513191223,
            "f1": 0.9809630013191248,
            "classification_report": {
                "chihuahua": {
                    "precision": 0.9752066115702479,
                    "recall": 0.989517819706499,
                    "f1-score": 0.9823100936524454,
                    "support": 477
                },
                "muffin": {
                    "precision": 0.9877750611246944,
                    "recall": 0.9711538461538461,
                    "f1-score": 0.9793939393939394,
                    "support": 416
                },
                "micro avg": {
                    "precision": 0.9809630459126539,
                    "recall": 0.9809630459126539,
                    "f1-score": 0.9809630459126539,
                    "support": 893
                },
                "macro avg": {
                    "precision": 0.9814908363474711,
                    "recall": 0.9803358329301726,
                    "f1-score": 0.9808520165231924,
                    "support": 893
                },
                "weighted avg": {
                    "precision": 0.9810615667938197,
                    "recall": 0.9809630459126539,
                    "f1-score": 0.98095161641668,
                    "support": 893
                },
                "samples avg": {
                    "precision": 0.9809630459126539,
                    "recall": 0.9809630459126539,
                    "f1-score": 0.9809630459126539,
                    "support": 893
                }
            }
        }
    },
    "training_history": {
        "accuracy": [
            0.6237499713897705,
            0.8706250190734863,
            0.9378125071525574,
            0.9528124928474426,
            0.9659374952316284,
            0.973437488079071,
            0.9768750071525574,
            0.9790624976158142,
            0.979687511920929,
            0.9815624952316284,
            0.9856250286102295,
            0.9853125214576721,
            0.9871875047683716,
            0.987500011920929,
            0.9865624904632568,
            0.987500011920929,
            0.9900000095367432,
            0.9912499785423279,
            0.9918749928474426,
            0.9903125166893005,
            0.9934375286102295,
            0.9928125143051147,
            0.9931250214576721,
            0.9950000047683716,
            0.9925000071525574
        ],
        "loss": [
            0.7919053435325623,
            0.3202160596847534,
            0.18357302248477936,
            0.13697449862957,
            0.10982922464609146,
            0.09056368470191956,
            0.07444245368242264,
            0.06868177652359009,
            0.060888662934303284,
            0.05530594661831856,
            0.050284866243600845,
            0.045143771916627884,
            0.04094614461064339,
            0.043911293148994446,
            0.04123258590698242,
            0.03814232721924782,
            0.032164424657821655,
            0.030766816809773445,
            0.027160637080669403,
            0.02892322465777397,
            0.025651682168245316,
            0.024577684700489044,
            0.025574402883648872,
            0.020606620237231255,
            0.020897753536701202
        ],