{
    "name": "trial_15",
    "start_time": "2024-10-20 11:44:41.560",
    "duration": "23.635",
    "directory": "/home/krakerlu/github/ImageMLResearch/demo/chihuahua_vs_muffin/experiments/experiment_03/output/trial_15",
    "hyperparameters": {
        "units1": 64,
        "kernel_size1": 7,
        "units2": 32,
        "kernel_size2": 7,
        "dense_units": 128,
        "dropout_rate": 0.3236004052702324,
        "learning_rate": 5.805332021270342e-05
    },
    "figures": {
        "model_summary": "/home/krakerlu/github/ImageMLResearch/demo/chihuahua_vs_muffin/experiments/experiment_03/output/trial_15/model_summary.png",
        "confusion_matrix": "/home/krakerlu/github/ImageMLResearch/demo/chihuahua_vs_muffin/experiments/experiment_03/output/trial_15/confusion_matrix.png",
        "training_history": "/home/krakerlu/github/ImageMLResearch/demo/chihuahua_vs_muffin/experiments/experiment_03/output/trial_15/training_history.png"
    },
    "evaluation_metrics": {
        "train": {
            "accuracy": 0.8959375023841858,
            "precision": 0.8959375023841858,
            "recall": 0.8959375023841858,
            "f1": 0.8959374523841885,
            "classification_report": {
                "chihuahua": {
                    "precision": 0.8930540242557883,
                    "recall": 0.9209778283115406,
                    "f1-score": 0.906801007556675,
                    "support": 1759
                },
                "muffin": {
                    "precision": 0.8997113997113997,
                    "recall": 0.8653712699514227,
                    "f1-score": 0.8822072868765476,
                    "support": 1441
                },
                "micro avg": {
                    "precision": 0.8959375,
                    "recall": 0.8959375,
                    "f1-score": 0.8959375,
                    "support": 3200
                },
                "macro avg": {
                    "precision": 0.896382711983594,
                    "recall": 0.8931745491314816,
                    "f1-score": 0.8945041472166113,
                    "support": 3200
                },
                "weighted avg": {
                    "precision": 0.8960519236406432,
                    "recall": 0.8959375,
                    "f1-score": 0.8957261477129052,
                    "support": 3200
                },
                "samples avg": {
                    "precision": 0.8959375,
                    "recall": 0.8959375,
                    "f1-score": 0.8959375,
                    "support": 3200
                }
            }
        },
        "val": {
            "accuracy": 0.871874988079071,
            "precision": 0.871874988079071,
            "recall": 0.871874988079071,
            "f1": 0.8718749380790739,
            "classification_report": {
                "chihuahua": {
                    "precision": 0.8533724340175953,
                    "recall": 0.9009287925696594,
                    "f1-score": 0.8765060240963856,
                    "support": 323
                },
                "muffin": {
                    "precision": 0.8929765886287625,
                    "recall": 0.8422712933753943,
                    "f1-score": 0.8668831168831169,
                    "support": 317
                },
                "micro avg": {
                    "precision": 0.871875,
                    "recall": 0.871875,
                    "f1-score": 0.871875,
                    "support": 640
                },
                "macro avg": {
                    "precision": 0.8731745113231789,
                    "recall": 0.8716000429725268,
                    "f1-score": 0.8716945704897512,
                    "support": 640
                },
                "weighted avg": {
                    "precision": 0.872988866848439,
                    "recall": 0.871875,
                    "f1-score": 0.8717396778673134,
                    "support": 640
                },
                "samples avg": {
                    "precision": 0.871875,
                    "recall": 0.871875,
                    "f1-score": 0.871875,
                    "support": 640
                }
            }
        },
        "test": {
            "accuracy": 0.879059374332428,
            "precision": 0.879059374332428,
            "recall": 0.879059374332428,
            "f1": 0.8790593243324308,
            "classification_report": {
                "chihuahua": {
                    "precision": 0.8757637474541752,
                    "recall": 0.9014675052410901,
                    "f1-score": 0.8884297520661157,
                    "support": 477
                },
                "muffin": {
                    "precision": 0.8830845771144279,
                    "recall": 0.8533653846153846,
                    "f1-score": 0.8679706601466992,
                    "support": 416
                },
                "micro avg": {
                    "precision": 0.8790593505039194,
                    "recall": 0.8790593505039194,
                    "f1-score": 0.8790593505039194,
                    "support": 893
                },
                "macro avg": {
                    "precision": 0.8794241622843015,
                    "recall": 0.8774164449282373,
                    "f1-score": 0.8782002061064075,
                    "support": 893
                },
                "weighted avg": {
                    "precision": 0.8791741227494327,
                    "recall": 0.8790593505039194,
                    "f1-score": 0.8788989768830504,
                    "support": 893
                },
                "samples avg": {
                    "precision": 0.8790593505039194,
                    "recall": 0.8790593505039194,
                    "f1-score": 0.8790593505039194,
                    "support": 893
                }
            }
        }
    },
    "training_history": {
        "accuracy": [
            0.5415624976158142,
            0.6512500047683716,
            0.7300000190734863,
            0.7484375238418579,
            0.7646874785423279,
            0.7909374833106995,
            0.807812511920929,
            0.8218749761581421,
            0.8334375023841858,
            0.8481249809265137,
            0.8487499952316284,
            0.8556249737739563,
            0.8603125214576721,
            0.8571875095367432,
            0.8615624904632568,
            0.8684375286102295,
            0.871874988079071,
            0.8759375214576721,
            0.8806250095367432,
            0.8809375166893005,
            0.8815624713897705,
            0.8809375166893005,
            0.8853124976158142,
            0.8831250071525574,
            0.8784375190734863
        ],
        "loss": [
            0.6858256459236145,
            0.6328890919685364,
            0.5498353838920593,
            0.5213686227798462,
            0.5027269124984741,
            0.4686002731323242,
            0.43862780928611755,
            0.4176293611526489,
            0.395401269197464,
            0.37818363308906555,
            0.37204864621162415,
            0.3570157587528229,
            0.3445843458175659,
            0.3349143862724304,
            0.3370284140110016,
            0.32638823986053467,
            0.3133898973464966,
            0.3006558120250702,
            0.29434508085250854,
            0.29275786876678467,
            0.29255059361457825,
            0.2874510586261749,
            0.28324759006500244,
            0.28261473774909973,
            0.2933602035045624
        ],