{
    "name": "trial_71",
    "start_time": "2024-10-17 15:58:56.805",
    "duration": "07.286",
    "directory": "/home/krakerlu/github/ImageMLResearch/demo/chihuahua_vs_muffin/experiments/experiment_02/output/trial_71",
    "hyperparameters": {
        "units1": 128,
        "kernel_size1": 3,
        "units2": 128,
        "kernel_size2": 3,
        "units3": 128,
        "learning_rate": 0.0001672863227760101
    },
    "figures": {
        "model_summary": "/home/krakerlu/github/ImageMLResearch/demo/chihuahua_vs_muffin/experiments/experiment_02/output/trial_71/model_summary.png",
        "confusion_matrix": "/home/krakerlu/github/ImageMLResearch/demo/chihuahua_vs_muffin/experiments/experiment_02/output/trial_71/confusion_matrix.png",
        "training_history": "/home/krakerlu/github/ImageMLResearch/demo/chihuahua_vs_muffin/experiments/experiment_02/output/trial_71/training_history.png"
    },
    "evaluation_metrics": {
        "train": {
            "accuracy": 0.5506250262260437,
            "precision": 0.5506250262260437,
            "recall": 0.5506250262260437,
            "f1": 0.5506249762260482,
            "classification_report": {
                "chihuahua": {
                    "precision": 0.5503608409162222,
                    "recall": 0.9971574758385446,
                    "f1-score": 0.7092600080873434,
                    "support": 1759
                },
                "muffin": {
                    "precision": 0.6153846153846154,
                    "recall": 0.005551700208188758,
                    "f1-score": 0.011004126547455296,
                    "support": 1441
                },
                "micro avg": {
                    "precision": 0.550625,
                    "recall": 0.550625,
                    "f1-score": 0.550625,
                    "support": 3200
                },
                "macro avg": {
                    "precision": 0.5828727281504188,
                    "recall": 0.5013545880233667,
                    "f1-score": 0.36013206731739933,
                    "support": 3200
                },
                "weighted avg": {
                    "precision": 0.5796418593565206,
                    "recall": 0.550625,
                    "f1-score": 0.3948266564314125,
                    "support": 3200
                },
                "samples avg": {
                    "precision": 0.550625,
                    "recall": 0.550625,
                    "f1-score": 0.550625,
                    "support": 3200
                }
            }
        },
        "val": {
            "accuracy": 0.5,
            "precision": 0.5,
            "recall": 0.5,
            "f1": 0.49999995000000497,
            "classification_report": {
                "chihuahua": {
                    "precision": 0.5023547880690737,
                    "recall": 0.9907120743034056,
                    "f1-score": 0.6666666666666666,
                    "support": 323
                },
                "muffin": {
                    "precision": 0.0,
                    "recall": 0.0,
                    "f1-score": 0.0,
                    "support": 317
                },
                "micro avg": {
                    "precision": 0.5,
                    "recall": 0.5,
                    "f1-score": 0.5,
                    "support": 640
                },
                "macro avg": {
                    "precision": 0.25117739403453687,
                    "recall": 0.4953560371517028,
                    "f1-score": 0.3333333333333333,
                    "support": 640
                },
                "weighted avg": {
                    "precision": 0.2535321821036106,
                    "recall": 0.5,
                    "f1-score": 0.3364583333333333,
                    "support": 640
                },
                "samples avg": {
                    "precision": 0.5,
                    "recall": 0.5,
                    "f1-score": 0.5,
                    "support": 640
                }
            }
        },
        "test": {
            "accuracy": 0.5330347418785095,
            "precision": 0.5330347418785095,
            "recall": 0.5330347418785095,
            "f1": 0.5330346918785142,
            "classification_report": {
                "chihuahua": {
                    "precision": 0.5336322869955157,
                    "recall": 0.9979035639412998,
                    "f1-score": 0.6953981008035062,
                    "support": 477
                },
                "muffin": {
                    "precision": 0.0,
                    "recall": 0.0,
                    "f1-score": 0.0,
                    "support": 416
                },
                "micro avg": {
                    "precision": 0.5330347144456887,
                    "recall": 0.5330347144456887,
                    "f1-score": 0.5330347144456887,
                    "support": 893
                },
                "macro avg": {
                    "precision": 0.26681614349775784,
                    "recall": 0.4989517819706499,
                    "f1-score": 0.3476990504017531,
                    "support": 893
                },
                "weighted avg": {
                    "precision": 0.2850421062674815,
                    "recall": 0.5330347144456887,
                    "f1-score": 0.3714500493653667,
                    "support": 893
                },
                "samples avg": {
                    "precision": 0.5330347144456887,
                    "recall": 0.5330347144456887,
                    "f1-score": 0.5330347144456887,
                    "support": 893
                }
            }
        }
    },
    "training_history": {
        "accuracy": [
            0.5496875047683716,
            0.6409375071525574,
            0.7603124976158142,
            0.8159375190734863
        ],
        "loss": [
            0.7606759071350098,
            0.6281741857528687,
            0.5419676899909973,
            0.4344393014907837
        ],
        "val_accuracy": [
            0.5,
            0.690625011920929,
            0.793749988079071,
            0.8140624761581421
        ],
        "val_loss": [
            0.6850598454475403,
            0.6091362237930298,
            0.49968257546424866,
            0.4218088686466217
        ]
    }
}