{
    "name": "trial_3",
    "start_time": "2024-10-26 19:07:24.093",
    "duration": "0:05:46.577",
    "directory": "/home/krakerlu/github/ImageMLResearch/demo/chihuahua_vs_muffin/experiments/experiment_04/output/trial_3",
    "hyperparameters": {
        "normalization": "standard",
        "batch_size": 128,
        "learning_rate": 5.030101399580956e-05
    },
    "figures": {
        "training_history": "/home/krakerlu/github/ImageMLResearch/demo/chihuahua_vs_muffin/experiments/experiment_04/output/trial_3/training_history.png"
    },
    "evaluation_metrics": {
        "train": {
            "accuracy": 0.9201629757881165,
            "precision": 0.9201629757881165,
            "recall": 0.9201629757881165,
            "f1": 0.9201629257881191,
            "classification_report": {
                "chihuahua": {
                    "precision": 0.8809582009288682,
                    "recall": 0.988480526604498,
                    "f1-score": 0.9316272457024687,
                    "support": 3646
                },
                "muffin": {
                    "precision": 0.9834319526627219,
                    "recall": 0.8365771812080537,
                    "f1-score": 0.9040797824116047,
                    "support": 2980
                },
                "micro avg": {
                    "precision": 0.9201629942650166,
                    "recall": 0.9201629942650166,
                    "f1-score": 0.9201629942650166,
                    "support": 6626
                },
                "macro avg": {
                    "precision": 0.932195076795795,
                    "recall": 0.9125288539062759,
                    "f1-score": 0.9178535140570367,
                    "support": 6626
                },
                "weighted avg": {
                    "precision": 0.9270450980261945,
                    "recall": 0.9201629942650166,
                    "f1-score": 0.9192379549377879,
                    "support": 6626
                },
                "samples avg": {
                    "precision": 0.9201629942650166,
                    "recall": 0.9201629942650166,
                    "f1-score": 0.9201629942650166,
                    "support": 6626
                }
            }
        },
        "val": {
            "accuracy": 0.8857545852661133,
            "precision": 0.8857545852661133,
            "recall": 0.8857545852661133,
            "f1": 0.885754535266116,
            "classification_report": {
                "chihuahua": {
                    "precision": 0.9048991354466859,
                    "recall": 0.8674033149171271,
                    "f1-score": 0.8857545839210155,
                    "support": 362
                },
                "muffin": {
                    "precision": 0.8674033149171271,
                    "recall": 0.9048991354466859,
                    "f1-score": 0.8857545839210155,
                    "support": 347
                },
                "micro avg": {
                    "precision": 0.8857545839210155,
                    "recall": 0.8857545839210155,
                    "f1-score": 0.8857545839210155,
                    "support": 709
                },
                "macro avg": {
                    "precision": 0.8861512251819065,
                    "recall": 0.8861512251819065,
                    "f1-score": 0.8857545839210155,
                    "support": 709
                },
                "weighted avg": {
                    "precision": 0.8865478664427974,
                    "recall": 0.8857545839210155,
                    "f1-score": 0.8857545839210155,
                    "support": 709
                },
                "samples avg": {
                    "precision": 0.8857545839210155,
                    "recall": 0.8857545839210155,
                    "f1-score": 0.8857545839210155,
                    "support": 709
                }
            }
        },
        "test": {
            "accuracy": 0.8874824047088623,
            "precision": 0.8874824047088623,
            "recall": 0.8874824047088623,
            "f1": 0.887482354708865,
            "classification_report": {
                "chihuahua": {
                    "precision": 0.8888888888888888,
                    "recall": 0.8983957219251337,
                    "f1-score": 0.8936170212765957,
                    "support": 374
                },
                "muffin": {
                    "precision": 0.8858858858858859,
                    "recall": 0.8753709198813057,
                    "f1-score": 0.8805970149253731,
                    "support": 337
                },
                "micro avg": {
                    "precision": 0.8874824191279888,
                    "recall": 0.8874824191279888,
                    "f1-score": 0.8874824191279888,
                    "support": 711
                },
                "macro avg": {
                    "precision": 0.8873873873873874,
                    "recall": 0.8868833209032196,
                    "f1-score": 0.8871070181009844,
                    "support": 711
                },
                "weighted avg": {
                    "precision": 0.8874655245963262,
                    "recall": 0.8874824191279888,
                    "f1-score": 0.8874457946375494,
                    "support": 711
                },
                "samples avg": {
                    "precision": 0.8874824191279888,
                    "recall": 0.8874824191279888,
                    "f1-score": 0.8874824191279888,
                    "support": 711
                }
            }
        }
    },
    "training_history": {
        "accuracy": [
            0.6892544627189636,
            0.7549049258232117,
            0.7982191443443298,
            0.8336854577064514,
            0.8638696074485779,
            0.8724721074104309,
            0.8824328184127808,
            0.8976758122444153,
            0.9064292311668396,
            0.9103531837463379,
            0.9153335094451904,
            0.920464813709259,
            0.928010880947113,
            0.9320857524871826,
            0.9328403472900391
        ],
        "loss": [
            0.582706093788147,
            0.5082588791847229,
            0.44382554292678833,
            0.37914884090423584,
            0.3296161890029907,
            0.30421897768974304,
            0.28589439392089844,
            0.2577139139175415,
            0.24014824628829956,
            0.22544890642166138,
            0.21267272531986237,
            0.20423103868961334,
            0.18626847863197327,
            0.17866790294647217,
            0.17154622077941895
        ],
        "val_accuracy": [
            0.7799717783927917,
            0.7912552952766418,
            0.8067700862884521,
            0.798307478427887,
            0.8251057863235474,
            0.8377997279167175,
            0.8208744525909424,
            0.8321579694747925,
            0.8490832448005676,
            0.8519040942192078,
            0.8504936695098877,
            0.8490832448005676,
            0.8194640278816223,
            0.8406205773353577,
            0.8857545852661133
        ],
        "val_loss": [
            0.5000479221343994,
            0.4590042531490326,
            0.4386187195777893,
            0.47043415904045105,
            0.40177640318870544,
            0.39101386070251465,
            0.4334893226623535,
            0.4000208377838135,
            0.36581674218177795,
            0.36198073625564575,
            0.352634996175766,
            0.3750292658805847,
            0.4155779182910919,
            0.3849979341030121,
            0.2787166237831116
        ]
    }
}