{
    "name": "trial_62",
    "start_time": "2024-10-27 11:08:44.484",
    "duration": "0:05:45.773",
    "directory": "/home/krakerlu/github/ImageMLResearch/demo/chihuahua_vs_muffin/experiments/experiment_04/output/trial_62",
    "hyperparameters": {
        "normalization": "standard",
        "batch_size": 128,
        "learning_rate": 5.024002493168523e-05
    },
    "figures": {
        "training_history": "/home/krakerlu/github/ImageMLResearch/demo/chihuahua_vs_muffin/experiments/experiment_04/output/trial_62/training_history.png"
    },
    "evaluation_metrics": {
        "train": {
            "accuracy": 0.9489888548851013,
            "precision": 0.9489888548851013,
            "recall": 0.9489888548851013,
            "f1": 0.948988804885104,
            "classification_report": {
                "chihuahua": {
                    "precision": 0.9396597554492291,
                    "recall": 0.9695556774547449,
                    "f1-score": 0.9543736501079914,
                    "support": 3646
                },
                "muffin": {
                    "precision": 0.9612430167597765,
                    "recall": 0.9238255033557047,
                    "f1-score": 0.9421629021218344,
                    "support": 2980
                },
                "micro avg": {
                    "precision": 0.9489888318744341,
                    "recall": 0.9489888318744341,
                    "f1-score": 0.9489888318744341,
                    "support": 6626
                },
                "macro avg": {
                    "precision": 0.9504513861045027,
                    "recall": 0.9466905904052247,
                    "f1-score": 0.9482682761149128,
                    "support": 6626
                },
                "weighted avg": {
                    "precision": 0.9493666855285275,
                    "recall": 0.9489888318744341,
                    "f1-score": 0.9488819463653491,
                    "support": 6626
                },
                "samples avg": {
                    "precision": 0.9489888318744341,
                    "recall": 0.9489888318744341,
                    "f1-score": 0.9489888318744341,
                    "support": 6626
                }
            }
        },
        "val": {
            "accuracy": 0.8829337358474731,
            "precision": 0.8829337358474731,
            "recall": 0.8829337358474731,
            "f1": 0.882933685847476,
            "classification_report": {
                "chihuahua": {
                    "precision": 0.913946587537092,
                    "recall": 0.850828729281768,
                    "f1-score": 0.8812589413447782,
                    "support": 362
                },
                "muffin": {
                    "precision": 0.8548387096774194,
                    "recall": 0.9164265129682997,
                    "f1-score": 0.8845618915159944,
                    "support": 347
                },
                "micro avg": {
                    "precision": 0.8829337094499294,
                    "recall": 0.8829337094499294,
                    "f1-score": 0.8829337094499294,
                    "support": 709
                },
                "macro avg": {
                    "precision": 0.8843926486072557,
                    "recall": 0.8836276211250338,
                    "f1-score": 0.8829104164303863,
                    "support": 709
                },
                "weighted avg": {
                    "precision": 0.8850179082461098,
                    "recall": 0.8829337094499294,
                    "f1-score": 0.8828754769010716,
                    "support": 709
                },
                "samples avg": {
                    "precision": 0.8829337094499294,
                    "recall": 0.8829337094499294,
                    "f1-score": 0.8829337094499294,
                    "support": 709
                }
            }
        },
        "test": {
            "accuracy": 0.8987341523170471,
            "precision": 0.8987341523170471,
            "recall": 0.8987341523170471,
            "f1": 0.8987341023170499,
            "classification_report": {
                "chihuahua": {
                    "precision": 0.912568306010929,
                    "recall": 0.893048128342246,
                    "f1-score": 0.9027027027027027,
                    "support": 374
                },
                "muffin": {
                    "precision": 0.8840579710144928,
                    "recall": 0.9050445103857567,
                    "f1-score": 0.8944281524926686,
                    "support": 337
                },
                "micro avg": {
                    "precision": 0.8987341772151899,
                    "recall": 0.8987341772151899,
                    "f1-score": 0.8987341772151899,
                    "support": 711
                },
                "macro avg": {
                    "precision": 0.8983131385127109,
                    "recall": 0.8990463193640014,
                    "f1-score": 0.8985654275976857,
                    "support": 711
                },
                "weighted avg": {
                    "precision": 0.8990549686075548,
                    "recall": 0.8987341772151899,
                    "f1-score": 0.8987807288338118,
                    "support": 711
                },
                "samples avg": {
                    "precision": 0.8987341772151899,
                    "recall": 0.8987341772151899,
                    "f1-score": 0.8987341772151899,
                    "support": 711
                }
            }
        }
    },
    "training_history": {
        "accuracy": [
            0.7051011323928833,
            0.7666767239570618,
            0.798822820186615,
            0.8258376121520996,
            0.8539088368415833,
            0.8703591823577881,
            0.8800181150436401,
            0.8907334804534912,
            0.903410792350769,
            0.905070960521698,
            0.9174464344978333,
            0.9245396852493286,
            0.9283127188682556,
            0.9319347739219666,
            0.9358587265014648
        ],
        "loss": [
            0.5712131857872009,
            0.48858481645584106,
            0.4455646872520447,
            0.40025395154953003,
            0.3523840606212616,
            0.31764400005340576,
            0.296604186296463,
            0.27569034695625305,
            0.24844494462013245,
            0.23799526691436768,
            0.21389266848564148,
            0.1975449174642563,
            0.18521526455879211,
            0.17985589802265167,
            0.16735240817070007
        ],
        "val_accuracy": [
            0.7856135368347168,
            0.8307475447654724,
            0.8448519110679626,
            0.8363893032073975,
            0.8392101526260376,
            0.8519040942192078,
            0.8476727604866028,
            0.8377997279167175,
            0.866008460521698,
            0.8631876111030579,
            0.8787024021148682,
            0.8885754346847534,
            0.8871650099754333,
            0.8631876111030579,
            0.8829337358474731
        ],
        "val_loss": [
            0.4726128578186035,
            0.40238678455352783,
            0.3670171797275543,
            0.35325679183006287,
            0.3866538405418396,
            0.35235029458999634,
            0.3803134560585022,
            0.4024186134338379,
            0.31981125473976135,
            0.3440571427345276,
            0.30797305703163147,
            0.29245972633361816,
            0.30438941717147827,
            0.34225520491600037,
            0.2882424592971802
        ]
    }
}