{
    "name": "trial_73",
    "start_time": "2024-10-23 08:49:31.877",
    "duration": "21.177",
    "directory": "/home/krakerlu/github/ImageMLResearch/demo/chihuahua_vs_muffin/experiments/experiment_05/output/trial_73",
    "hyperparameters": {
        "dense_units": 512,
        "dropout_rate": 0.3555426514924586,
        "learning_rate": 3.9508998773954047e-05
    },
    "figures": {
        "model_summary": "/home/krakerlu/github/ImageMLResearch/demo/chihuahua_vs_muffin/experiments/experiment_05/output/trial_73/model_summary.png",
        "confusion_matrix": "/home/krakerlu/github/ImageMLResearch/demo/chihuahua_vs_muffin/experiments/experiment_05/output/trial_73/confusion_matrix.png",
        "training_history": "/home/krakerlu/github/ImageMLResearch/demo/chihuahua_vs_muffin/experiments/experiment_05/output/trial_73/training_history.png"
    },
    "evaluation_metrics": {
        "train": {
            "accuracy": 0.9996874928474426,
            "precision": 0.9996874928474426,
            "recall": 0.9996874928474426,
            "f1": 0.9996874428474452,
            "classification_report": {
                "chihuahua": {
                    "precision": 1.0,
                    "recall": 0.9994314951677089,
                    "f1-score": 0.9997156667614444,
                    "support": 1759
                },
                "muffin": {
                    "precision": 0.9993065187239945,
                    "recall": 1.0,
                    "f1-score": 0.9996531390912244,
                    "support": 1441
                },
                "micro avg": {
                    "precision": 0.9996875,
                    "recall": 0.9996875,
                    "f1-score": 0.9996875,
                    "support": 3200
                },
                "macro avg": {
                    "precision": 0.9996532593619972,
                    "recall": 0.9997157475838545,
                    "f1-score": 0.9996844029263344,
                    "support": 3200
                },
                "weighted avg": {
                    "precision": 0.9996877167128987,
                    "recall": 0.9996875,
                    "f1-score": 0.9996875097699484,
                    "support": 3200
                },
                "samples avg": {
                    "precision": 0.9996875,
                    "recall": 0.9996875,
                    "f1-score": 0.9996875,
                    "support": 3200
                }
            }
        },
        "val": {
            "accuracy": 0.9906250238418579,
            "precision": 0.9906250238418579,
            "recall": 0.9906250238418579,
            "f1": 0.9906249738418604,
            "classification_report": {
                "chihuahua": {
                    "precision": 0.9907120743034056,
                    "recall": 0.9907120743034056,
                    "f1-score": 0.9907120743034056,
                    "support": 323
                },
                "muffin": {
                    "precision": 0.9905362776025236,
                    "recall": 0.9905362776025236,
                    "f1-score": 0.9905362776025236,
                    "support": 317
                },
                "micro avg": {
                    "precision": 0.990625,
                    "recall": 0.990625,
                    "f1-score": 0.990625,
                    "support": 640
                },
                "macro avg": {
                    "precision": 0.9906241759529646,
                    "recall": 0.9906241759529646,
                    "f1-score": 0.9906241759529646,
                    "support": 640
                },
                "weighted avg": {
                    "precision": 0.990625,
                    "recall": 0.990625,
                    "f1-score": 0.990625,
                    "support": 640
                },
                "samples avg": {
                    "precision": 0.990625,
                    "recall": 0.990625,
                    "f1-score": 0.990625,
                    "support": 640
                }
            }
        },
        "test": {
            "accuracy": 0.9876819849014282,
            "precision": 0.9876819849014282,
            "recall": 0.9876819849014282,
            "f1": 0.9876819349014307,
            "classification_report": {
                "chihuahua": {
                    "precision": 0.9874476987447699,
                    "recall": 0.989517819706499,
                    "f1-score": 0.9884816753926702,
                    "support": 477
                },
                "muffin": {
                    "precision": 0.9879518072289156,
                    "recall": 0.9855769230769231,
                    "f1-score": 0.98676293622142,
                    "support": 416
                },
                "micro avg": {
                    "precision": 0.9876819708846585,
                    "recall": 0.9876819708846585,
                    "f1-score": 0.9876819708846585,
                    "support": 893
                },
                "macro avg": {
                    "precision": 0.9876997529868428,
                    "recall": 0.9875473713917111,
                    "f1-score": 0.987622305807045,
                    "support": 893
                },
                "weighted avg": {
                    "precision": 0.987682535395839,
                    "recall": 0.9876819708846585,
                    "f1-score": 0.9876810085446969,
                    "support": 893
                },
                "samples avg": {
                    "precision": 0.9876819708846585,
                    "recall": 0.9876819708846585,
                    "f1-score": 0.9876819708846585,
                    "support": 893
                }
            }
        }
    },
    "training_history": {
        "accuracy": [
            0.7568749785423279,
            0.942187488079071,
            0.9653124809265137,
            0.9750000238418579,
            0.9775000214576721,
            0.9793750047683716,
            0.9831249713897705,
            0.9862499833106995,
            0.9878125190734863,
            0.9893749952316284,
            0.9900000095367432,
            0.9881250262260437,
            0.9921875,
            0.9909374713897705,
            0.9925000071525574,
            0.9946874976158142,
            0.9943749904632568,
            0.9946874976158142,
            0.9940624833106995,
            0.9965624809265137,
            0.9956250190734863,
            0.9946874976158142,
            0.9971874952316284,
            0.9978125095367432,
            0.9981250166893005
        ],
        "loss": [
            0.5038750171661377,
            0.16200898587703705,
            0.10498228669166565,
            0.08154554665088654,
            0.06824607402086258,
            0.06084895506501198,
            0.05236324667930603,
            0.04632674157619476,
            0.03993861749768257,
            0.03810422122478485,
            0.03266054764389992,
            0.03508548438549042,
            0.027267754077911377,
            0.02461520954966545,
            0.023010043427348137,
            0.021812479943037033,
            0.020553594455122948,
            0.02128405123949051,
            0.01921761967241764,
            0.01732524298131466,
            0.015539261512458324,
            0.018202826380729675,
            0.014261715114116669,
            0.01320356409996748,
            0.012632077559828758
        ],