{
    "name": "trial_48",
    "start_time": "2024-10-20 12:00:27.775",
    "duration": "39.766",
    "directory": "/home/krakerlu/github/ImageMLResearch/demo/chihuahua_vs_muffin/experiments/experiment_03/output/trial_48",
    "hyperparameters": {
        "units1": 128,
        "kernel_size1": 5,
        "units2": 64,
        "kernel_size2": 7,
        "dense_units": 256,
        "dropout_rate": 0.160481532820655,
        "learning_rate": 8.162775971676084e-05
    },
    "figures": {
        "model_summary": "/home/krakerlu/github/ImageMLResearch/demo/chihuahua_vs_muffin/experiments/experiment_03/output/trial_48/model_summary.png",
        "confusion_matrix": "/home/krakerlu/github/ImageMLResearch/demo/chihuahua_vs_muffin/experiments/experiment_03/output/trial_48/confusion_matrix.png",
        "training_history": "/home/krakerlu/github/ImageMLResearch/demo/chihuahua_vs_muffin/experiments/experiment_03/output/trial_48/training_history.png"
    },
    "evaluation_metrics": {
        "train": {
            "accuracy": 0.9262499809265137,
            "precision": 0.9262499809265137,
            "recall": 0.9262499809265137,
            "f1": 0.9262499309265163,
            "classification_report": {
                "chihuahua": {
                    "precision": 0.8899129544290835,
                    "recall": 0.9880613985218875,
                    "f1-score": 0.9364224137931034,
                    "support": 1759
                },
                "muffin": {
                    "precision": 0.983159582999198,
                    "recall": 0.8507980569049272,
                    "f1-score": 0.9122023809523809,
                    "support": 1441
                },
                "micro avg": {
                    "precision": 0.92625,
                    "recall": 0.92625,
                    "f1-score": 0.92625,
                    "support": 3200
                },
                "macro avg": {
                    "precision": 0.9365362687141408,
                    "recall": 0.9194297277134074,
                    "f1-score": 0.9243123973727422,
                    "support": 3200
                },
                "weighted avg": {
                    "precision": 0.9319030768570633,
                    "recall": 0.92625,
                    "f1-score": 0.9255158302545154,
                    "support": 3200
                },
                "samples avg": {
                    "precision": 0.92625,
                    "recall": 0.92625,
                    "f1-score": 0.92625,
                    "support": 3200
                }
            }
        },
        "val": {
            "accuracy": 0.8734375238418579,
            "precision": 0.8734375238418579,
            "recall": 0.8734375238418579,
            "f1": 0.8734374738418608,
            "classification_report": {
                "chihuahua": {
                    "precision": 0.8184210526315789,
                    "recall": 0.9628482972136223,
                    "f1-score": 0.8847795163584637,
                    "support": 323
                },
                "muffin": {
                    "precision": 0.9538461538461539,
                    "recall": 0.7823343848580442,
                    "f1-score": 0.8596187175043327,
                    "support": 317
                },
                "micro avg": {
                    "precision": 0.8734375,
                    "recall": 0.8734375,
                    "f1-score": 0.8734375,
                    "support": 640
                },
                "macro avg": {
                    "precision": 0.8861336032388665,
                    "recall": 0.8725913410358332,
                    "f1-score": 0.8721991169313983,
                    "support": 640
                },
                "weighted avg": {
                    "precision": 0.8854987980769231,
                    "recall": 0.8734375,
                    "f1-score": 0.872317058176027,
                    "support": 640
                },
                "samples avg": {
                    "precision": 0.8734375,
                    "recall": 0.8734375,
                    "f1-score": 0.8734375,
                    "support": 640
                }
            }
        },
        "test": {
            "accuracy": 0.8846584558486938,
            "precision": 0.8846584558486938,
            "recall": 0.8846584558486938,
            "f1": 0.8846584058486966,
            "classification_report": {
                "chihuahua": {
                    "precision": 0.8351254480286738,
                    "recall": 0.9769392033542977,
                    "f1-score": 0.9004830917874396,
                    "support": 477
                },
                "muffin": {
                    "precision": 0.9671641791044776,
                    "recall": 0.7788461538461539,
                    "f1-score": 0.8628495339547271,
                    "support": 416
                },
                "micro avg": {
                    "precision": 0.8846584546472565,
                    "recall": 0.8846584546472565,
                    "f1-score": 0.8846584546472565,
                    "support": 893
                },
                "macro avg": {
                    "precision": 0.9011448135665757,
                    "recall": 0.8778926786002258,
                    "f1-score": 0.8816663128710833,
                    "support": 893
                },
                "weighted avg": {
                    "precision": 0.896635092068466,
                    "recall": 0.8846584546472565,
                    "f1-score": 0.8829516695495803,
                    "support": 893
                },
                "samples avg": {
                    "precision": 0.8846584546472565,
                    "recall": 0.8846584546472565,
                    "f1-score": 0.8846584546472565,
                    "support": 893
                }
            }
        }
    },
    "training_history": {
        "accuracy": [
            0.6471874713897705,
            0.7565624713897705,
            0.8071874976158142,
            0.8159375190734863,
            0.8443750143051147,
            0.84375,
            0.8518750071525574,
            0.8712499737739563,
            0.8731250166893005,
            0.8865625262260437,
            0.8837500214576721,
            0.8974999785423279,
            0.8890625238418579,
            0.9056249856948853,
            0.8959375023841858,
            0.9150000214576721,
            0.9184374809265137,
            0.925000011920929,
            0.9243749976158142,
            0.926562488079071,
            0.9190624952316284,
            0.9040625095367432,
            0.9181249737739563,
            0.9315624833106995,
            0.9368749856948853
        ],
        "loss": [
            0.6228122115135193,
            0.5019838213920593,
            0.448792427778244,
            0.4098683297634125,
            0.37297478318214417,
            0.3576176166534424,
            0.3399003744125366,
            0.31072676181793213,
            0.30484917759895325,
            0.28782185912132263,
            0.28325438499450684,
            0.25689995288848877,
            0.26969510316848755,
            0.23518162965774536,
            0.2519923150539398,
            0.22478044033050537,
            0.20920951664447784,
            0.19225138425827026,
            0.1923689842224121,
            0.1915939748287201,
            0.19949689507484436,
            0.23154237866401672,
            0.21147321164608002,
            0.18812432885169983,
            0.16847999393939972
        ],