{
    "name": "trial_66",
    "start_time": "2024-10-27 11:32:01.981",
    "duration": "0:05:47.623",
    "directory": "/home/krakerlu/github/ImageMLResearch/demo/chihuahua_vs_muffin/experiments/experiment_04/output/trial_66",
    "hyperparameters": {
        "normalization": "standard",
        "batch_size": 128,
        "learning_rate": 6.950102086553015e-05
    },
    "figures": {
        "training_history": "/home/krakerlu/github/ImageMLResearch/demo/chihuahua_vs_muffin/experiments/experiment_04/output/trial_66/training_history.png"
    },
    "evaluation_metrics": {
        "train": {
            "accuracy": 0.9616661667823792,
            "precision": 0.9616661667823792,
            "recall": 0.9616661667823792,
            "f1": 0.9616661167823817,
            "classification_report": {
                "chihuahua": {
                    "precision": 0.9409776391055642,
                    "recall": 0.9925946242457487,
                    "f1-score": 0.9660971703150026,
                    "support": 3646
                },
                "muffin": {
                    "precision": 0.9902877697841727,
                    "recall": 0.9238255033557047,
                    "f1-score": 0.9559027777777778,
                    "support": 2980
                },
                "micro avg": {
                    "precision": 0.9616661635979474,
                    "recall": 0.9616661635979474,
                    "f1-score": 0.9616661635979474,
                    "support": 6626
                },
                "macro avg": {
                    "precision": 0.9656327044448685,
                    "recall": 0.9582100638007267,
                    "f1-score": 0.9609999740463901,
                    "support": 6626
                },
                "weighted avg": {
                    "precision": 0.9631545466549534,
                    "recall": 0.9616661635979474,
                    "f1-score": 0.9615123091980498,
                    "support": 6626
                },
                "samples avg": {
                    "precision": 0.9616661635979474,
                    "recall": 0.9616661635979474,
                    "f1-score": 0.9616661635979474,
                    "support": 6626
                }
            }
        },
        "val": {
            "accuracy": 0.8688293099403381,
            "precision": 0.8688293099403381,
            "recall": 0.8688293099403381,
            "f1": 0.868829259940341,
            "classification_report": {
                "chihuahua": {
                    "precision": 0.8746518105849582,
                    "recall": 0.8674033149171271,
                    "f1-score": 0.871012482662968,
                    "support": 362
                },
                "muffin": {
                    "precision": 0.8628571428571429,
                    "recall": 0.8703170028818443,
                    "f1-score": 0.866571018651363,
                    "support": 347
                },
                "micro avg": {
                    "precision": 0.8688293370944993,
                    "recall": 0.8688293370944993,
                    "f1-score": 0.8688293370944993,
                    "support": 709
                },
                "macro avg": {
                    "precision": 0.8687544767210506,
                    "recall": 0.8688601588994858,
                    "f1-score": 0.8687917506571655,
                    "support": 709
                },
                "weighted avg": {
                    "precision": 0.8688792440101318,
                    "recall": 0.8688293370944993,
                    "f1-score": 0.8688387337038327,
                    "support": 709
                },
                "samples avg": {
                    "precision": 0.8688293370944993,
                    "recall": 0.8688293370944993,
                    "f1-score": 0.8688293370944993,
                    "support": 709
                }
            }
        },
        "test": {
            "accuracy": 0.8888888955116272,
            "precision": 0.8888888955116272,
            "recall": 0.8888888955116272,
            "f1": 0.8888888455116299,
            "classification_report": {
                "chihuahua": {
                    "precision": 0.8891820580474934,
                    "recall": 0.9010695187165776,
                    "f1-score": 0.8950863213811421,
                    "support": 374
                },
                "muffin": {
                    "precision": 0.8885542168674698,
                    "recall": 0.8753709198813057,
                    "f1-score": 0.8819133034379671,
                    "support": 337
                },
                "micro avg": {
                    "precision": 0.8888888888888888,
                    "recall": 0.8888888888888888,
                    "f1-score": 0.8888888888888888,
                    "support": 711
                },
                "macro avg": {
                    "precision": 0.8888681374574816,
                    "recall": 0.8882202192989417,
                    "f1-score": 0.8884998124095547,
                    "support": 711
                },
                "weighted avg": {
                    "precision": 0.888884473690717,
                    "recall": 0.8888888888888888,
                    "f1-score": 0.8888425702603968,
                    "support": 711
                },
                "samples avg": {
                    "precision": 0.8888888888888888,
                    "recall": 0.8888888888888888,
                    "f1-score": 0.8888888888888888,
                    "support": 711
                }
            }
        }
    },
    "training_history": {
        "accuracy": [
            0.7120434641838074,
            0.779052197933197,
            0.8077271580696106,
            0.843646228313446,
            0.8647751212120056,
            0.8803199529647827,
            0.8917899131774902,
            0.8997887372970581,
            0.9068819880485535,
            0.9189556241035461,
            0.9234832525253296,
            0.9351041316986084,
            0.9446121454238892,
            0.9470268487930298,
            0.9503471255302429
        ],
        "loss": [
            0.5593887567520142,
            0.4766809344291687,
            0.4205172061920166,
            0.3611792027950287,
            0.32447880506515503,
            0.29807281494140625,
            0.27035772800445557,
            0.2454315721988678,
            0.23226763308048248,
            0.20581309497356415,
            0.19163598120212555,
            0.16831202805042267,
            0.14539387822151184,
            0.13875839114189148,
            0.13302908837795258
        ],
        "val_accuracy": [
            0.7884343862533569,
            0.8222849369049072,
            0.8349788188934326,
            0.8208744525909424,
            0.8236953616142273,
            0.8279266357421875,
            0.8335683941841125,
            0.8519040942192078,
            0.8829337358474731,
            0.8744710683822632,
            0.8857545852661133,
            0.8913963437080383,
            0.8730606436729431,
            0.8744710683822632,
            0.8688293099403381
        ],
        "val_loss": [
            0.4676108658313751,
            0.3961160480976105,
            0.37674427032470703,
            0.3954392075538635,
            0.40599480271339417,
            0.4083355665206909,
            0.40925729274749756,
            0.3610517084598541,
            0.2882530987262726,
            0.2900407314300537,
            0.2890661954879761,
            0.27093324065208435,
            0.33068183064460754,
            0.31107577681541443,
            0.31189996004104614
        ]
    }
}