{
    "name": "trial_53",
    "start_time": "2024-10-24 15:45:43.668",
    "duration": "0:05:42.890",
    "directory": "/home/krakerlu/github/ImageMLResearch/demo/chihuahua_vs_muffin/experiments/experiment_04/output/trial_53",
    "hyperparameters": {
        "normalization": "standard",
        "batch_size": 128,
        "learning_rate": 7.254639933188494e-05
    },
    "figures": {
        "training_history": "/home/krakerlu/github/ImageMLResearch/demo/chihuahua_vs_muffin/experiments/experiment_04/output/trial_53/training_history.png"
    },
    "evaluation_metrics": {
        "train": {
            "accuracy": 0.9667974710464478,
            "precision": 0.9667974710464478,
            "recall": 0.9667974710464478,
            "f1": 0.9667974210464503,
            "classification_report": {
                "chihuahua": {
                    "precision": 0.9558275678552421,
                    "recall": 0.9851892484914976,
                    "f1-score": 0.9702863317125878,
                    "support": 3646
                },
                "muffin": {
                    "precision": 0.9811715481171548,
                    "recall": 0.9442953020134228,
                    "f1-score": 0.9623803009575923,
                    "support": 2980
                },
                "micro avg": {
                    "precision": 0.9667974645336553,
                    "recall": 0.9667974645336553,
                    "f1-score": 0.9667974645336553,
                    "support": 6626
                },
                "macro avg": {
                    "precision": 0.9684995579861985,
                    "recall": 0.9647422752524601,
                    "f1-score": 0.96633331633509,
                    "support": 6626
                },
                "weighted avg": {
                    "precision": 0.9672258565936213,
                    "recall": 0.9667974645336553,
                    "f1-score": 0.9667306462839903,
                    "support": 6626
                },
                "samples avg": {
                    "precision": 0.9667974645336553,
                    "recall": 0.9667974645336553,
                    "f1-score": 0.9667974645336553,
                    "support": 6626
                }
            }
        },
        "val": {
            "accuracy": 0.8575458526611328,
            "precision": 0.8575458526611328,
            "recall": 0.8575458526611328,
            "f1": 0.8575458026611357,
            "classification_report": {
                "chihuahua": {
                    "precision": 0.9484536082474226,
                    "recall": 0.7624309392265194,
                    "f1-score": 0.8453292496171516,
                    "support": 362
                },
                "muffin": {
                    "precision": 0.7942583732057417,
                    "recall": 0.9567723342939481,
                    "f1-score": 0.8679738562091504,
                    "support": 347
                },
                "micro avg": {
                    "precision": 0.8575458392101551,
                    "recall": 0.8575458392101551,
                    "f1-score": 0.8575458392101551,
                    "support": 709
                },
                "macro avg": {
                    "precision": 0.8713559907265822,
                    "recall": 0.8596016367602337,
                    "f1-score": 0.856651552913151,
                    "support": 709
                },
                "weighted avg": {
                    "precision": 0.8729871109844279,
                    "recall": 0.8575458392101551,
                    "f1-score": 0.8564120119407391,
                    "support": 709
                },
                "samples avg": {
                    "precision": 0.8575458392101551,
                    "recall": 0.8575458392101551,
                    "f1-score": 0.8575458392101551,
                    "support": 709
                }
            }
        },
        "test": {
            "accuracy": 0.8790435791015625,
            "precision": 0.8790435791015625,
            "recall": 0.8790435791015625,
            "f1": 0.8790435291015654,
            "classification_report": {
                "chihuahua": {
                    "precision": 0.9528301886792453,
                    "recall": 0.8101604278074866,
                    "f1-score": 0.8757225433526011,
                    "support": 374
                },
                "muffin": {
                    "precision": 0.8193384223918575,
                    "recall": 0.9554896142433235,
                    "f1-score": 0.8821917808219178,
                    "support": 337
                },
                "micro avg": {
                    "precision": 0.8790436005625879,
                    "recall": 0.8790436005625879,
                    "f1-score": 0.8790436005625879,
                    "support": 711
                },
                "macro avg": {
                    "precision": 0.8860843055355514,
                    "recall": 0.882825021025405,
                    "f1-score": 0.8789571620872595,
                    "support": 711
                },
                "weighted avg": {
                    "precision": 0.8895577199888801,
                    "recall": 0.8790436005625879,
                    "f1-score": 0.878788834530041,
                    "support": 711
                },
                "samples avg": {
                    "precision": 0.8790436005625879,
                    "recall": 0.8790436005625879,
                    "f1-score": 0.8790436005625879,
                    "support": 711
                }
            }
        }
    },
    "training_history": {
        "accuracy": [
            0.6957440376281738,
            0.7710534334182739,
            0.8344401121139526,
            0.85587078332901,
            0.8765469193458557,
            0.8801690340042114,
            0.8905825614929199,
            0.9070329070091248,
            0.9126169681549072,
            0.9222759008407593,
            0.9286145567893982,
            0.9361605644226074,
            0.9375188946723938,
            0.9399335980415344,
            0.9523090720176697
        ],
        "loss": [
            0.5675358176231384,
            0.47951868176460266,
            0.39337918162345886,
            0.3414171636104584,
            0.30281758308410645,
            0.28776809573173523,
            0.26826101541519165,
            0.23400971293449402,
            0.2177582085132599,
            0.2004784196615219,
            0.18382824957370758,
            0.1655772626399994,
            0.16024677455425262,
            0.1538618505001068,
            0.131772980093956
        ],
        "val_accuracy": [
            0.7827926874160767,
            0.8095909953117371,
            0.8194640278816223,
            0.8208744525909424,
            0.8420310020446777,
            0.8490832448005676,
            0.8236953616142273,
            0.8476727604866028,
            0.8490832448005676,
            0.8420310020446777,
            0.8363893032073975,
            0.8561354279518127,
            0.8533145189285278,
            0.8815232515335083,
            0.8575458526611328
        ],
        "val_loss": [
            0.47887787222862244,
            0.42854341864585876,
            0.41084548830986023,
            0.4295479655265808,
            0.34151598811149597,
            0.35319986939430237,
            0.43773153424263,
            0.36946895718574524,
            0.3689882457256317,
            0.35437658429145813,
            0.3947106897830963,
            0.333205908536911,
            0.3729787766933441,
            0.2928310036659241,
            0.3460029661655426
        ]
    }
}