{
    "name": "Trial 2",
    "start_time": "2024-10-08 11:54:39.479",
    "duration": "08.101",
    "directory": "/home/krakerlu/github/ImageMLResearch/demo/mnist_digits_experiment/output/trial_2",
    "hyperparameters": {
        "units1": 256,
        "units2": 128,
        "learning_rate": 0.001
    },
    "figures": {
        "model_summary": "/home/krakerlu/github/ImageMLResearch/demo/mnist_digits_experiment/output/trial_2/model_summary.png",
        "training_history": "/home/krakerlu/github/ImageMLResearch/demo/mnist_digits_experiment/output/trial_2/training_history.png",
        "results": "/home/krakerlu/github/ImageMLResearch/demo/mnist_digits_experiment/output/trial_2/results.png"
    },
    "evaluation_metrics": {
        "train": {
            "accuracy": 0.9869499802589417,
            "precision": 0.9509792923927307,
            "recall": 0.9207857251167297,
            "f1": 0.9356389315364076,
            "classification_report": {
                "Digit 0": {
                    "precision": 0.9594810733961259,
                    "recall": 0.9766642547033285,
                    "f1-score": 0.967996414164052,
                    "support": 5528
                },
                "Digit 1": {
                    "precision": 0.94,
                    "recall": 0.9829182630906769,
                    "f1-score": 0.9609801779303886,
                    "support": 6264
                },
                "Digit 2": {
                    "precision": 0.9034703504043127,
                    "recall": 0.9618005738880918,
                    "f1-score": 0.9317234190410006,
                    "support": 5576
                },
                "Digit 3": {
                    "precision": 0.9464384318056323,
                    "recall": 0.8978522786799371,
                    "f1-score": 0.921505376344086,
                    "support": 5727
                },
                "Digit 4": {
                    "precision": 0.9643618051520434,
                    "recall": 0.9119047619047619,
                    "f1-score": 0.9373999811729267,
                    "support": 5460
                },
                "Digit 5": {
                    "precision": 0.8474724505859716,
                    "recall": 0.9597860538827259,
                    "f1-score": 0.9001393404551788,
                    "support": 5048
                },
                "Digit 6": {
                    "precision": 0.9701881870691261,
                    "recall": 0.9439811457577955,
                    "f1-score": 0.9569052650923459,
                    "support": 5516
                },
                "Digit 7": {
                    "precision": 0.9658119658119658,
                    "recall": 0.9249658935879945,
                    "f1-score": 0.9449477351916377,
                    "support": 5864
                },
                "Digit 8": {
                    "precision": 0.9459781529294935,
                    "recall": 0.8739449541284404,
                    "f1-score": 0.9085360038149738,
                    "support": 5450
                },
                "Digit 9": {
                    "precision": 0.911987041036717,
                    "recall": 0.910185018861146,
                    "f1-score": 0.9110851389013755,
                    "support": 5567
                },
                "micro avg": {
                    "precision": 0.93475,
                    "recall": 0.93475,
                    "f1-score": 0.93475,
                    "support": 56000
                },
                "macro avg": {
                    "precision": 0.9355189458191389,
                    "recall": 0.9344003198484898,
                    "f1-score": 0.9341218852107966,
                    "support": 56000
                },
                "weighted avg": {
                    "precision": 0.9364522059203401,
                    "recall": 0.93475,
                    "f1-score": 0.934794955807869,
                    "support": 56000
                },
                "samples avg": {
                    "precision": 0.93475,
                    "recall": 0.93475,
                    "f1-score": 0.93475,
                    "support": 56000
                }
            }
        },
        "val": {
            "accuracy": 0.9858084917068481,
            "precision": 0.9486148357391357,
            "recall": 0.9129874110221863,
            "f1": 0.9304601537975502,
            "classification_report": {
                "Digit 0": {
                    "precision": 0.9403409090909091,
                    "recall": 0.9706744868035191,
                    "f1-score": 0.9552669552669553,
                    "support": 682
                },
                "Digit 1": {
                    "precision": 0.9426129426129426,
                    "recall": 0.9846938775510204,
                    "f1-score": 0.9631940112289458,
                    "support": 784
                },
                "Digit 2": {
                    "precision": 0.9013513513513514,
                    "recall": 0.9474431818181818,
                    "f1-score": 0.9238227146814404,
                    "support": 704
                },
                "Digit 3": {
                    "precision": 0.9407616361071932,
                    "recall": 0.8977119784656796,
                    "f1-score": 0.918732782369146,
                    "support": 743
                },
                "Digit 4": {
                    "precision": 0.9565217391304348,
                    "recall": 0.9058823529411765,
                    "f1-score": 0.9305135951661632,
                    "support": 680
                },
                "Digit 5": {
                    "precision": 0.8469387755102041,
                    "recall": 0.9603305785123967,
                    "f1-score": 0.9000774593338497,
                    "support": 605
                },
                "Digit 6": {
                    "precision": 0.9596899224806201,
                    "recall": 0.9393019726858877,
                    "f1-score": 0.9493865030674846,
                    "support": 659
                },
                "Digit 7": {
                    "precision": 0.9652677279305355,
                    "recall": 0.9341736694677871,
                    "f1-score": 0.9494661921708185,
                    "support": 714
                },
                "Digit 8": {
                    "precision": 0.9378980891719745,
                    "recall": 0.8611111111111112,
                    "f1-score": 0.8978658536585366,
                    "support": 684
                },
                "Digit 9": {
                    "precision": 0.9028169014084507,
                    "recall": 0.8890429958391124,
                    "f1-score": 0.8958770090845563,
                    "support": 721
                },
                "micro avg": {
                    "precision": 0.9290424311926605,
                    "recall": 0.9290424311926605,
                    "f1-score": 0.9290424311926605,
                    "support": 6976
                },
                "macro avg": {
                    "precision": 0.9294199994794617,
                    "recall": 0.9290366205195871,
                    "f1-score": 0.9284203076027897,
                    "support": 6976
                },
                "weighted avg": {
                    "precision": 0.9304445429108611,
                    "recall": 0.9290424311926605,
                    "f1-score": 0.9289785060959543,
                    "support": 6976
                },
                "samples avg": {
                    "precision": 0.9290424311926605,
                    "recall": 0.9290424311926605,
                    "f1-score": 0.9290424311926605,
                    "support": 6976
                }
            }
        },
        "test": {
            "accuracy": 0.9871013760566711,
            "precision": 0.9525213837623596,
            "recall": 0.9197039008140564,