{
    "name": "trial_57",
    "start_time": "2024-10-27 10:39:17.869",
    "duration": "0:05:44.089",
    "directory": "/home/krakerlu/github/ImageMLResearch/demo/chihuahua_vs_muffin/experiments/experiment_04/output/trial_57",
    "hyperparameters": {
        "normalization": "standard",
        "batch_size": 128,
        "learning_rate": 6.282039870279009e-05
    },
    "figures": {
        "training_history": "/home/krakerlu/github/ImageMLResearch/demo/chihuahua_vs_muffin/experiments/experiment_04/output/trial_57/training_history.png"
    },
    "evaluation_metrics": {
        "train": {
            "accuracy": 0.95351642370224,
            "precision": 0.95351642370224,
            "recall": 0.95351642370224,
            "f1": 0.9535163737022426,
            "classification_report": {
                "chihuahua": {
                    "precision": 0.9602868174296746,
                    "recall": 0.9550191991223258,
                    "f1-score": 0.9576457645764577,
                    "support": 3646
                },
                "muffin": {
                    "precision": 0.9453333333333334,
                    "recall": 0.9516778523489933,
                    "f1-score": 0.948494983277592,
                    "support": 2980
                },
                "micro avg": {
                    "precision": 0.9535164503471174,
                    "recall": 0.9535164503471174,
                    "f1-score": 0.9535164503471174,
                    "support": 6626
                },
                "macro avg": {
                    "precision": 0.952810075381504,
                    "recall": 0.9533485257356595,
                    "f1-score": 0.9530703739270248,
                    "support": 6626
                },
                "weighted avg": {
                    "precision": 0.9535615861276678,
                    "recall": 0.9535164503471174,
                    "f1-score": 0.9535302607626003,
                    "support": 6626
                },
                "samples avg": {
                    "precision": 0.9535164503471174,
                    "recall": 0.9535164503471174,
                    "f1-score": 0.9535164503471174,
                    "support": 6626
                }
            }
        },
        "val": {
            "accuracy": 0.8575458526611328,
            "precision": 0.8575458526611328,
            "recall": 0.8575458526611328,
            "f1": 0.8575458026611357,
            "classification_report": {
                "chihuahua": {
                    "precision": 0.9578947368421052,
                    "recall": 0.7541436464088398,
                    "f1-score": 0.8438948995363215,
                    "support": 362
                },
                "muffin": {
                    "precision": 0.7900943396226415,
                    "recall": 0.9654178674351584,
                    "f1-score": 0.8690012970168612,
                    "support": 347
                },
                "micro avg": {
                    "precision": 0.8575458392101551,
                    "recall": 0.8575458392101551,
                    "f1-score": 0.8575458392101551,
                    "support": 709
                },
                "macro avg": {
                    "precision": 0.8739945382323734,
                    "recall": 0.8597807569219991,
                    "f1-score": 0.8564480982765914,
                    "support": 709
                },
                "weighted avg": {
                    "precision": 0.8757695776952027,
                    "recall": 0.8575458392101551,
                    "f1-score": 0.8561825157926645,
                    "support": 709
                },
                "samples avg": {
                    "precision": 0.8575458392101551,
                    "recall": 0.8575458392101551,
                    "f1-score": 0.8575458392101551,
                    "support": 709
                }
            }
        },
        "test": {
            "accuracy": 0.8677918314933777,
            "precision": 0.8677918314933777,
            "recall": 0.8677918314933777,
            "f1": 0.8677917814933805,
            "classification_report": {
                "chihuahua": {
                    "precision": 0.9666666666666667,
                    "recall": 0.7754010695187166,
                    "f1-score": 0.8605341246290801,
                    "support": 374
                },
                "muffin": {
                    "precision": 0.7956204379562044,
                    "recall": 0.9703264094955489,
                    "f1-score": 0.8743315508021391,
                    "support": 337
                },
                "micro avg": {
                    "precision": 0.8677918424753868,
                    "recall": 0.8677918424753868,
                    "f1-score": 0.8677918424753868,
                    "support": 711
                },
                "macro avg": {
                    "precision": 0.8811435523114355,
                    "recall": 0.8728637395071328,
                    "f1-score": 0.8674328377156095,
                    "support": 711
                },
                "weighted avg": {
                    "precision": 0.8855941222567851,
                    "recall": 0.8677918424753868,
                    "f1-score": 0.8670738329558324,
                    "support": 711
                },
                "samples avg": {
                    "precision": 0.8677918424753868,
                    "recall": 0.8677918424753868,
                    "f1-score": 0.8677918424753868,
                    "support": 711
                }
            }
        }
    },
    "training_history": {
        "accuracy": [
            0.7073649168014526,
            0.7710534334182739,
            0.7970117926597595,
            0.824479341506958,
            0.8525505661964417,
            0.8711137771606445,
            0.8798671960830688,
            0.8940537571907043,
            0.9015997648239136,
            0.9112586975097656,
            0.9127678871154785,
            0.9182010293006897,
            0.9162390828132629,
            0.9310292601585388,
            0.9322366714477539
        ],
        "loss": [
            0.5641306042671204,
            0.49237069487571716,
            0.4490322470664978,
            0.3984285593032837,
            0.3505704998970032,
            0.3107748329639435,
            0.2919365465641022,
            0.2635582983493805,
            0.2406955361366272,
            0.22390617430210114,
            0.21336880326271057,
            0.20941658318042755,
            0.2136542946100235,
            0.18421101570129395,
            0.17407700419425964
        ],
        "val_accuracy": [
            0.7813822031021118,
            0.8124118447303772,
            0.8152326941490173,
            0.8462623357772827,
            0.8166431784629822,
            0.8462623357772827,
            0.8406205773353577,
            0.8279266357421875,
            0.8589562773704529,
            0.8434414863586426,
            0.8349788188934326,
            0.8180536031723022,
            0.8166431784629822,
            0.8138222694396973,
            0.8575458526611328
        ],
        "val_loss": [
            0.4728630781173706,
            0.4270002841949463,
            0.4156407117843628,
            0.3671533763408661,
            0.4264039099216461,
            0.3713231682777405,
            0.38018298149108887,
            0.41453802585601807,
            0.34491151571273804,
            0.3896455466747284,
            0.3819071352481842,
            0.41666316986083984,
            0.4132827818393707,
            0.43082520365715027,
            0.34652265906333923
        ]
    }
}