{
    "name": "trial_76",
    "start_time": "2024-10-20 12:15:10.839",
    "duration": "32.794",
    "directory": "/home/krakerlu/github/ImageMLResearch/demo/chihuahua_vs_muffin/experiments/experiment_03/output/trial_76",
    "hyperparameters": {
        "units1": 128,
        "kernel_size1": 3,
        "units2": 64,
        "kernel_size2": 7,
        "dense_units": 128,
        "dropout_rate": 0.22470956769998018,
        "learning_rate": 7.876695185789754e-05
    },
    "figures": {
        "model_summary": "/home/krakerlu/github/ImageMLResearch/demo/chihuahua_vs_muffin/experiments/experiment_03/output/trial_76/model_summary.png",
        "confusion_matrix": "/home/krakerlu/github/ImageMLResearch/demo/chihuahua_vs_muffin/experiments/experiment_03/output/trial_76/confusion_matrix.png",
        "training_history": "/home/krakerlu/github/ImageMLResearch/demo/chihuahua_vs_muffin/experiments/experiment_03/output/trial_76/training_history.png"
    },
    "evaluation_metrics": {
        "train": {
            "accuracy": 0.9365624785423279,
            "precision": 0.9365624785423279,
            "recall": 0.9365624785423279,
            "f1": 0.9365624285423305,
            "classification_report": {
                "chihuahua": {
                    "precision": 0.9539089848308051,
                    "recall": 0.9295054007959067,
                    "f1-score": 0.9415490930031672,
                    "support": 1759
                },
                "muffin": {
                    "precision": 0.9165545087483177,
                    "recall": 0.945176960444136,
                    "f1-score": 0.9306457123334472,
                    "support": 1441
                },
                "micro avg": {
                    "precision": 0.9365625,
                    "recall": 0.9365625,
                    "f1-score": 0.9365625,
                    "support": 3200
                },
                "macro avg": {
                    "precision": 0.9352317467895614,
                    "recall": 0.9373411806200214,
                    "f1-score": 0.9360974026683072,
                    "support": 3200
                },
                "weighted avg": {
                    "precision": 0.93708779731991,
                    "recall": 0.9365625,
                    "f1-score": 0.9366391643953338,
                    "support": 3200
                },
                "samples avg": {
                    "precision": 0.9365625,
                    "recall": 0.9365625,
                    "f1-score": 0.9365625,
                    "support": 3200
                }
            }
        },
        "val": {
            "accuracy": 0.903124988079071,
            "precision": 0.903124988079071,
            "recall": 0.903124988079071,
            "f1": 0.9031249380790738,
            "classification_report": {
                "chihuahua": {
                    "precision": 0.9116719242902208,
                    "recall": 0.8947368421052632,
                    "f1-score": 0.903125,
                    "support": 323
                },
                "muffin": {
                    "precision": 0.8947368421052632,
                    "recall": 0.9116719242902208,
                    "f1-score": 0.903125,
                    "support": 317
                },
                "micro avg": {
                    "precision": 0.903125,
                    "recall": 0.903125,
                    "f1-score": 0.903125,
                    "support": 640
                },
                "macro avg": {
                    "precision": 0.903204383197742,
                    "recall": 0.903204383197742,
                    "f1-score": 0.903125,
                    "support": 640
                },
                "weighted avg": {
                    "precision": 0.903283766395484,
                    "recall": 0.903125,
                    "f1-score": 0.903125,
                    "support": 640
                },
                "samples avg": {
                    "precision": 0.903125,
                    "recall": 0.903125,
                    "f1-score": 0.903125,
                    "support": 640
                }
            }
        },
        "test": {
            "accuracy": 0.8958566784858704,
            "precision": 0.8958566784858704,
            "recall": 0.8958566784858704,
            "f1": 0.8958566284858731,
            "classification_report": {
                "chihuahua": {
                    "precision": 0.9067796610169492,
                    "recall": 0.8972746331236897,
                    "f1-score": 0.9020021074815595,
                    "support": 477
                },
                "muffin": {
                    "precision": 0.8836104513064132,
                    "recall": 0.8942307692307693,
                    "f1-score": 0.8888888888888888,
                    "support": 416
                },
                "micro avg": {
                    "precision": 0.8958566629339306,
                    "recall": 0.8958566629339306,
                    "f1-score": 0.8958566629339306,
                    "support": 893
                },
                "macro avg": {
                    "precision": 0.8951950561616813,
                    "recall": 0.8957527011772295,
                    "f1-score": 0.8954454981852242,
                    "support": 893
                },
                "weighted avg": {
                    "precision": 0.8959863897520186,
                    "recall": 0.8958566629339306,
                    "f1-score": 0.8958933740722079,
                    "support": 893
                },
                "samples avg": {
                    "precision": 0.8958566629339306,
                    "recall": 0.8958566629339306,
                    "f1-score": 0.8958566629339306,
                    "support": 893
                }
            }
        }
    },
    "training_history": {
        "accuracy": [
            0.6153125166893005,
            0.7446874976158142,
            0.7956249713897705,
            0.8265625238418579,
            0.831250011920929,
            0.8446875214576721,
            0.859375,
            0.8659374713897705,
            0.8706250190734863,
            0.8815624713897705,
            0.875,
            0.8887500166893005,
            0.8931249976158142,
            0.8962500095367432,
            0.8974999785423279,
            0.9056249856948853,
            0.9090625047683716,
            0.9012500047683716,
            0.9121875166893005,
            0.9103124737739563,
            0.8837500214576721,
            0.9028124809265137,
            0.9121875166893005,
            0.9200000166893005,
            0.9287499785423279
        ],
        "loss": [
            0.6557400226593018,
            0.535288393497467,
            0.4558730721473694,
            0.40257498621940613,
            0.3841297924518585,
            0.36362019181251526,
            0.34166380763053894,
            0.32674023509025574,
            0.3170289397239685,
            0.2986356019973755,
            0.30580422282218933,
            0.2835767865180969,
            0.27337098121643066,
            0.261371374130249,
            0.2533402740955353,
            0.24202433228492737,
            0.24493862688541412,
            0.2427065223455429,
            0.22599110007286072,
            0.22735647857189178,
            0.2719132900238037,
            0.2539818286895752,
            0.2211785912513733,
            0.20637232065200806,
            0.18871432542800903
        ],