{
    "name": "trial_18",
    "start_time": "2024-10-20 11:45:51.869",
    "duration": "25.290",
    "directory": "/home/krakerlu/github/ImageMLResearch/demo/chihuahua_vs_muffin/experiments/experiment_03/output/trial_18",
    "hyperparameters": {
        "units1": 128,
        "kernel_size1": 3,
        "units2": 32,
        "kernel_size2": 3,
        "dense_units": 512,
        "dropout_rate": 0.015504366887637178,
        "learning_rate": 1.94910093480993e-05
    },
    "figures": {
        "model_summary": "/home/krakerlu/github/ImageMLResearch/demo/chihuahua_vs_muffin/experiments/experiment_03/output/trial_18/model_summary.png",
        "confusion_matrix": "/home/krakerlu/github/ImageMLResearch/demo/chihuahua_vs_muffin/experiments/experiment_03/output/trial_18/confusion_matrix.png",
        "training_history": "/home/krakerlu/github/ImageMLResearch/demo/chihuahua_vs_muffin/experiments/experiment_03/output/trial_18/training_history.png"
    },
    "evaluation_metrics": {
        "train": {
            "accuracy": 0.9068750143051147,
            "precision": 0.9068750143051147,
            "recall": 0.9068750143051147,
            "f1": 0.9068749643051175,
            "classification_report": {
                "chihuahua": {
                    "precision": 0.8967952199891364,
                    "recall": 0.938601478112564,
                    "f1-score": 0.9172222222222223,
                    "support": 1759
                },
                "muffin": {
                    "precision": 0.9205298013245033,
                    "recall": 0.868147120055517,
                    "f1-score": 0.8935714285714286,
                    "support": 1441
                },
                "micro avg": {
                    "precision": 0.906875,
                    "recall": 0.906875,
                    "f1-score": 0.906875,
                    "support": 3200
                },
                "macro avg": {
                    "precision": 0.9086625106568198,
                    "recall": 0.9033742990840405,
                    "f1-score": 0.9053968253968254,
                    "support": 3200
                },
                "weighted avg": {
                    "precision": 0.9074831986467189,
                    "recall": 0.906875,
                    "f1-score": 0.9065719742063493,
                    "support": 3200
                },
                "samples avg": {
                    "precision": 0.906875,
                    "recall": 0.906875,
                    "f1-score": 0.906875,
                    "support": 3200
                }
            }
        },
        "val": {
            "accuracy": 0.887499988079071,
            "precision": 0.887499988079071,
            "recall": 0.887499988079071,
            "f1": 0.8874999380790738,
            "classification_report": {
                "chihuahua": {
                    "precision": 0.8680351906158358,
                    "recall": 0.9164086687306502,
                    "f1-score": 0.891566265060241,
                    "support": 323
                },
                "muffin": {
                    "precision": 0.9096989966555183,
                    "recall": 0.8580441640378549,
                    "f1-score": 0.8831168831168831,
                    "support": 317
                },
                "micro avg": {
                    "precision": 0.8875,
                    "recall": 0.8875,
                    "f1-score": 0.8875,
                    "support": 640
                },
                "macro avg": {
                    "precision": 0.8888670936356771,
                    "recall": 0.8872264163842525,
                    "f1-score": 0.887341574088562,
                    "support": 640
                },
                "weighted avg": {
                    "precision": 0.8886717945448661,
                    "recall": 0.8875,
                    "f1-score": 0.8873811805664215,
                    "support": 640
                },
                "samples avg": {
                    "precision": 0.8875,
                    "recall": 0.8875,
                    "f1-score": 0.8875,
                    "support": 640
                }
            }
        },
        "test": {
            "accuracy": 0.8824188113212585,
            "precision": 0.8824188113212585,
            "recall": 0.8824188113212585,
            "f1": 0.8824187613212614,
            "classification_report": {
                "chihuahua": {
                    "precision": 0.872,
                    "recall": 0.9140461215932913,
                    "f1-score": 0.8925281473899693,
                    "support": 477
                },
                "muffin": {
                    "precision": 0.8956743002544529,
                    "recall": 0.8461538461538461,
                    "f1-score": 0.8702101359703337,
                    "support": 416
                },
                "micro avg": {
                    "precision": 0.8824188129899216,
                    "recall": 0.8824188129899216,
                    "f1-score": 0.8824188129899216,
                    "support": 893
                },
                "macro avg": {
                    "precision": 0.8838371501272264,
                    "recall": 0.8800999838735688,
                    "f1-score": 0.8813691416801515,
                    "support": 893
                },
                "weighted avg": {
                    "precision": 0.88302856540409,
                    "recall": 0.8824188129899216,
                    "f1-score": 0.882131402988437,
                    "support": 893
                },
                "samples avg": {
                    "precision": 0.8824188129899216,
                    "recall": 0.8824188129899216,
                    "f1-score": 0.8824188129899216,
                    "support": 893
                }
            }
        }
    },
    "training_history": {
        "accuracy": [
            0.5765625238418579,
            0.6528124809265137,
            0.7228124737739563,
            0.7475000023841858,
            0.7637500166893005,
            0.7784374952316284,
            0.8028125166893005,
            0.8146874904632568,
            0.8284375071525574,
            0.8356249928474426,
            0.8399999737739563,
            0.8431249856948853,
            0.8500000238418579,
            0.859375,
            0.8659374713897705,
            0.8687499761581421,
            0.8768749833106995,
            0.8787500262260437,
            0.8843749761581421,
            0.8893749713897705,
            0.8949999809265137,
            0.8943750262260437,
            0.8987500071525574,
            0.9018750190734863,
            0.9059374928474426
        ],
        "loss": [
            0.6798678636550903,
            0.6517466902732849,
            0.605956494808197,
            0.5542340874671936,
            0.5129089951515198,
            0.4819641411304474,
            0.4555438756942749,
            0.43336620926856995,
            0.4135925769805908,
            0.3967651426792145,
            0.3808783292770386,
            0.3658297061920166,
            0.35227280855178833,
            0.3393719494342804,
            0.32811495661735535,
            0.3182049095630646,
            0.30834540724754333,
            0.30024486780166626,
            0.292258083820343,
            0.2824249863624573,
            0.2749482989311218,
            0.2691214680671692,
            0.2620275318622589,
            0.2555232346057892,
            0.2499854862689972
        ],