{
    "name": "trial_62",
    "start_time": "2024-10-20 12:08:34.006",
    "duration": "29.579",
    "directory": "/home/krakerlu/github/ImageMLResearch/demo/chihuahua_vs_muffin/experiments/experiment_03/output/trial_62",
    "hyperparameters": {
        "units1": 128,
        "kernel_size1": 3,
        "units2": 64,
        "kernel_size2": 5,
        "dense_units": 128,
        "dropout_rate": 0.10108807422564778,
        "learning_rate": 0.00012275795651540898
    },
    "figures": {
        "model_summary": "/home/krakerlu/github/ImageMLResearch/demo/chihuahua_vs_muffin/experiments/experiment_03/output/trial_62/model_summary.png",
        "confusion_matrix": "/home/krakerlu/github/ImageMLResearch/demo/chihuahua_vs_muffin/experiments/experiment_03/output/trial_62/confusion_matrix.png",
        "training_history": "/home/krakerlu/github/ImageMLResearch/demo/chihuahua_vs_muffin/experiments/experiment_03/output/trial_62/training_history.png"
    },
    "evaluation_metrics": {
        "train": {
            "accuracy": 0.9181249737739563,
            "precision": 0.9181249737739563,
            "recall": 0.9181249737739563,
            "f1": 0.918124923773959,
            "classification_report": {
                "chihuahua": {
                    "precision": 0.8733167082294264,
                    "recall": 0.9954519613416714,
                    "f1-score": 0.9303931987247609,
                    "support": 1759
                },
                "muffin": {
                    "precision": 0.9933054393305439,
                    "recall": 0.823733518390007,
                    "f1-score": 0.9006069802731411,
                    "support": 1441
                },
                "micro avg": {
                    "precision": 0.918125,
                    "recall": 0.918125,
                    "f1-score": 0.918125,
                    "support": 3200
                },
                "macro avg": {
                    "precision": 0.9333110737799852,
                    "recall": 0.9095927398658392,
                    "f1-score": 0.915500089498951,
                    "support": 3200
                },
                "weighted avg": {
                    "precision": 0.9273491337033984,
                    "recall": 0.918125,
                    "f1-score": 0.9169800922282658,
                    "support": 3200
                },
                "samples avg": {
                    "precision": 0.918125,
                    "recall": 0.918125,
                    "f1-score": 0.918125,
                    "support": 3200
                }
            }
        },
        "val": {
            "accuracy": 0.8578125238418579,
            "precision": 0.8578125238418579,
            "recall": 0.8578125238418579,
            "f1": 0.8578124738418608,
            "classification_report": {
                "chihuahua": {
                    "precision": 0.7914572864321608,
                    "recall": 0.9752321981424149,
                    "f1-score": 0.8737864077669902,
                    "support": 323
                },
                "muffin": {
                    "precision": 0.9669421487603306,
                    "recall": 0.7381703470031545,
                    "f1-score": 0.8372093023255814,
                    "support": 317
                },
                "micro avg": {
                    "precision": 0.8578125,
                    "recall": 0.8578125,
                    "f1-score": 0.8578125,
                    "support": 640
                },
                "macro avg": {
                    "precision": 0.8791997175962457,
                    "recall": 0.8567012725727847,
                    "f1-score": 0.8554978550462858,
                    "support": 640
                },
                "weighted avg": {
                    "precision": 0.8783771323040824,
                    "recall": 0.8578125,
                    "f1-score": 0.8556693102280424,
                    "support": 640
                },
                "samples avg": {
                    "precision": 0.8578125,
                    "recall": 0.8578125,
                    "f1-score": 0.8578125,
                    "support": 640
                }
            }
        },
        "test": {
            "accuracy": 0.8701007962226868,
            "precision": 0.8701007962226868,
            "recall": 0.8701007962226868,
            "f1": 0.8701007462226896,
            "classification_report": {
                "chihuahua": {
                    "precision": 0.8150087260034904,
                    "recall": 0.9790356394129979,
                    "f1-score": 0.8895238095238095,
                    "support": 477
                },
                "muffin": {
                    "precision": 0.96875,
                    "recall": 0.7451923076923077,
                    "f1-score": 0.842391304347826,
                    "support": 416
                },
                "micro avg": {
                    "precision": 0.8701007838745801,
                    "recall": 0.8701007838745801,
                    "f1-score": 0.8701007838745801,
                    "support": 893
                },
                "macro avg": {
                    "precision": 0.8918793630017452,
                    "recall": 0.8621139735526528,
                    "f1-score": 0.8659575569358178,
                    "support": 893
                },
                "weighted avg": {
                    "precision": 0.8866284012359069,
                    "recall": 0.8701007838745801,
                    "f1-score": 0.8675673457464196,
                    "support": 893
                },
                "samples avg": {
                    "precision": 0.8701007838745801,
                    "recall": 0.8701007838745801,
                    "f1-score": 0.8701007838745801,
                    "support": 893
                }
            }
        }
    },
    "training_history": {
        "accuracy": [
            0.6587499976158142,
            0.7693750262260437,
            0.815625011920929,
            0.8374999761581421,
            0.8462499976158142,
            0.8528125286102295,
            0.8675000071525574,
            0.878125011920929,
            0.8837500214576721,
            0.8899999856948853,
            0.8971874713897705,
            0.9046875238418579,
            0.9040625095367432,
            0.9078124761581421,
            0.9121875166893005,
            0.9206249713897705,
            0.9309375286102295,
            0.9312499761581421,
            0.9384375214576721,
            0.9387500286102295,
            0.9384375214576721,
            0.9300000071525574,
            0.9143750071525574,
            0.9278125166893005,
            0.9278125166893005
        ],
        "loss": [
            0.6187666058540344,
            0.48583680391311646,
            0.42675644159317017,
            0.38407307863235474,
            0.36570316553115845,
            0.3480090796947479,
            0.32170361280441284,
            0.3027046322822571,
            0.2842846214771271,
            0.269538551568985,
            0.2526082992553711,
            0.23276425898075104,
            0.23322539031505585,
            0.22677232325077057,
            0.21952944993972778,
            0.20398755371570587,
            0.17950864136219025,
            0.17604728043079376,
            0.1648769974708557,
            0.1569415032863617,
            0.1595960110425949,
            0.18133755028247833,
            0.20773743093013763,
            0.18276578187942505,
            0.1833927184343338
        ],