{
    "name": "trial_5",
    "start_time": "2024-10-26 19:19:30.943",
    "duration": "0:05:46.832",
    "directory": "/home/krakerlu/github/ImageMLResearch/demo/chihuahua_vs_muffin/experiments/experiment_04/output/trial_5",
    "hyperparameters": {
        "normalization": "standard",
        "batch_size": 128,
        "learning_rate": 5.501885452747271e-05
    },
    "figures": {
        "training_history": "/home/krakerlu/github/ImageMLResearch/demo/chihuahua_vs_muffin/experiments/experiment_04/output/trial_5/training_history.png"
    },
    "evaluation_metrics": {
        "train": {
            "accuracy": 0.9506489634513855,
            "precision": 0.9506489634513855,
            "recall": 0.9506489634513855,
            "f1": 0.9506489134513881,
            "classification_report": {
                "chihuahua": {
                    "precision": 0.9433609404221213,
                    "recall": 0.9684585847504114,
                    "f1-score": 0.9557450263905806,
                    "support": 3646
                },
                "muffin": {
                    "precision": 0.9601109954908081,
                    "recall": 0.9288590604026845,
                    "f1-score": 0.9442265052021149,
                    "support": 2980
                },
                "micro avg": {
                    "precision": 0.9506489586477512,
                    "recall": 0.9506489586477512,
                    "f1-score": 0.9506489586477512,
                    "support": 6626
                },
                "macro avg": {
                    "precision": 0.9517359679564648,
                    "recall": 0.948658822576548,
                    "f1-score": 0.9499857657963477,
                    "support": 6626
                },
                "weighted avg": {
                    "precision": 0.950894167724368,
                    "recall": 0.9506489586477512,
                    "f1-score": 0.9505646471056987,
                    "support": 6626
                },
                "samples avg": {
                    "precision": 0.9506489586477512,
                    "recall": 0.9506489586477512,
                    "f1-score": 0.9506489586477512,
                    "support": 6626
                }
            }
        },
        "val": {
            "accuracy": 0.8561354279518127,
            "precision": 0.8561354279518127,
            "recall": 0.8561354279518127,
            "f1": 0.8561353779518156,
            "classification_report": {
                "chihuahua": {
                    "precision": 0.9452054794520548,
                    "recall": 0.7624309392265194,
                    "f1-score": 0.8440366972477065,
                    "support": 362
                },
                "muffin": {
                    "precision": 0.7937649880095923,
                    "recall": 0.9538904899135446,
                    "f1-score": 0.8664921465968587,
                    "support": 347
                },
                "micro avg": {
                    "precision": 0.8561354019746121,
                    "recall": 0.8561354019746121,
                    "f1-score": 0.8561354019746121,
                    "support": 709
                },
                "macro avg": {
                    "precision": 0.8694852337308235,
                    "recall": 0.8581607145700321,
                    "f1-score": 0.8552644219222826,
                    "support": 709
                },
                "weighted avg": {
                    "precision": 0.871087213541569,
                    "recall": 0.8561354019746121,
                    "f1-score": 0.8550268819080108,
                    "support": 709
                },
                "samples avg": {
                    "precision": 0.8561354019746121,
                    "recall": 0.8561354019746121,
                    "f1-score": 0.8561354019746121,
                    "support": 709
                }
            }
        },
        "test": {
            "accuracy": 0.8734177350997925,
            "precision": 0.8734177350997925,
            "recall": 0.8734177350997925,
            "f1": 0.8734176850997953,
            "classification_report": {
                "chihuahua": {
                    "precision": 0.961038961038961,
                    "recall": 0.7914438502673797,
                    "f1-score": 0.8680351906158358,
                    "support": 374
                },
                "muffin": {
                    "precision": 0.8064516129032258,
                    "recall": 0.9643916913946587,
                    "f1-score": 0.8783783783783784,
                    "support": 337
                },
                "micro avg": {
                    "precision": 0.8734177215189873,
                    "recall": 0.8734177215189873,
                    "f1-score": 0.8734177215189873,
                    "support": 711
                },
                "macro avg": {
                    "precision": 0.8837452869710933,
                    "recall": 0.8779177708310193,
                    "f1-score": 0.8732067844971071,
                    "support": 711
                },
                "weighted avg": {
                    "precision": 0.8877676019366505,
                    "recall": 0.8734177215189873,
                    "f1-score": 0.8729376579519496,
                    "support": 711
                },
                "samples avg": {
                    "precision": 0.8734177215189873,
                    "recall": 0.8734177215189873,
                    "f1-score": 0.8734177215189873,
                    "support": 711
                }
            }
        }
    },
    "training_history": {
        "accuracy": [
            0.7019317746162415,
            0.7725626230239868,
            0.8190461993217468,
            0.8373075723648071,
            0.8599456548690796,
            0.8576818704605103,
            0.8780561685562134,
            0.8949592709541321,
            0.9028071165084839,
            0.9070329070091248,
            0.9011470079421997,
            0.9132206439971924,
            0.9252942800521851,
            0.9314820170402527,
            0.9348022937774658
        ],
        "loss": [
            0.5639805793762207,
            0.48508453369140625,
            0.4105512797832489,
            0.36998820304870605,
            0.33451828360557556,
            0.33224964141845703,
            0.3015822470188141,
            0.26844435930252075,
            0.25362497568130493,
            0.23405273258686066,
            0.25156494975090027,
            0.2237381935119629,
            0.19885757565498352,
            0.18395034968852997,
            0.17027123272418976
        ],
        "val_accuracy": [
            0.798307478427887,
            0.8194640278816223,
            0.8194640278816223,
            0.8208744525909424,
            0.8504936695098877,
            0.8631876111030579,
            0.8377997279167175,
            0.8321579694747925,
            0.8251057863235474,
            0.860366702079773,
            0.8829337358474731,
            0.866008460521698,
            0.8519040942192078,
            0.8533145189285278,
            0.8561354279518127
        ],
        "val_loss": [
            0.4649766981601715,
            0.40971457958221436,
            0.3934673070907593,
            0.40224558115005493,
            0.35501348972320557,
            0.31518492102622986,
            0.39971035718917847,
            0.4143596589565277,
            0.41230446100234985,
            0.3301464915275574,
            0.28834962844848633,
            0.33983269333839417,
            0.3675438463687897,
            0.37282437086105347,
            0.3658936619758606
        ]
    }
}