{
    "name": "trial_89",
    "start_time": "2024-10-23 08:55:46.042",
    "duration": "21.210",
    "directory": "/home/krakerlu/github/ImageMLResearch/demo/chihuahua_vs_muffin/experiments/experiment_05/output/trial_89",
    "hyperparameters": {
        "dense_units": 256,
        "dropout_rate": 0.40166549302181703,
        "learning_rate": 4.472827058679623e-05
    },
    "figures": {
        "model_summary": "/home/krakerlu/github/ImageMLResearch/demo/chihuahua_vs_muffin/experiments/experiment_05/output/trial_89/model_summary.png",
        "confusion_matrix": "/home/krakerlu/github/ImageMLResearch/demo/chihuahua_vs_muffin/experiments/experiment_05/output/trial_89/confusion_matrix.png",
        "training_history": "/home/krakerlu/github/ImageMLResearch/demo/chihuahua_vs_muffin/experiments/experiment_05/output/trial_89/training_history.png"
    },
    "evaluation_metrics": {
        "train": {
            "accuracy": 0.9987499713897705,
            "precision": 0.9987499713897705,
            "recall": 0.9987499713897705,
            "f1": 0.998749921389773,
            "classification_report": {
                "chihuahua": {
                    "precision": 0.9988629903354178,
                    "recall": 0.9988629903354178,
                    "f1-score": 0.9988629903354178,
                    "support": 1759
                },
                "muffin": {
                    "precision": 0.9986120749479528,
                    "recall": 0.9986120749479528,
                    "f1-score": 0.9986120749479528,
                    "support": 1441
                },
                "micro avg": {
                    "precision": 0.99875,
                    "recall": 0.99875,
                    "f1-score": 0.99875,
                    "support": 3200
                },
                "macro avg": {
                    "precision": 0.9987375326416853,
                    "recall": 0.9987375326416853,
                    "f1-score": 0.9987375326416853,
                    "support": 3200
                },
                "weighted avg": {
                    "precision": 0.99875,
                    "recall": 0.99875,
                    "f1-score": 0.99875,
                    "support": 3200
                },
                "samples avg": {
                    "precision": 0.99875,
                    "recall": 0.99875,
                    "f1-score": 0.99875,
                    "support": 3200
                }
            }
        },
        "val": {
            "accuracy": 0.987500011920929,
            "precision": 0.987500011920929,
            "recall": 0.987500011920929,
            "f1": 0.9874999619209315,
            "classification_report": {
                "chihuahua": {
                    "precision": 0.9876160990712074,
                    "recall": 0.9876160990712074,
                    "f1-score": 0.9876160990712074,
                    "support": 323
                },
                "muffin": {
                    "precision": 0.9873817034700315,
                    "recall": 0.9873817034700315,
                    "f1-score": 0.9873817034700315,
                    "support": 317
                },
                "micro avg": {
                    "precision": 0.9875,
                    "recall": 0.9875,
                    "f1-score": 0.9875,
                    "support": 640
                },
                "macro avg": {
                    "precision": 0.9874989012706195,
                    "recall": 0.9874989012706195,
                    "f1-score": 0.9874989012706195,
                    "support": 640
                },
                "weighted avg": {
                    "precision": 0.9875,
                    "recall": 0.9875,
                    "f1-score": 0.9875,
                    "support": 640
                },
                "samples avg": {
                    "precision": 0.9875,
                    "recall": 0.9875,
                    "f1-score": 0.9875,
                    "support": 640
                }
            }
        },
        "test": {
            "accuracy": 0.9843224883079529,
            "precision": 0.9843224883079529,
            "recall": 0.9843224883079529,
            "f1": 0.9843224383079554,
            "classification_report": {
                "chihuahua": {
                    "precision": 0.9832985386221295,
                    "recall": 0.9874213836477987,
                    "f1-score": 0.9853556485355649,
                    "support": 477
                },
                "muffin": {
                    "precision": 0.9855072463768116,
                    "recall": 0.9807692307692307,
                    "f1-score": 0.983132530120482,
                    "support": 416
                },
                "micro avg": {
                    "precision": 0.9843225083986562,
                    "recall": 0.9843225083986562,
                    "f1-score": 0.9843225083986562,
                    "support": 893
                },
                "macro avg": {
                    "precision": 0.9844028924994705,
                    "recall": 0.9840953072085148,
                    "f1-score": 0.9842440893280234,
                    "support": 893
                },
                "weighted avg": {
                    "precision": 0.9843274551125525,
                    "recall": 0.9843225083986562,
                    "f1-score": 0.9843200189043505,
                    "support": 893
                },
                "samples avg": {
                    "precision": 0.9843225083986562,
                    "recall": 0.9843225083986562,
                    "f1-score": 0.9843225083986562,
                    "support": 893
                }
            }
        }
    },
    "training_history": {
        "accuracy": [
            0.7578125,
            0.9203125238418579,
            0.953125,
            0.965624988079071,
            0.9706249833106995,
            0.9693750143051147,
            0.9781249761581421,
            0.9809374809265137,
            0.9818750023841858,
            0.9840624928474426,
            0.9859374761581421,
            0.9865624904632568,
            0.9859374761581421,
            0.9868749976158142,
            0.9903125166893005,
            0.9909374713897705,
            0.9881250262260437,
            0.9925000071525574,
            0.9887499809265137,
            0.9928125143051147,
            0.9918749928474426,
            0.9943749904632568,
            0.9950000047683716,
            0.9956250190734863,
            0.9950000047683716
        ],
        "loss": [
            0.521414577960968,
            0.21110208332538605,
            0.1366197168827057,
            0.10069253295660019,
            0.08607078343629837,
            0.07961539924144745,
            0.06291351467370987,
            0.0540449284017086,
            0.05355116352438927,
            0.04626566544175148,
            0.04171603173017502,
            0.04295643791556358,
            0.03805677965283394,
            0.037421222776174545,
            0.03041117452085018,
            0.02948961779475212,
            0.030634742230176926,
            0.024905521422624588,
            0.030232736840844154,
            0.023653926327824593,
            0.02255847677588463,
            0.021296100690960884,
            0.020312907174229622,
            0.01947542279958725,
            0.01802964136004448
        ],