{
    "name": "trial_100",
    "start_time": "2024-10-27 15:12:13.996",
    "duration": "0:05:47.406",
    "directory": "/home/krakerlu/github/ImageMLResearch/demo/chihuahua_vs_muffin/experiments/experiment_04/output/trial_100",
    "hyperparameters": {
        "normalization": "standard",
        "batch_size": 128,
        "learning_rate": 5.5780621680769646e-05
    },
    "figures": {
        "training_history": "/home/krakerlu/github/ImageMLResearch/demo/chihuahua_vs_muffin/experiments/experiment_04/output/trial_100/training_history.png"
    },
    "evaluation_metrics": {
        "train": {
            "accuracy": 0.935405969619751,
            "precision": 0.935405969619751,
            "recall": 0.935405969619751,
            "f1": 0.9354059196197536,
            "classification_report": {
                "chihuahua": {
                    "precision": 0.9048817312531454,
                    "recall": 0.986286341195831,
                    "f1-score": 0.9438320209973753,
                    "support": 3646
                },
                "muffin": {
                    "precision": 0.9811463046757164,
                    "recall": 0.8731543624161073,
                    "f1-score": 0.9240056818181818,
                    "support": 2980
                },
                "micro avg": {
                    "precision": 0.9354059764563839,
                    "recall": 0.9354059764563839,
                    "f1-score": 0.9354059764563839,
                    "support": 6626
                },
                "macro avg": {
                    "precision": 0.9430140179644309,
                    "recall": 0.9297203518059691,
                    "f1-score": 0.9339188514077785,
                    "support": 6626
                },
                "weighted avg": {
                    "precision": 0.9391812224694542,
                    "recall": 0.9354059764563839,
                    "f1-score": 0.9349152551123773,
                    "support": 6626
                },
                "samples avg": {
                    "precision": 0.9354059764563839,
                    "recall": 0.9354059764563839,
                    "f1-score": 0.9354059764563839,
                    "support": 6626
                }
            }
        },
        "val": {
            "accuracy": 0.8829337358474731,
            "precision": 0.8829337358474731,
            "recall": 0.8829337358474731,
            "f1": 0.882933685847476,
            "classification_report": {
                "chihuahua": {
                    "precision": 0.926605504587156,
                    "recall": 0.8370165745856354,
                    "f1-score": 0.8795355587808418,
                    "support": 362
                },
                "muffin": {
                    "precision": 0.8455497382198953,
                    "recall": 0.930835734870317,
                    "f1-score": 0.8861454046639232,
                    "support": 347
                },
                "micro avg": {
                    "precision": 0.8829337094499294,
                    "recall": 0.8829337094499294,
                    "f1-score": 0.8829337094499294,
                    "support": 709
                },
                "macro avg": {
                    "precision": 0.8860776214035256,
                    "recall": 0.8839261547279762,
                    "f1-score": 0.8828404817223825,
                    "support": 709
                },
                "weighted avg": {
                    "precision": 0.8869350519363247,
                    "recall": 0.8829337094499294,
                    "f1-score": 0.8827705609267222,
                    "support": 709
                },
                "samples avg": {
                    "precision": 0.8829337094499294,
                    "recall": 0.8829337094499294,
                    "f1-score": 0.8829337094499294,
                    "support": 709
                }
            }
        },
        "test": {
            "accuracy": 0.8931083083152771,
            "precision": 0.8931083083152771,
            "recall": 0.8931083083152771,
            "f1": 0.8931082583152798,
            "classification_report": {
                "chihuahua": {
                    "precision": 0.9162011173184358,
                    "recall": 0.8770053475935828,
                    "f1-score": 0.8961748633879781,
                    "support": 374
                },
                "muffin": {
                    "precision": 0.8696883852691218,
                    "recall": 0.9109792284866469,
                    "f1-score": 0.8898550724637682,
                    "support": 337
                },
                "micro avg": {
                    "precision": 0.8931082981715893,
                    "recall": 0.8931082981715893,
                    "f1-score": 0.8931082981715893,
                    "support": 711
                },
                "macro avg": {
                    "precision": 0.8929447512937788,
                    "recall": 0.8939922880401149,
                    "f1-score": 0.8930149679258732,
                    "support": 711
                },
                "weighted avg": {
                    "precision": 0.8941549981895767,
                    "recall": 0.8931082981715893,
                    "f1-score": 0.8931794069302302,
                    "support": 711
                },
                "samples avg": {
                    "precision": 0.8931082981715893,
                    "recall": 0.8931082981715893,
                    "f1-score": 0.8931082981715893,
                    "support": 711
                }
            }
        }
    },
    "training_history": {
        "accuracy": [
            0.7013280987739563,
            0.7709025144577026,
            0.822819173336029,
            0.8514941334724426,
            0.8726230263710022,
            0.8871113657951355,
            0.8942046761512756,
            0.9067310690879822,
            0.9111077785491943,
            0.9132206439971924,
            0.9251433610916138,
            0.9301237463951111,
            0.9357078075408936,
            0.9186537861824036,
            0.9148807525634766
        ],
        "loss": [
            0.5701692700386047,
            0.48522356152534485,
            0.4020686149597168,
            0.3480862081050873,
            0.3137202560901642,
            0.28451740741729736,
            0.26453697681427,
            0.24597178399562836,
            0.2282395213842392,
            0.22081126272678375,
            0.20132747292518616,
            0.18479424715042114,
            0.17470093071460724,
            0.2035643458366394,
            0.21132148802280426
        ],
        "val_accuracy": [
            0.7870239615440369,
            0.8081805109977722,
            0.7968970537185669,
            0.8124118447303772,
            0.8335683941841125,
            0.8420310020446777,
            0.8406205773353577,
            0.8504936695098877,
            0.8561354279518127,
            0.8251057863235474,
            0.8476727604866028,
            0.8645980358123779,
            0.8504936695098877,
            0.8871650099754333,
            0.8829337358474731
        ],
        "val_loss": [
            0.46838322281837463,
            0.4156253933906555,
            0.4630511701107025,
            0.45186033844947815,
            0.40342164039611816,
            0.3738708794116974,
            0.37885066866874695,
            0.3469863533973694,
            0.3235613703727722,
            0.42204612493515015,
            0.3586057424545288,
            0.31445857882499695,
            0.360907644033432,
            0.2732624411582947,
            0.2821822464466095
        ]
    }
}