{
    "name": "Trial 3",
    "start_time": "2024-08-01 15:14:42.920",
    "duration": "06.529",
    "directory": "/home/krakerlu/github/ImageMLResearch/demo/mnist_digits_experiment/outputs/Trial_3",
    "hyperparameters": {
        "units1": 128,
        "units2": 64,
        "dropout1": 0.3,
        "dropout2": 0.3,
        "learning_rate": 0.001
    },
    "figures": {
        "model_summary": "/home/krakerlu/github/ImageMLResearch/demo/mnist_digits_experiment/outputs/Trial_3/model_summary.png",
        "training_history": "/home/krakerlu/github/ImageMLResearch/demo/mnist_digits_experiment/outputs/Trial_3/training_history.png",
        "confusion_matrix": "/home/krakerlu/github/ImageMLResearch/demo/mnist_digits_experiment/outputs/Trial_3/confusion_matrix.png",
        "results": "/home/krakerlu/github/ImageMLResearch/demo/mnist_digits_experiment/outputs/Trial_3/results.png"
    },
    "evaluation_metrics": {
        "train": {
            "accuracy": 0.9834428429603577,
            "precision": 0.9442052841186523,
            "recall": 0.8929821252822876,
            "f1": 0.9178795708119885,
            "classification_report": {
                "Digit 0": {
                    "precision": 0.9662777980313525,
                    "recall": 0.9589363241678727,
                    "f1-score": 0.9625930633738877,
                    "support": 5528
                },
                "Digit 1": {
                    "precision": 0.9667412855772306,
                    "recall": 0.9651979565772669,
                    "f1-score": 0.965969004633328,
                    "support": 6264
                },
                "Digit 2": {
                    "precision": 0.889566277651977,
                    "recall": 0.9158895265423243,
                    "f1-score": 0.9025360077759124,
                    "support": 5576
                },
                "Digit 3": {
                    "precision": 0.8546191247974068,
                    "recall": 0.9207263837960538,
                    "f1-score": 0.886441960158023,
                    "support": 5727
                },
                "Digit 4": {
                    "precision": 0.8807731782415327,
                    "recall": 0.943040293040293,
                    "f1-score": 0.9108437997523439,
                    "support": 5460
                },
                "Digit 5": {
                    "precision": 0.9155746509129967,
                    "recall": 0.8442947702060222,
                    "f1-score": 0.8784911882922808,
                    "support": 5048
                },
                "Digit 6": {
                    "precision": 0.9495934959349593,
                    "recall": 0.9528643944887599,
                    "f1-score": 0.9512261333815945,
                    "support": 5516
                },
                "Digit 7": {
                    "precision": 0.939066852367688,
                    "recall": 0.919849931787176,
                    "f1-score": 0.9293590627153687,
                    "support": 5864
                },
                "Digit 8": {
                    "precision": 0.8959668300037693,
                    "recall": 0.8722935779816514,
                    "f1-score": 0.8839717367050949,
                    "support": 5450
                },
                "Digit 9": {
                    "precision": 0.9162074862245867,
                    "recall": 0.8661756781031076,
                    "f1-score": 0.8904893813481071,
                    "support": 5567
                },
                "micro avg": {
                    "precision": 0.9172142857142858,
                    "recall": 0.9172142857142858,
                    "f1-score": 0.9172142857142858,
                    "support": 56000
                },
                "macro avg": {
                    "precision": 0.9174386979743498,
                    "recall": 0.9159268836690527,
                    "f1-score": 0.916192133813594,
                    "support": 56000
                },
                "weighted avg": {
                    "precision": 0.918051978722804,
                    "recall": 0.9172142857142858,
                    "f1-score": 0.9171570374319323,
                    "support": 56000
                },
                "samples avg": {
                    "precision": 0.9172142857142858,
                    "recall": 0.9172142857142858,
                    "f1-score": 0.9172142857142858,
                    "support": 56000
                }
            }
        },
        "val": {
            "accuracy": 0.9825974702835083,
            "precision": 0.9382379651069641,
            "recall": 0.8884747624397278,
            "f1": 0.9126784906633456,
            "classification_report": {
                "Digit 0": {
                    "precision": 0.9644444444444444,
                    "recall": 0.9545454545454546,
                    "f1-score": 0.9594694178334562,
                    "support": 682
                },
                "Digit 1": {
                    "precision": 0.970550576184379,
                    "recall": 0.9668367346938775,
                    "f1-score": 0.9686900958466453,
                    "support": 784
                },
                "Digit 2": {
                    "precision": 0.9019886363636364,
                    "recall": 0.9019886363636364,
                    "f1-score": 0.9019886363636364,
                    "support": 704
                },
                "Digit 3": {
                    "precision": 0.8347406513872135,
                    "recall": 0.9313593539703903,
                    "f1-score": 0.8804071246819338,
                    "support": 743
                },
                "Digit 4": {
                    "precision": 0.8677462887989204,
                    "recall": 0.9455882352941176,
                    "f1-score": 0.9049964813511612,
                    "support": 680
                },
                "Digit 5": {
                    "precision": 0.9193548387096774,
                    "recall": 0.8479338842975207,
                    "f1-score": 0.882201203783319,
                    "support": 605
                },
                "Digit 6": {
                    "precision": 0.9441087613293051,
                    "recall": 0.9484066767830045,
                    "f1-score": 0.9462528387585163,
                    "support": 659
                },
                "Digit 7": {
                    "precision": 0.9350282485875706,
                    "recall": 0.927170868347339,
                    "f1-score": 0.9310829817158931,
                    "support": 714
                },
                "Digit 8": {
                    "precision": 0.8870229007633588,
                    "recall": 0.8494152046783626,
                    "f1-score": 0.8678117998506348,
                    "support": 684
                },
                "Digit 9": {
                    "precision": 0.918552036199095,
                    "recall": 0.8446601941747572,
                    "f1-score": 0.880057803468208,
                    "support": 721
                },
                "micro avg": {
                    "precision": 0.9129873853211009,
                    "recall": 0.9129873853211009,
                    "f1-score": 0.9129873853211009,
                    "support": 6976
                },
                "macro avg": {
                    "precision": 0.9143537382767601,
                    "recall": 0.911790524314846,
                    "f1-score": 0.9122958383653405,
                    "support": 6976
                },
                "weighted avg": {
                    "precision": 0.9144108007528965,
                    "recall": 0.9129873853211009,
                    "f1-score": 0.9129245734572796,
                    "support": 6976
                },
                "samples avg": {
                    "precision": 0.9129873853211009,
                    "recall": 0.9129873853211009,