{
    "name": "trial_58",
    "start_time": "2024-10-27 10:45:03.247",
    "duration": "0:05:47.130",
    "directory": "/home/krakerlu/github/ImageMLResearch/demo/chihuahua_vs_muffin/experiments/experiment_04/output/trial_58",
    "hyperparameters": {
        "normalization": "standard",
        "batch_size": 128,
        "learning_rate": 7.228703194721559e-05
    },
    "figures": {
        "training_history": "/home/krakerlu/github/ImageMLResearch/demo/chihuahua_vs_muffin/experiments/experiment_04/output/trial_58/training_history.png"
    },
    "evaluation_metrics": {
        "train": {
            "accuracy": 0.9625716805458069,
            "precision": 0.9625716805458069,
            "recall": 0.9625716805458069,
            "f1": 0.9625716305458094,
            "classification_report": {
                "chihuahua": {
                    "precision": 0.9417576703068122,
                    "recall": 0.9934174437739989,
                    "f1-score": 0.9668980245595301,
                    "support": 3646
                },
                "muffin": {
                    "precision": 0.9913669064748202,
                    "recall": 0.9248322147651007,
                    "f1-score": 0.9569444444444445,
                    "support": 2980
                },
                "micro avg": {
                    "precision": 0.9625716872924841,
                    "recall": 0.9625716872924841,
                    "f1-score": 0.9625716872924841,
                    "support": 6626
                },
                "macro avg": {
                    "precision": 0.9665622883908163,
                    "recall": 0.9591248292695498,
                    "f1-score": 0.9619212345019873,
                    "support": 6626
                },
                "weighted avg": {
                    "precision": 0.9640690985864174,
                    "recall": 0.9625716872924841,
                    "f1-score": 0.9624214672484894,
                    "support": 6626
                },
                "samples avg": {
                    "precision": 0.9625716872924841,
                    "recall": 0.9625716872924841,
                    "f1-score": 0.9625716872924841,
                    "support": 6626
                }
            }
        },
        "val": {
            "accuracy": 0.8857545852661133,
            "precision": 0.8857545852661133,
            "recall": 0.8857545852661133,
            "f1": 0.885754535266116,
            "classification_report": {
                "chihuahua": {
                    "precision": 0.9296636085626911,
                    "recall": 0.8397790055248618,
                    "f1-score": 0.8824383164005806,
                    "support": 362
                },
                "muffin": {
                    "precision": 0.8481675392670157,
                    "recall": 0.9337175792507204,
                    "f1-score": 0.8888888888888888,
                    "support": 347
                },
                "micro avg": {
                    "precision": 0.8857545839210155,
                    "recall": 0.8857545839210155,
                    "f1-score": 0.8857545839210155,
                    "support": 709
                },
                "macro avg": {
                    "precision": 0.8889155739148534,
                    "recall": 0.8867482923877912,
                    "f1-score": 0.8856636026447346,
                    "support": 709
                },
                "weighted avg": {
                    "precision": 0.8897776620949911,
                    "recall": 0.8857545839210155,
                    "f1-score": 0.8855953666875239,
                    "support": 709
                },
                "samples avg": {
                    "precision": 0.8857545839210155,
                    "recall": 0.8857545839210155,
                    "f1-score": 0.8857545839210155,
                    "support": 709
                }
            }
        },
        "test": {
            "accuracy": 0.8931083083152771,
            "precision": 0.8931083083152771,
            "recall": 0.8931083083152771,
            "f1": 0.8931082583152798,
            "classification_report": {
                "chihuahua": {
                    "precision": 0.930635838150289,
                    "recall": 0.8609625668449198,
                    "f1-score": 0.8944444444444445,
                    "support": 374
                },
                "muffin": {
                    "precision": 0.8575342465753425,
                    "recall": 0.9287833827893175,
                    "f1-score": 0.8917378917378918,
                    "support": 337
                },
                "micro avg": {
                    "precision": 0.8931082981715893,
                    "recall": 0.8931082981715893,
                    "f1-score": 0.8931082981715893,
                    "support": 711
                },
                "macro avg": {
                    "precision": 0.8940850423628157,
                    "recall": 0.8948729748171187,
                    "f1-score": 0.8930911680911682,
                    "support": 711
                },
                "weighted avg": {
                    "precision": 0.8959871231562566,
                    "recall": 0.8931082981715893,
                    "f1-score": 0.893161591755122,
                    "support": 711
                },
                "samples avg": {
                    "precision": 0.8931082981715893,
                    "recall": 0.8931082981715893,
                    "f1-score": 0.8931082981715893,
                    "support": 711
                }
            }
        }
    },
    "training_history": {
        "accuracy": [
            0.7103833556175232,
            0.7719589471817017,
            0.8341382145881653,
            0.8578327894210815,
            0.8834893107414246,
            0.8910353183746338,
            0.9035617113113403,
            0.9160881638526917,
            0.9215213060379028,
            0.9287654757499695,
            0.9278599619865417,
            0.9400845170021057,
            0.9452158212661743,
            0.9507998824119568,
            0.9504980444908142
        ],
        "loss": [
            0.5572798848152161,
            0.4819602370262146,
            0.38713857531547546,
            0.33425575494766235,
            0.2916510999202728,
            0.26925817131996155,
            0.23984527587890625,
            0.2164641171693802,
            0.19709812104701996,
            0.17978166043758392,
            0.1805659979581833,
            0.15736617147922516,
            0.14380121231079102,
            0.1329878866672516,
            0.13192006945610046
        ],
        "val_accuracy": [
            0.7912552952766418,
            0.8011283278465271,
            0.8392101526260376,
            0.8363893032073975,
            0.8561354279518127,
            0.8349788188934326,
            0.8349788188934326,
            0.8448519110679626,
            0.871650218963623,
            0.8871650099754333,
            0.8744710683822632,
            0.8674188852310181,
            0.8871650099754333,
            0.8885754346847534,
            0.8857545852661133
        ],
        "val_loss": [
            0.4629267752170563,
            0.4264904260635376,
            0.370658278465271,
            0.4017716348171234,
            0.3404844403266907,
            0.38824039697647095,
            0.3741544485092163,
            0.35344916582107544,
            0.2972329556941986,
            0.30274757742881775,
            0.32838791608810425,
            0.31264644861221313,
            0.27912798523902893,
            0.2803310453891754,
            0.29513606429100037
        ]
    }
}