{
    "name": "trial_34",
    "start_time": "2024-10-20 11:52:49.591",
    "duration": "29.541",
    "directory": "/home/krakerlu/github/ImageMLResearch/demo/chihuahua_vs_muffin/experiments/experiment_03/output/trial_34",
    "hyperparameters": {
        "units1": 128,
        "kernel_size1": 3,
        "units2": 64,
        "kernel_size2": 5,
        "dense_units": 128,
        "dropout_rate": 0.14195976501675875,
        "learning_rate": 0.0001229566857371417
    },
    "figures": {
        "model_summary": "/home/krakerlu/github/ImageMLResearch/demo/chihuahua_vs_muffin/experiments/experiment_03/output/trial_34/model_summary.png",
        "confusion_matrix": "/home/krakerlu/github/ImageMLResearch/demo/chihuahua_vs_muffin/experiments/experiment_03/output/trial_34/confusion_matrix.png",
        "training_history": "/home/krakerlu/github/ImageMLResearch/demo/chihuahua_vs_muffin/experiments/experiment_03/output/trial_34/training_history.png"
    },
    "evaluation_metrics": {
        "train": {
            "accuracy": 0.9424999952316284,
            "precision": 0.9424999952316284,
            "recall": 0.9424999952316284,
            "f1": 0.942499945231631,
            "classification_report": {
                "chihuahua": {
                    "precision": 0.9120879120879121,
                    "recall": 0.9909039226833428,
                    "f1-score": 0.9498637602179837,
                    "support": 1759
                },
                "muffin": {
                    "precision": 0.9875872769588828,
                    "recall": 0.8834142956280361,
                    "f1-score": 0.9326007326007326,
                    "support": 1441
                },
                "micro avg": {
                    "precision": 0.9425,
                    "recall": 0.9425,
                    "f1-score": 0.9425,
                    "support": 3200
                },
                "macro avg": {
                    "precision": 0.9498375945233974,
                    "recall": 0.9371591091556895,
                    "f1-score": 0.9412322464093581,
                    "support": 3200
                },
                "weighted avg": {
                    "precision": 0.9460862198313711,
                    "recall": 0.9425,
                    "f1-score": 0.9420900030940902,
                    "support": 3200
                },
                "samples avg": {
                    "precision": 0.9425,
                    "recall": 0.9425,
                    "f1-score": 0.9425,
                    "support": 3200
                }
            }
        },
        "val": {
            "accuracy": 0.8765624761581421,
            "precision": 0.8765624761581421,
            "recall": 0.8765624761581421,
            "f1": 0.876562426158145,
            "classification_report": {
                "chihuahua": {
                    "precision": 0.8351648351648352,
                    "recall": 0.9411764705882353,
                    "f1-score": 0.8850072780203785,
                    "support": 323
                },
                "muffin": {
                    "precision": 0.9311594202898551,
                    "recall": 0.8107255520504731,
                    "f1-score": 0.866779089376054,
                    "support": 317
                },
                "micro avg": {
                    "precision": 0.8765625,
                    "recall": 0.8765625,
                    "f1-score": 0.8765625,
                    "support": 640
                },
                "macro avg": {
                    "precision": 0.8831621277273451,
                    "recall": 0.8759510113193543,
                    "f1-score": 0.8758931836982162,
                    "support": 640
                },
                "weighted avg": {
                    "precision": 0.8827121531095716,
                    "recall": 0.8765625,
                    "f1-score": 0.8759786283324864,
                    "support": 640
                },
                "samples avg": {
                    "precision": 0.8765625,
                    "recall": 0.8765625,
                    "f1-score": 0.8765625,
                    "support": 640
                }
            }
        },
        "test": {
            "accuracy": 0.8846584558486938,
            "precision": 0.8846584558486938,
            "recall": 0.8846584558486938,
            "f1": 0.8846584058486966,
            "classification_report": {
                "chihuahua": {
                    "precision": 0.8450184501845018,
                    "recall": 0.960167714884696,
                    "f1-score": 0.8989205103042198,
                    "support": 477
                },
                "muffin": {
                    "precision": 0.9458689458689459,
                    "recall": 0.7980769230769231,
                    "f1-score": 0.8657105606258149,
                    "support": 416
                },
                "micro avg": {
                    "precision": 0.8846584546472565,
                    "recall": 0.8846584546472565,
                    "f1-score": 0.8846584546472565,
                    "support": 893
                },
                "macro avg": {
                    "precision": 0.8954436980267239,
                    "recall": 0.8791223189808095,
                    "f1-score": 0.8823155354650174,
                    "support": 893
                },
                "weighted avg": {
                    "precision": 0.8919991962144332,
                    "recall": 0.8846584546472565,
                    "f1-score": 0.883449805862768,
                    "support": 893
                },
                "samples avg": {
                    "precision": 0.8846584546472565,
                    "recall": 0.8846584546472565,
                    "f1-score": 0.8846584546472565,
                    "support": 893
                }
            }
        }
    },
    "training_history": {
        "accuracy": [
            0.660937488079071,
            0.7637500166893005,
            0.7981250286102295,
            0.823437511920929,
            0.8399999737739563,
            0.8590624928474426,
            0.8606250286102295,
            0.8809375166893005,
            0.8746874928474426,
            0.885937511920929,
            0.8809375166893005,
            0.8878124952316284,
            0.8893749713897705,
            0.8931249976158142,
            0.9078124761581421,
            0.9181249737739563,
            0.9200000166893005,
            0.925000011920929,
            0.9271875023841858,
            0.9246875047683716,
            0.8968750238418579,
            0.9156249761581421,
            0.9268749952316284,
            0.9325000047683716,
            0.9381250143051147
        ],
        "loss": [
            0.6225534081459045,
            0.4943626821041107,
            0.43998265266418457,
            0.4055539071559906,
            0.3753467798233032,
            0.3451686501502991,
            0.3213314414024353,
            0.30144116282463074,
            0.2984963357448578,
            0.27675876021385193,
            0.29183337092399597,
            0.2740591764450073,
            0.2750614881515503,
            0.2449338585138321,
            0.22139698266983032,
            0.2112896889448166,
            0.19931241869926453,
            0.18818365037441254,
            0.1923409104347229,
            0.19207198917865753,
            0.24471665918827057,
            0.2196982204914093,
            0.18967615067958832,
            0.17927828431129456,
            0.16713570058345795
        ],