{
    "name": "trial_92",
    "start_time": "2024-10-20 12:24:19.766",
    "duration": "22.137",
    "directory": "/home/krakerlu/github/ImageMLResearch/demo/chihuahua_vs_muffin/experiments/experiment_03/output/trial_92",
    "hyperparameters": {
        "units1": 64,
        "kernel_size1": 3,
        "units2": 64,
        "kernel_size2": 7,
        "dense_units": 128,
        "dropout_rate": 0.21804361218625906,
        "learning_rate": 5.4859895855698256e-05
    },
    "figures": {
        "model_summary": "/home/krakerlu/github/ImageMLResearch/demo/chihuahua_vs_muffin/experiments/experiment_03/output/trial_92/model_summary.png",
        "confusion_matrix": "/home/krakerlu/github/ImageMLResearch/demo/chihuahua_vs_muffin/experiments/experiment_03/output/trial_92/confusion_matrix.png",
        "training_history": "/home/krakerlu/github/ImageMLResearch/demo/chihuahua_vs_muffin/experiments/experiment_03/output/trial_92/training_history.png"
    },
    "evaluation_metrics": {
        "train": {
            "accuracy": 0.9259374737739563,
            "precision": 0.9259374737739563,
            "recall": 0.9259374737739563,
            "f1": 0.9259374237739589,
            "classification_report": {
                "chihuahua": {
                    "precision": 0.9487028301886793,
                    "recall": 0.9147242751563388,
                    "f1-score": 0.9314037626628076,
                    "support": 1759
                },
                "muffin": {
                    "precision": 0.9002659574468085,
                    "recall": 0.9396252602359473,
                    "f1-score": 0.9195246179966045,
                    "support": 1441
                },
                "micro avg": {
                    "precision": 0.9259375,
                    "recall": 0.9259375,
                    "f1-score": 0.9259375,
                    "support": 3200
                },
                "macro avg": {
                    "precision": 0.9244843938177438,
                    "recall": 0.927174767696143,
                    "f1-score": 0.9254641903297061,
                    "support": 3200
                },
                "weighted avg": {
                    "precision": 0.9268911009321056,
                    "recall": 0.9259375,
                    "f1-score": 0.9260544353303081,
                    "support": 3200
                },
                "samples avg": {
                    "precision": 0.9259375,
                    "recall": 0.9259375,
                    "f1-score": 0.9259375,
                    "support": 3200
                }
            }
        },
        "val": {
            "accuracy": 0.903124988079071,
            "precision": 0.903124988079071,
            "recall": 0.903124988079071,
            "f1": 0.9031249380790738,
            "classification_report": {
                "chihuahua": {
                    "precision": 0.9040247678018576,
                    "recall": 0.9040247678018576,
                    "f1-score": 0.9040247678018576,
                    "support": 323
                },
                "muffin": {
                    "precision": 0.9022082018927445,
                    "recall": 0.9022082018927445,
                    "f1-score": 0.9022082018927445,
                    "support": 317
                },
                "micro avg": {
                    "precision": 0.903125,
                    "recall": 0.903125,
                    "f1-score": 0.903125,
                    "support": 640
                },
                "macro avg": {
                    "precision": 0.903116484847301,
                    "recall": 0.903116484847301,
                    "f1-score": 0.903116484847301,
                    "support": 640
                },
                "weighted avg": {
                    "precision": 0.903125,
                    "recall": 0.903125,
                    "f1-score": 0.903125,
                    "support": 640
                },
                "samples avg": {
                    "precision": 0.903125,
                    "recall": 0.903125,
                    "f1-score": 0.903125,
                    "support": 640
                }
            }
        },
        "test": {
            "accuracy": 0.8969764709472656,
            "precision": 0.8969764709472656,
            "recall": 0.8969764709472656,
            "f1": 0.8969764209472684,
            "classification_report": {
                "chihuahua": {
                    "precision": 0.9139784946236559,
                    "recall": 0.8909853249475891,
                    "f1-score": 0.9023354564755839,
                    "support": 477
                },
                "muffin": {
                    "precision": 0.8785046728971962,
                    "recall": 0.9038461538461539,
                    "f1-score": 0.8909952606635071,
                    "support": 416
                },
                "micro avg": {
                    "precision": 0.896976483762598,
                    "recall": 0.896976483762598,
                    "f1-score": 0.896976483762598,
                    "support": 893
                },
                "macro avg": {
                    "precision": 0.8962415837604261,
                    "recall": 0.8974157393968715,
                    "f1-score": 0.8966653585695454,
                    "support": 893
                },
                "weighted avg": {
                    "precision": 0.8974531756558987,
                    "recall": 0.896976483762598,
                    "f1-score": 0.8970526776874271,
                    "support": 893
                },
                "samples avg": {
                    "precision": 0.896976483762598,
                    "recall": 0.896976483762598,
                    "f1-score": 0.896976483762598,
                    "support": 893
                }
            }
        }
    },
    "training_history": {
        "accuracy": [
            0.5956249833106995,
            0.7418749928474426,
            0.7834374904632568,
            0.8090624809265137,
            0.8228124976158142,
            0.8428124785423279,
            0.8450000286102295,
            0.8600000143051147,
            0.8631250262260437,
            0.8618749976158142,
            0.8725000023841858,
            0.8696874976158142,
            0.8831250071525574,
            0.8853124976158142,
            0.8918750286102295,
            0.8971874713897705,
            0.8909375071525574,
            0.8968750238418579,
            0.9037500023841858,
            0.9128124713897705,
            0.9068750143051147,
            0.9115625023841858,
            0.9143750071525574,
            0.9178125262260437,
            0.9231250286102295
        ],
        "loss": [
            0.6694939136505127,
            0.5523887872695923,
            0.4822050929069519,
            0.44208258390426636,
            0.4030104875564575,
            0.3722268044948578,
            0.3657582104206085,
            0.34925705194473267,
            0.3299904763698578,
            0.3258872330188751,
            0.3139534890651703,
            0.31010282039642334,
            0.2911038398742676,
            0.27750706672668457,
            0.2749617099761963,
            0.25690868496894836,
            0.26047149300575256,
            0.2521684765815735,
            0.23949426412582397,
            0.22562825679779053,
            0.22490639984607697,
            0.2245505452156067,
            0.21542827785015106,
            0.20940172672271729,
            0.19876474142074585
        ],