{
    "name": "trial_69",
    "start_time": "2024-10-23 08:48:00.221",
    "duration": "21.091",
    "directory": "/home/krakerlu/github/ImageMLResearch/demo/chihuahua_vs_muffin/experiments/experiment_05/output/trial_69",
    "hyperparameters": {
        "dense_units": 512,
        "dropout_rate": 0.4175081029473965,
        "learning_rate": 1.1297334059161129e-05
    },
    "figures": {
        "model_summary": "/home/krakerlu/github/ImageMLResearch/demo/chihuahua_vs_muffin/experiments/experiment_05/output/trial_69/model_summary.png",
        "confusion_matrix": "/home/krakerlu/github/ImageMLResearch/demo/chihuahua_vs_muffin/experiments/experiment_05/output/trial_69/confusion_matrix.png",
        "training_history": "/home/krakerlu/github/ImageMLResearch/demo/chihuahua_vs_muffin/experiments/experiment_05/output/trial_69/training_history.png"
    },
    "evaluation_metrics": {
        "train": {
            "accuracy": 0.9906250238418579,
            "precision": 0.9906250238418579,
            "recall": 0.9906250238418579,
            "f1": 0.9906249738418604,
            "classification_report": {
                "chihuahua": {
                    "precision": 0.989247311827957,
                    "recall": 0.9937464468447982,
                    "f1-score": 0.9914917753828701,
                    "support": 1759
                },
                "muffin": {
                    "precision": 0.9923237962316818,
                    "recall": 0.9868147120055517,
                    "f1-score": 0.9895615866388309,
                    "support": 1441
                },
                "micro avg": {
                    "precision": 0.990625,
                    "recall": 0.990625,
                    "f1-score": 0.990625,
                    "support": 3200
                },
                "macro avg": {
                    "precision": 0.9907855540298194,
                    "recall": 0.990280579425175,
                    "f1-score": 0.9905266810108505,
                    "support": 3200
                },
                "weighted avg": {
                    "precision": 0.9906326912110093,
                    "recall": 0.990625,
                    "f1-score": 0.99062258726407,
                    "support": 3200
                },
                "samples avg": {
                    "precision": 0.990625,
                    "recall": 0.990625,
                    "f1-score": 0.990625,
                    "support": 3200
                }
            }
        },
        "val": {
            "accuracy": 0.989062488079071,
            "precision": 0.989062488079071,
            "recall": 0.989062488079071,
            "f1": 0.9890624380790736,
            "classification_report": {
                "chihuahua": {
                    "precision": 0.9846625766871165,
                    "recall": 0.9938080495356038,
                    "f1-score": 0.9892141756548536,
                    "support": 323
                },
                "muffin": {
                    "precision": 0.9936305732484076,
                    "recall": 0.9842271293375394,
                    "f1-score": 0.9889064976228209,
                    "support": 317
                },
                "micro avg": {
                    "precision": 0.9890625,
                    "recall": 0.9890625,
                    "f1-score": 0.9890625,
                    "support": 640
                },
                "macro avg": {
                    "precision": 0.9891465749677621,
                    "recall": 0.9890175894365716,
                    "f1-score": 0.9890603366388373,
                    "support": 640
                },
                "weighted avg": {
                    "precision": 0.989104537483881,
                    "recall": 0.9890625,
                    "f1-score": 0.9890617788796124,
                    "support": 640
                },
                "samples avg": {
                    "precision": 0.9890625,
                    "recall": 0.9890625,
                    "f1-score": 0.9890625,
                    "support": 640
                }
            }
        },
        "test": {
            "accuracy": 0.9843224883079529,
            "precision": 0.9843224883079529,
            "recall": 0.9843224883079529,
            "f1": 0.9843224383079554,
            "classification_report": {
                "chihuahua": {
                    "precision": 0.9812889812889813,
                    "recall": 0.989517819706499,
                    "f1-score": 0.9853862212943633,
                    "support": 477
                },
                "muffin": {
                    "precision": 0.9878640776699029,
                    "recall": 0.9783653846153846,
                    "f1-score": 0.9830917874396136,
                    "support": 416
                },
                "micro avg": {
                    "precision": 0.9843225083986562,
                    "recall": 0.9843225083986562,
                    "f1-score": 0.9843225083986562,
                    "support": 893
                },
                "macro avg": {
                    "precision": 0.9845765294794422,
                    "recall": 0.9839416021609417,
                    "f1-score": 0.9842390043669884,
                    "support": 893
                },
                "weighted avg": {
                    "precision": 0.9843519601181676,
                    "recall": 0.9843225083986562,
                    "f1-score": 0.9843173696890152,
                    "support": 893
                },
                "samples avg": {
                    "precision": 0.9843225083986562,
                    "recall": 0.9843225083986562,
                    "f1-score": 0.9843225083986562,
                    "support": 893
                }
            }
        }
    },
    "training_history": {
        "accuracy": [
            0.5756250023841858,
            0.7275000214576721,
            0.8296874761581421,
            0.8934375047683716,
            0.9146875143051147,
            0.9300000071525574,
            0.9431250095367432,
            0.9503124952316284,
            0.9599999785423279,
            0.9581249952316284,
            0.9674999713897705,
            0.9668750166893005,
            0.9715625047683716,
            0.9703124761581421,
            0.9700000286102295,
            0.9759374856948853,
            0.9768750071525574,
            0.9746875166893005,
            0.9781249761581421,
            0.9775000214576721,
            0.9809374809265137,
            0.9821875095367432,
            0.9850000143051147,
            0.9828125238418579,
            0.9834374785423279
        ],
        "loss": [
            0.8667490482330322,
            0.5408346652984619,
            0.381900817155838,
            0.2802543342113495,
            0.2307930588722229,
            0.1964392066001892,
            0.16709701716899872,
            0.14611800014972687,
            0.12682227790355682,
            0.1220451146364212,
            0.10517015308141708,
            0.10422460734844208,
            0.09008332341909409,
            0.08894224464893341,
            0.08548233658075333,
            0.07616899162530899,
            0.0725359097123146,
            0.07282331585884094,
            0.06423572450876236,
            0.06432031095027924,
            0.06334096193313599,
            0.05786142498254776,
            0.05128028988838196,
            0.0522305853664875,
            0.052422646433115005
        ],