{
    "name": "trial_17",
    "start_time": "2024-10-20 11:45:29.316",
    "duration": "21.968",
    "directory": "/home/krakerlu/github/ImageMLResearch/demo/chihuahua_vs_muffin/experiments/experiment_03/output/trial_17",
    "hyperparameters": {
        "units1": 64,
        "kernel_size1": 7,
        "units2": 16,
        "kernel_size2": 7,
        "dense_units": 256,
        "dropout_rate": 0.21010554521069352,
        "learning_rate": 5.366887988521354e-05
    },
    "figures": {
        "model_summary": "/home/krakerlu/github/ImageMLResearch/demo/chihuahua_vs_muffin/experiments/experiment_03/output/trial_17/model_summary.png",
        "confusion_matrix": "/home/krakerlu/github/ImageMLResearch/demo/chihuahua_vs_muffin/experiments/experiment_03/output/trial_17/confusion_matrix.png",
        "training_history": "/home/krakerlu/github/ImageMLResearch/demo/chihuahua_vs_muffin/experiments/experiment_03/output/trial_17/training_history.png"
    },
    "evaluation_metrics": {
        "train": {
            "accuracy": 0.8803125023841858,
            "precision": 0.8803125023841858,
            "recall": 0.8803125023841858,
            "f1": 0.8803124523841886,
            "classification_report": {
                "chihuahua": {
                    "precision": 0.9174757281553398,
                    "recall": 0.8595793064241046,
                    "f1-score": 0.8875843850895215,
                    "support": 1759
                },
                "muffin": {
                    "precision": 0.8408505154639175,
                    "recall": 0.9056210964607911,
                    "f1-score": 0.8720347477447378,
                    "support": 1441
                },
                "micro avg": {
                    "precision": 0.8803125,
                    "recall": 0.8803125,
                    "f1-score": 0.8803125,
                    "support": 3200
                },
                "macro avg": {
                    "precision": 0.8791631218096287,
                    "recall": 0.8826002014424479,
                    "f1-score": 0.8798095664171297,
                    "support": 3200
                },
                "weighted avg": {
                    "precision": 0.8829704370652337,
                    "recall": 0.8803125,
                    "f1-score": 0.8805821890226986,
                    "support": 3200
                },
                "samples avg": {
                    "precision": 0.8803125,
                    "recall": 0.8803125,
                    "f1-score": 0.8803125,
                    "support": 3200
                }
            }
        },
        "val": {
            "accuracy": 0.8687499761581421,
            "precision": 0.8687499761581421,
            "recall": 0.8687499761581421,
            "f1": 0.868749926158145,
            "classification_report": {
                "chihuahua": {
                    "precision": 0.8722741433021807,
                    "recall": 0.8668730650154799,
                    "f1-score": 0.8695652173913043,
                    "support": 323
                },
                "muffin": {
                    "precision": 0.8652037617554859,
                    "recall": 0.8706624605678234,
                    "f1-score": 0.8679245283018868,
                    "support": 317
                },
                "micro avg": {
                    "precision": 0.86875,
                    "recall": 0.86875,
                    "f1-score": 0.86875,
                    "support": 640
                },
                "macro avg": {
                    "precision": 0.8687389525288333,
                    "recall": 0.8687677627916517,
                    "f1-score": 0.8687448728465956,
                    "support": 640
                },
                "weighted avg": {
                    "precision": 0.8687720949423333,
                    "recall": 0.86875,
                    "f1-score": 0.8687525635767022,
                    "support": 640
                },
                "samples avg": {
                    "precision": 0.86875,
                    "recall": 0.86875,
                    "f1-score": 0.86875,
                    "support": 640
                }
            }
        },
        "test": {
            "accuracy": 0.8689809441566467,
            "precision": 0.8689809441566467,
            "recall": 0.8689809441566467,
            "f1": 0.8689808941566496,
            "classification_report": {
                "chihuahua": {
                    "precision": 0.9017857142857143,
                    "recall": 0.8469601677148847,
                    "f1-score": 0.8735135135135135,
                    "support": 477
                },
                "muffin": {
                    "precision": 0.8359550561797753,
                    "recall": 0.8942307692307693,
                    "f1-score": 0.8641114982578397,
                    "support": 416
                },
                "micro avg": {
                    "precision": 0.8689809630459127,
                    "recall": 0.8689809630459127,
                    "f1-score": 0.8689809630459127,
                    "support": 893
                },
                "macro avg": {
                    "precision": 0.8688703852327448,
                    "recall": 0.870595468472827,
                    "f1-score": 0.8688125058856766,
                    "support": 893
                },
                "weighted avg": {
                    "precision": 0.8711188007671582,
                    "recall": 0.8689809630459127,
                    "f1-score": 0.8691336273473765,
                    "support": 893
                },
                "samples avg": {
                    "precision": 0.8689809630459127,
                    "recall": 0.8689809630459127,
                    "f1-score": 0.8689809630459127,
                    "support": 893
                }
            }
        }
    },
    "training_history": {
        "accuracy": [
            0.559374988079071,
            0.6862499713897705,
            0.7387499809265137,
            0.7618749737739563,
            0.7856249809265137,
            0.8025000095367432,
            0.8140624761581421,
            0.8203125,
            0.8278124928474426,
            0.8321874737739563,
            0.8359375,
            0.8424999713897705,
            0.8421875238418579,
            0.8465625047683716,
            0.8459374904632568,
            0.8434374928474426,
            0.8487499952316284,
            0.8503124713897705,
            0.8550000190734863,
            0.8650000095367432,
            0.8678125143051147,
            0.8693749904632568,
            0.8743749856948853,
            0.8765624761581421,
            0.8762500286102295
        ],
        "loss": [
            0.6812089681625366,
            0.6052223443984985,
            0.5218175649642944,
            0.49711912870407104,
            0.4664326608181,
            0.44681790471076965,
            0.4289725124835968,
            0.4186965227127075,
            0.4068382680416107,
            0.39145079255104065,
            0.38189923763275146,
            0.3755251169204712,
            0.36785370111465454,
            0.3593374490737915,
            0.3621310293674469,
            0.35783058404922485,
            0.3505179286003113,
            0.34359532594680786,
            0.3292158544063568,
            0.3224261403083801,
            0.3151812255382538,
            0.3074270486831665,
            0.30152052640914917,
            0.29650604724884033,
            0.2927612364292145
        ],