{
    "name": "trial_12",
    "start_time": "2024-10-23 08:26:21.945",
    "duration": "21.290",
    "directory": "/home/krakerlu/github/ImageMLResearch/demo/chihuahua_vs_muffin/experiments/experiment_05/output/trial_12",
    "hyperparameters": {
        "dense_units": 128,
        "dropout_rate": 0.34815267373225034,
        "learning_rate": 9.187434166164443e-05
    },
    "figures": {
        "model_summary": "/home/krakerlu/github/ImageMLResearch/demo/chihuahua_vs_muffin/experiments/experiment_05/output/trial_12/model_summary.png",
        "confusion_matrix": "/home/krakerlu/github/ImageMLResearch/demo/chihuahua_vs_muffin/experiments/experiment_05/output/trial_12/confusion_matrix.png",
        "training_history": "/home/krakerlu/github/ImageMLResearch/demo/chihuahua_vs_muffin/experiments/experiment_05/output/trial_12/training_history.png"
    },
    "evaluation_metrics": {
        "train": {
            "accuracy": 0.9996874928474426,
            "precision": 0.9996874928474426,
            "recall": 0.9996874928474426,
            "f1": 0.9996874428474452,
            "classification_report": {
                "chihuahua": {
                    "precision": 1.0,
                    "recall": 0.9994314951677089,
                    "f1-score": 0.9997156667614444,
                    "support": 1759
                },
                "muffin": {
                    "precision": 0.9993065187239945,
                    "recall": 1.0,
                    "f1-score": 0.9996531390912244,
                    "support": 1441
                },
                "micro avg": {
                    "precision": 0.9996875,
                    "recall": 0.9996875,
                    "f1-score": 0.9996875,
                    "support": 3200
                },
                "macro avg": {
                    "precision": 0.9996532593619972,
                    "recall": 0.9997157475838545,
                    "f1-score": 0.9996844029263344,
                    "support": 3200
                },
                "weighted avg": {
                    "precision": 0.9996877167128987,
                    "recall": 0.9996875,
                    "f1-score": 0.9996875097699484,
                    "support": 3200
                },
                "samples avg": {
                    "precision": 0.9996875,
                    "recall": 0.9996875,
                    "f1-score": 0.9996875,
                    "support": 3200
                }
            }
        },
        "val": {
            "accuracy": 0.987500011920929,
            "precision": 0.987500011920929,
            "recall": 0.987500011920929,
            "f1": 0.9874999619209315,
            "classification_report": {
                "chihuahua": {
                    "precision": 0.9846153846153847,
                    "recall": 0.9907120743034056,
                    "f1-score": 0.9876543209876543,
                    "support": 323
                },
                "muffin": {
                    "precision": 0.9904761904761905,
                    "recall": 0.9842271293375394,
                    "f1-score": 0.9873417721518988,
                    "support": 317
                },
                "micro avg": {
                    "precision": 0.9875,
                    "recall": 0.9875,
                    "f1-score": 0.9875,
                    "support": 640
                },
                "macro avg": {
                    "precision": 0.9875457875457876,
                    "recall": 0.9874696018204725,
                    "f1-score": 0.9874980465697765,
                    "support": 640
                },
                "weighted avg": {
                    "precision": 0.9875183150183151,
                    "recall": 0.9875,
                    "f1-score": 0.9874995116424442,
                    "support": 640
                },
                "samples avg": {
                    "precision": 0.9875,
                    "recall": 0.9875,
                    "f1-score": 0.9875,
                    "support": 640
                }
            }
        },
        "test": {
            "accuracy": 0.9865621328353882,
            "precision": 0.9865621328353882,
            "recall": 0.9865621328353882,
            "f1": 0.9865620828353907,
            "classification_report": {
                "chihuahua": {
                    "precision": 0.9853862212943633,
                    "recall": 0.989517819706499,
                    "f1-score": 0.9874476987447699,
                    "support": 477
                },
                "muffin": {
                    "precision": 0.9879227053140096,
                    "recall": 0.9831730769230769,
                    "f1-score": 0.9855421686746988,
                    "support": 416
                },
                "micro avg": {
                    "precision": 0.986562150055991,
                    "recall": 0.986562150055991,
                    "f1-score": 0.986562150055991,
                    "support": 893
                },
                "macro avg": {
                    "precision": 0.9866544633041865,
                    "recall": 0.986345448314788,
                    "f1-score": 0.9864949337097344,
                    "support": 893
                },
                "weighted avg": {
                    "precision": 0.9865678308712645,
                    "recall": 0.986562150055991,
                    "f1-score": 0.9865600162037289,
                    "support": 893
                },
                "samples avg": {
                    "precision": 0.986562150055991,
                    "recall": 0.986562150055991,
                    "f1-score": 0.986562150055991,
                    "support": 893
                }
            }
        }
    },
    "training_history": {
        "accuracy": [
            0.6353124976158142,
            0.926562488079071,
            0.9631249904632568,
            0.9706249833106995,
            0.9759374856948853,
            0.9803125262260437,
            0.9821875095367432,
            0.9840624928474426,
            0.9856250286102295,
            0.9871875047683716,
            0.9893749952316284,
            0.9912499785423279,
            0.9881250262260437,
            0.9909374713897705,
            0.9918749928474426,
            0.9909374713897705,
            0.9925000071525574,
            0.9950000047683716,
            0.9959375262260437,
            0.9956250190734863,
            0.9962499737739563,
            0.9950000047683716,
            0.996874988079071,
            0.996874988079071,
            0.9965624809265137
        ],
        "loss": [
            0.7600525617599487,
            0.20387138426303864,
            0.1114005371928215,
            0.08925972878932953,
            0.0681837871670723,
            0.06273265928030014,
            0.053806934505701065,
            0.05204993858933449,
            0.044934406876564026,
            0.03868352994322777,
            0.03436652943491936,
            0.030062464997172356,
            0.03306091949343681,
            0.02684597298502922,
            0.024967718869447708,
            0.024182535707950592,
            0.023977231234312057,
            0.01955460011959076,
            0.01753564551472664,
            0.01707482896745205,
            0.01600097306072712,
            0.015544990077614784,
            0.01285628229379654,
            0.012828287668526173,
            0.012535271234810352
        ],