{
    "name": "trial_93",
    "start_time": "2024-10-20 12:24:43.216",
    "duration": "32.832",
    "directory": "/home/krakerlu/github/ImageMLResearch/demo/chihuahua_vs_muffin/experiments/experiment_03/output/trial_93",
    "hyperparameters": {
        "units1": 128,
        "kernel_size1": 3,
        "units2": 64,
        "kernel_size2": 7,
        "dense_units": 128,
        "dropout_rate": 0.21921463379513648,
        "learning_rate": 5.5498424624983134e-05
    },
    "figures": {
        "model_summary": "/home/krakerlu/github/ImageMLResearch/demo/chihuahua_vs_muffin/experiments/experiment_03/output/trial_93/model_summary.png",
        "confusion_matrix": "/home/krakerlu/github/ImageMLResearch/demo/chihuahua_vs_muffin/experiments/experiment_03/output/trial_93/confusion_matrix.png",
        "training_history": "/home/krakerlu/github/ImageMLResearch/demo/chihuahua_vs_muffin/experiments/experiment_03/output/trial_93/training_history.png"
    },
    "evaluation_metrics": {
        "train": {
            "accuracy": 0.9253125190734863,
            "precision": 0.9253125190734863,
            "recall": 0.9253125190734863,
            "f1": 0.925312469073489,
            "classification_report": {
                "chihuahua": {
                    "precision": 0.9507710557532622,
                    "recall": 0.9113132461625923,
                    "f1-score": 0.9306240928882439,
                    "support": 1759
                },
                "muffin": {
                    "precision": 0.8969616908850726,
                    "recall": 0.9424011103400416,
                    "f1-score": 0.9191201353637902,
                    "support": 1441
                },
                "micro avg": {
                    "precision": 0.9253125,
                    "recall": 0.9253125,
                    "f1-score": 0.9253125,
                    "support": 3200
                },
                "macro avg": {
                    "precision": 0.9238663733191674,
                    "recall": 0.926857178251317,
                    "f1-score": 0.924872114126017,
                    "support": 3200
                },
                "weighted avg": {
                    "precision": 0.9265400261360556,
                    "recall": 0.9253125,
                    "f1-score": 0.9254437170155134,
                    "support": 3200
                },
                "samples avg": {
                    "precision": 0.9253125,
                    "recall": 0.9253125,
                    "f1-score": 0.9253125,
                    "support": 3200
                }
            }
        },
        "val": {
            "accuracy": 0.8984375,
            "precision": 0.8984375,
            "recall": 0.8984375,
            "f1": 0.8984374500000027,
            "classification_report": {
                "chihuahua": {
                    "precision": 0.910828025477707,
                    "recall": 0.8854489164086687,
                    "f1-score": 0.8979591836734694,
                    "support": 323
                },
                "muffin": {
                    "precision": 0.8865030674846626,
                    "recall": 0.9116719242902208,
                    "f1-score": 0.8989113530326595,
                    "support": 317
                },
                "micro avg": {
                    "precision": 0.8984375,
                    "recall": 0.8984375,
                    "f1-score": 0.8984375,
                    "support": 640
                },
                "macro avg": {
                    "precision": 0.8986655464811848,
                    "recall": 0.8985604203494448,
                    "f1-score": 0.8984352683530644,
                    "support": 640
                },
                "weighted avg": {
                    "precision": 0.8987795697217772,
                    "recall": 0.8984375,
                    "f1-score": 0.8984308050591931,
                    "support": 640
                },
                "samples avg": {
                    "precision": 0.8984375,
                    "recall": 0.8984375,
                    "f1-score": 0.8984375,
                    "support": 640
                }
            }
        },
        "test": {
            "accuracy": 0.8980963230133057,
            "precision": 0.8980963230133057,
            "recall": 0.8980963230133057,
            "f1": 0.8980962730133084,
            "classification_report": {
                "chihuahua": {
                    "precision": 0.9195652173913044,
                    "recall": 0.8867924528301887,
                    "f1-score": 0.9028815368196371,
                    "support": 477
                },
                "muffin": {
                    "precision": 0.8752886836027713,
                    "recall": 0.9110576923076923,
                    "f1-score": 0.8928150765606596,
                    "support": 416
                },
                "micro avg": {
                    "precision": 0.8980963045912654,
                    "recall": 0.8980963045912654,
                    "f1-score": 0.8980963045912654,
                    "support": 893
                },
                "macro avg": {
                    "precision": 0.8974269504970378,
                    "recall": 0.8989250725689405,
                    "f1-score": 0.8978483066901484,
                    "support": 893
                },
                "weighted avg": {
                    "precision": 0.8989391949321446,
                    "recall": 0.8980963045912654,
                    "f1-score": 0.8981921219621516,
                    "support": 893
                },
                "samples avg": {
                    "precision": 0.8980963045912654,
                    "recall": 0.8980963045912654,
                    "f1-score": 0.8980963045912654,
                    "support": 893
                }
            }
        }
    },
    "training_history": {
        "accuracy": [
            0.6034374833106995,
            0.7334374785423279,
            0.7674999833106995,
            0.8012499809265137,
            0.8212500214576721,
            0.8309375047683716,
            0.8481249809265137,
            0.8528125286102295,
            0.8615624904632568,
            0.8706250190734863,
            0.8715624809265137,
            0.8793749809265137,
            0.8840625286102295,
            0.8849999904632568,
            0.893750011920929,
            0.887499988079071,
            0.8965625166893005,
            0.9034374952316284,
            0.9021875262260437,
            0.9075000286102295,
            0.909375011920929,
            0.9106249809265137,
            0.9165624976158142,
            0.9156249761581421,
            0.9231250286102295
        ],
        "loss": [
            0.6591230630874634,
            0.5488831400871277,
            0.49390754103660583,
            0.4505094289779663,
            0.41304993629455566,
            0.38601189851760864,
            0.3692249357700348,
            0.34684422612190247,
            0.3301727771759033,
            0.31673890352249146,
            0.3092804253101349,
            0.2944466471672058,
            0.284662127494812,
            0.27035701274871826,
            0.2620988190174103,
            0.2716388404369354,
            0.25837671756744385,
            0.24254824221134186,
            0.24044175446033478,
            0.23472066223621368,
            0.22639963030815125,
            0.2220601588487625,
            0.21459996700286865,
            0.20802226662635803,
            0.19961372017860413
        ],