{
    "name": "trial_90",
    "start_time": "2024-10-20 12:23:10.365",
    "duration": "33.507",
    "directory": "/home/krakerlu/github/ImageMLResearch/demo/chihuahua_vs_muffin/experiments/experiment_03/output/trial_90",
    "hyperparameters": {
        "units1": 128,
        "kernel_size1": 5,
        "units2": 64,
        "kernel_size2": 7,
        "dense_units": 128,
        "dropout_rate": 0.15073888319621384,
        "learning_rate": 0.00015729605914757832
    },
    "figures": {
        "model_summary": "/home/krakerlu/github/ImageMLResearch/demo/chihuahua_vs_muffin/experiments/experiment_03/output/trial_90/model_summary.png",
        "confusion_matrix": "/home/krakerlu/github/ImageMLResearch/demo/chihuahua_vs_muffin/experiments/experiment_03/output/trial_90/confusion_matrix.png",
        "training_history": "/home/krakerlu/github/ImageMLResearch/demo/chihuahua_vs_muffin/experiments/experiment_03/output/trial_90/training_history.png"
    },
    "evaluation_metrics": {
        "train": {
            "accuracy": 0.9856250286102295,
            "precision": 0.9856250286102295,
            "recall": 0.9856250286102295,
            "f1": 0.985624978610232,
            "classification_report": {
                "chihuahua": {
                    "precision": 0.9787590832867524,
                    "recall": 0.9954519613416714,
                    "f1-score": 0.9870349492671928,
                    "support": 1759
                },
                "muffin": {
                    "precision": 0.9943302622253721,
                    "recall": 0.9736294240111034,
                    "f1-score": 0.9838709677419355,
                    "support": 1441
                },
                "micro avg": {
                    "precision": 0.985625,
                    "recall": 0.985625,
                    "f1-score": 0.985625,
                    "support": 3200
                },
                "macro avg": {
                    "precision": 0.9865446727560623,
                    "recall": 0.9845406926763873,
                    "f1-score": 0.9854529585045642,
                    "support": 3200
                },
                "weighted avg": {
                    "precision": 0.9857709798025496,
                    "recall": 0.985625,
                    "f1-score": 0.9856101688366005,
                    "support": 3200
                },
                "samples avg": {
                    "precision": 0.985625,
                    "recall": 0.985625,
                    "f1-score": 0.985625,
                    "support": 3200
                }
            }
        },
        "val": {
            "accuracy": 0.903124988079071,
            "precision": 0.903124988079071,
            "recall": 0.903124988079071,
            "f1": 0.9031249380790738,
            "classification_report": {
                "chihuahua": {
                    "precision": 0.8760806916426513,
                    "recall": 0.9411764705882353,
                    "f1-score": 0.9074626865671642,
                    "support": 323
                },
                "muffin": {
                    "precision": 0.9351535836177475,
                    "recall": 0.8643533123028391,
                    "f1-score": 0.898360655737705,
                    "support": 317
                },
                "micro avg": {
                    "precision": 0.903125,
                    "recall": 0.903125,
                    "f1-score": 0.903125,
                    "support": 640
                },
                "macro avg": {
                    "precision": 0.9056171376301994,
                    "recall": 0.9027648914455372,
                    "f1-score": 0.9029116711524345,
                    "support": 640
                },
                "weighted avg": {
                    "precision": 0.9053402334490661,
                    "recall": 0.903125,
                    "f1-score": 0.9029543369219477,
                    "support": 640
                },
                "samples avg": {
                    "precision": 0.903125,
                    "recall": 0.903125,
                    "f1-score": 0.903125,
                    "support": 640
                }
            }
        },
        "test": {
            "accuracy": 0.9160134196281433,
            "precision": 0.9160134196281433,
            "recall": 0.9160134196281433,
            "f1": 0.9160133696281461,
            "classification_report": {
                "chihuahua": {
                    "precision": 0.8941176470588236,
                    "recall": 0.9559748427672956,
                    "f1-score": 0.9240121580547113,
                    "support": 477
                },
                "muffin": {
                    "precision": 0.9451697127937336,
                    "recall": 0.8701923076923077,
                    "f1-score": 0.9061326658322904,
                    "support": 416
                },
                "micro avg": {
                    "precision": 0.916013437849944,
                    "recall": 0.916013437849944,
                    "f1-score": 0.916013437849944,
                    "support": 893
                },
                "macro avg": {
                    "precision": 0.9196436799262786,
                    "recall": 0.9130835752298017,
                    "f1-score": 0.9150724119435008,
                    "support": 893
                },
                "weighted avg": {
                    "precision": 0.9179000203463068,
                    "recall": 0.916013437849944,
                    "f1-score": 0.9156830776912991,
                    "support": 893
                },
                "samples avg": {
                    "precision": 0.916013437849944,
                    "recall": 0.916013437849944,
                    "f1-score": 0.916013437849944,
                    "support": 893
                }
            }
        }
    },
    "training_history": {
        "accuracy": [
            0.6518750190734863,
            0.7684375047683716,
            0.8068749904632568,
            0.8228124976158142,
            0.8362500071525574,
            0.8506249785423279,
            0.8596875071525574,
            0.8662499785423279,
            0.8846874833106995,
            0.8940625190734863,
            0.8956249952316284,
            0.9118750095367432,
            0.910937488079071,
            0.9262499809265137,
            0.9100000262260437,
            0.9156249761581421,
            0.9212499856948853,
            0.9156249761581421,
            0.9300000071525574,
            0.9396874904632568,
            0.9518749713897705,
            0.9596874713897705,
            0.965624988079071,
            0.9768750071525574,
            0.9787499904632568
        ],
        "loss": [
            0.617513120174408,
            0.4941575229167938,
            0.4316549003124237,
            0.4083201587200165,
            0.3853866457939148,
            0.36595913767814636,
            0.3275146484375,
            0.32591864466667175,
            0.2933305501937866,
            0.26788726449012756,
            0.25757840275764465,
            0.224198117852211,
            0.22082464396953583,
            0.20786668360233307,
            0.22586531937122345,
            0.206159308552742,
            0.19167320430278778,
            0.20937973260879517,
            0.17343343794345856,
            0.15059535205364227,
            0.1278395801782608,
            0.1100420355796814,
            0.09498468041419983,
            0.07703093439340591,
            0.06657738983631134
        ],