{
    "name": "trial_77",
    "start_time": "2024-10-27 12:36:23.317",
    "duration": "0:05:47.921",
    "directory": "/home/krakerlu/github/ImageMLResearch/demo/chihuahua_vs_muffin/experiments/experiment_04/output/trial_77",
    "hyperparameters": {
        "normalization": "standard",
        "batch_size": 128,
        "learning_rate": 5.303121265843926e-05
    },
    "figures": {
        "training_history": "/home/krakerlu/github/ImageMLResearch/demo/chihuahua_vs_muffin/experiments/experiment_04/output/trial_77/training_history.png"
    },
    "evaluation_metrics": {
        "train": {
            "accuracy": 0.9399335980415344,
            "precision": 0.9399335980415344,
            "recall": 0.9399335980415344,
            "f1": 0.9399335480415371,
            "classification_report": {
                "chihuahua": {
                    "precision": 0.9121827411167512,
                    "recall": 0.9857377948436643,
                    "f1-score": 0.9475349327708937,
                    "support": 3646
                },
                "muffin": {
                    "precision": 0.9806403574087863,
                    "recall": 0.8838926174496644,
                    "f1-score": 0.9297564419343453,
                    "support": 2980
                },
                "micro avg": {
                    "precision": 0.9399335949290674,
                    "recall": 0.9399335949290674,
                    "f1-score": 0.9399335949290674,
                    "support": 6626
                },
                "macro avg": {
                    "precision": 0.9464115492627687,
                    "recall": 0.9348152061466644,
                    "f1-score": 0.9386456873526194,
                    "support": 6626
                },
                "weighted avg": {
                    "precision": 0.9429711046166401,
                    "recall": 0.9399335949290674,
                    "f1-score": 0.9395391732337803,
                    "support": 6626
                },
                "samples avg": {
                    "precision": 0.9399335949290674,
                    "recall": 0.9399335949290674,
                    "f1-score": 0.9399335949290674,
                    "support": 6626
                }
            }
        },
        "val": {
            "accuracy": 0.8744710683822632,
            "precision": 0.8744710683822632,
            "recall": 0.8744710683822632,
            "f1": 0.874471018382266,
            "classification_report": {
                "chihuahua": {
                    "precision": 0.9305993690851735,
                    "recall": 0.8149171270718232,
                    "f1-score": 0.8689248895434463,
                    "support": 362
                },
                "muffin": {
                    "precision": 0.8290816326530612,
                    "recall": 0.9365994236311239,
                    "f1-score": 0.8795669824086604,
                    "support": 347
                },
                "micro avg": {
                    "precision": 0.8744710860366713,
                    "recall": 0.8744710860366713,
                    "f1-score": 0.8744710860366713,
                    "support": 709
                },
                "macro avg": {
                    "precision": 0.8798405008691174,
                    "recall": 0.8757582753514735,
                    "f1-score": 0.8742459359760533,
                    "support": 709
                },
                "weighted avg": {
                    "precision": 0.8809143838356065,
                    "recall": 0.8744710860366713,
                    "f1-score": 0.8741333609457443,
                    "support": 709
                },
                "samples avg": {
                    "precision": 0.8744710860366713,
                    "recall": 0.8744710860366713,
                    "f1-score": 0.8744710860366713,
                    "support": 709
                }
            }
        },
        "test": {
            "accuracy": 0.8734177350997925,
            "precision": 0.8734177350997925,
            "recall": 0.8734177350997925,
            "f1": 0.8734176850997953,
            "classification_report": {
                "chihuahua": {
                    "precision": 0.9104046242774566,
                    "recall": 0.8422459893048129,
                    "f1-score": 0.875,
                    "support": 374
                },
                "muffin": {
                    "precision": 0.8383561643835616,
                    "recall": 0.9080118694362018,
                    "f1-score": 0.8717948717948718,
                    "support": 337
                },
                "micro avg": {
                    "precision": 0.8734177215189873,
                    "recall": 0.8734177215189873,
                    "f1-score": 0.8734177215189873,
                    "support": 711
                },
                "macro avg": {
                    "precision": 0.8743803943305091,
                    "recall": 0.8751289293705073,
                    "f1-score": 0.8733974358974359,
                    "support": 711
                },
                "weighted avg": {
                    "precision": 0.8762550729634726,
                    "recall": 0.8734177215189873,
                    "f1-score": 0.8734808323415919,
                    "support": 711
                },
                "samples avg": {
                    "precision": 0.8734177215189873,
                    "recall": 0.8734177215189873,
                    "f1-score": 0.8734177215189873,
                    "support": 711
                }
            }
        }
    },
    "training_history": {
        "accuracy": [
            0.7031391263008118,
            0.7758828997612,
            0.8146694898605347,
            0.8407787680625916,
            0.8564745187759399,
            0.8736794590950012,
            0.8822818994522095,
            0.8911862373352051,
            0.8928463459014893,
            0.9056746363639832,
            0.9160881638526917,
            0.914578914642334,
            0.9213703870773315,
            0.9341986179351807,
            0.9292182326316833
        ],
        "loss": [
            0.571472704410553,
            0.472541481256485,
            0.4114396870136261,
            0.3684247136116028,
            0.3392810523509979,
            0.3029139041900635,
            0.2861296534538269,
            0.27228832244873047,
            0.263584166765213,
            0.23724506795406342,
            0.21765509247779846,
            0.2102372944355011,
            0.19519640505313873,
            0.17503204941749573,
            0.17640069127082825
        ],
        "val_accuracy": [
            0.7813822031021118,
            0.8138222694396973,
            0.8194640278816223,
            0.8420310020446777,
            0.8490832448005676,
            0.8547249436378479,
            0.8631876111030579,
            0.866008460521698,
            0.8575458526611328,
            0.8645980358123779,
            0.871650218963623,
            0.8575458526611328,
            0.871650218963623,
            0.8730606436729431,
            0.8744710683822632
        ],
        "val_loss": [
            0.4898378551006317,
            0.42104482650756836,
            0.4137613773345947,
            0.3618645668029785,
            0.35179850459098816,
            0.35009363293647766,
            0.318080872297287,
            0.3119199275970459,
            0.3286682367324829,
            0.3151007294654846,
            0.30456024408340454,
            0.3449203073978424,
            0.31849268078804016,
            0.3090369999408722,
            0.30770087242126465
        ]
    }
}