{
    "name": "trial_44",
    "start_time": "2024-10-24 14:53:51.570",
    "duration": "0:05:43.235",
    "directory": "/home/krakerlu/github/ImageMLResearch/demo/chihuahua_vs_muffin/experiments/experiment_04/output/trial_44",
    "hyperparameters": {
        "normalization": "standard",
        "batch_size": 128,
        "learning_rate": 6.60100066888519e-05
    },
    "figures": {
        "training_history": "/home/krakerlu/github/ImageMLResearch/demo/chihuahua_vs_muffin/experiments/experiment_04/output/trial_44/training_history.png"
    },
    "evaluation_metrics": {
        "train": {
            "accuracy": 0.9444612264633179,
            "precision": 0.9444612264633179,
            "recall": 0.9444612264633179,
            "f1": 0.9444611764633205,
            "classification_report": {
                "chihuahua": {
                    "precision": 0.9132627332324761,
                    "recall": 0.9934174437739989,
                    "f1-score": 0.9516552811350499,
                    "support": 3646
                },
                "muffin": {
                    "precision": 0.9909774436090225,
                    "recall": 0.8845637583892617,
                    "f1-score": 0.9347517730496454,
                    "support": 2980
                },
                "micro avg": {
                    "precision": 0.9444612134017507,
                    "recall": 0.9444612134017507,
                    "f1-score": 0.9444612134017507,
                    "support": 6626
                },
                "macro avg": {
                    "precision": 0.9521200884207492,
                    "recall": 0.9389906010816302,
                    "f1-score": 0.9432035270923477,
                    "support": 6626
                },
                "weighted avg": {
                    "precision": 0.9482144140236183,
                    "recall": 0.9444612134017507,
                    "f1-score": 0.9440530393459607,
                    "support": 6626
                },
                "samples avg": {
                    "precision": 0.9444612134017507,
                    "recall": 0.9444612134017507,
                    "f1-score": 0.9444612134017507,
                    "support": 6626
                }
            }
        },
        "val": {
            "accuracy": 0.8984485268592834,
            "precision": 0.8984485268592834,
            "recall": 0.8984485268592834,
            "f1": 0.8984484768592862,
            "classification_report": {
                "chihuahua": {
                    "precision": 0.9239766081871345,
                    "recall": 0.8729281767955801,
                    "f1-score": 0.8977272727272727,
                    "support": 362
                },
                "muffin": {
                    "precision": 0.8746594005449592,
                    "recall": 0.9250720461095101,
                    "f1-score": 0.8991596638655462,
                    "support": 347
                },
                "micro avg": {
                    "precision": 0.8984485190409027,
                    "recall": 0.8984485190409027,
                    "f1-score": 0.8984485190409027,
                    "support": 709
                },
                "macro avg": {
                    "precision": 0.8993180043660468,
                    "recall": 0.8990001114525451,
                    "f1-score": 0.8984434682964095,
                    "support": 709
                },
                "weighted avg": {
                    "precision": 0.8998396955611332,
                    "recall": 0.8984485190409027,
                    "f1-score": 0.8984283160629299,
                    "support": 709
                },
                "samples avg": {
                    "precision": 0.8984485190409027,
                    "recall": 0.8984485190409027,
                    "f1-score": 0.8984485190409027,
                    "support": 709
                }
            }
        },
        "test": {
            "accuracy": 0.8888888955116272,
            "precision": 0.8888888955116272,
            "recall": 0.8888888955116272,
            "f1": 0.8888888455116299,
            "classification_report": {
                "chihuahua": {
                    "precision": 0.9019073569482289,
                    "recall": 0.8850267379679144,
                    "f1-score": 0.893387314439946,
                    "support": 374
                },
                "muffin": {
                    "precision": 0.875,
                    "recall": 0.8931750741839762,
                    "f1-score": 0.8839941262848752,
                    "support": 337
                },
                "micro avg": {
                    "precision": 0.8888888888888888,
                    "recall": 0.8888888888888888,
                    "f1-score": 0.8888888888888888,
                    "support": 711
                },
                "macro avg": {
                    "precision": 0.8884536784741144,
                    "recall": 0.8891009060759454,
                    "f1-score": 0.8886907203624106,
                    "support": 711
                },
                "weighted avg": {
                    "precision": 0.8891537995761428,
                    "recall": 0.8888888888888888,
                    "f1-score": 0.8889351282117337,
                    "support": 711
                },
                "samples avg": {
                    "precision": 0.8888888888888888,
                    "recall": 0.8888888888888888,
                    "f1-score": 0.8888888888888888,
                    "support": 711
                }
            }
        }
    },
    "training_history": {
        "accuracy": [
            0.7032900452613831,
            0.7730153799057007,
            0.8122547268867493,
            0.8487775325775146,
            0.8730757832527161,
            0.8830364942550659,
            0.8957138657569885,
            0.9052218794822693,
            0.9163900017738342,
            0.9237850904464722,
            0.930576503276825,
            0.9331421852111816,
            0.9446121454238892,
            0.9532145857810974,
            0.9575912952423096
        ],
        "loss": [
            0.5621373057365417,
            0.4777255654335022,
            0.4192192256450653,
            0.3645012080669403,
            0.3144136369228363,
            0.2887864410877228,
            0.2589966654777527,
            0.23539578914642334,
            0.2175181657075882,
            0.19598081707954407,
            0.1766052395105362,
            0.17660297453403473,
            0.15135568380355835,
            0.13029830157756805,
            0.12069301307201385
        ],
        "val_accuracy": [
            0.7926657199859619,
            0.8194640278816223,
            0.8335683941841125,
            0.8251057863235474,
            0.8335683941841125,
            0.8307475447654724,
            0.8476727604866028,
            0.8448519110679626,
            0.8561354279518127,
            0.8420310020446777,
            0.8815232515335083,
            0.860366702079773,
            0.866008460521698,
            0.8899859189987183,
            0.8984485268592834
        ],
        "val_loss": [
            0.47515973448753357,
            0.4210406541824341,
            0.38891592621803284,
            0.39412418007850647,
            0.38370195031166077,
            0.3929854929447174,
            0.32877740263938904,
            0.33781418204307556,
            0.3165383040904999,
            0.36211076378822327,
            0.2966226041316986,
            0.3314402401447296,
            0.3165300786495209,
            0.30832403898239136,
            0.29925692081451416
        ]
    }
}