{
    "name": "trial_84",
    "start_time": "2024-10-20 12:19:56.194",
    "duration": "35.254",
    "directory": "/home/krakerlu/github/ImageMLResearch/demo/chihuahua_vs_muffin/experiments/experiment_03/output/trial_84",
    "hyperparameters": {
        "units1": 128,
        "kernel_size1": 7,
        "units2": 64,
        "kernel_size2": 7,
        "dense_units": 128,
        "dropout_rate": 0.10612026447266612,
        "learning_rate": 9.02728410707301e-05
    },
    "figures": {
        "model_summary": "/home/krakerlu/github/ImageMLResearch/demo/chihuahua_vs_muffin/experiments/experiment_03/output/trial_84/model_summary.png",
        "confusion_matrix": "/home/krakerlu/github/ImageMLResearch/demo/chihuahua_vs_muffin/experiments/experiment_03/output/trial_84/confusion_matrix.png",
        "training_history": "/home/krakerlu/github/ImageMLResearch/demo/chihuahua_vs_muffin/experiments/experiment_03/output/trial_84/training_history.png"
    },
    "evaluation_metrics": {
        "train": {
            "accuracy": 0.956250011920929,
            "precision": 0.956250011920929,
            "recall": 0.956250011920929,
            "f1": 0.9562499619209316,
            "classification_report": {
                "chihuahua": {
                    "precision": 0.9736688121708601,
                    "recall": 0.9459920409323479,
                    "f1-score": 0.9596309111880046,
                    "support": 1759
                },
                "muffin": {
                    "precision": 0.9362843729040912,
                    "recall": 0.9687716863289383,
                    "f1-score": 0.9522510231923602,
                    "support": 1441
                },
                "micro avg": {
                    "precision": 0.95625,
                    "recall": 0.95625,
                    "f1-score": 0.95625,
                    "support": 3200
                },
                "macro avg": {
                    "precision": 0.9549765925374756,
                    "recall": 0.957381863630643,
                    "f1-score": 0.9559409671901824,
                    "support": 3200
                },
                "weighted avg": {
                    "precision": 0.9568341318635433,
                    "recall": 0.95625,
                    "f1-score": 0.956307655374966,
                    "support": 3200
                },
                "samples avg": {
                    "precision": 0.95625,
                    "recall": 0.95625,
                    "f1-score": 0.95625,
                    "support": 3200
                }
            }
        },
        "val": {
            "accuracy": 0.8843749761581421,
            "precision": 0.8843749761581421,
            "recall": 0.8843749761581421,
            "f1": 0.8843749261581448,
            "classification_report": {
                "chihuahua": {
                    "precision": 0.8977635782747604,
                    "recall": 0.8699690402476781,
                    "f1-score": 0.8836477987421384,
                    "support": 323
                },
                "muffin": {
                    "precision": 0.8715596330275229,
                    "recall": 0.8990536277602523,
                    "f1-score": 0.8850931677018633,
                    "support": 317
                },
                "micro avg": {
                    "precision": 0.884375,
                    "recall": 0.884375,
                    "f1-score": 0.884375,
                    "support": 640
                },
                "macro avg": {
                    "precision": 0.8846616056511416,
                    "recall": 0.8845113340039652,
                    "f1-score": 0.8843704832220008,
                    "support": 640
                },
                "weighted avg": {
                    "precision": 0.8847844366444881,
                    "recall": 0.884375,
                    "f1-score": 0.8843637080550021,
                    "support": 640
                },
                "samples avg": {
                    "precision": 0.884375,
                    "recall": 0.884375,
                    "f1-score": 0.884375,
                    "support": 640
                }
            }
        },
        "test": {
            "accuracy": 0.8992161154747009,
            "precision": 0.8992161154747009,
            "recall": 0.8992161154747009,
            "f1": 0.8992160654747037,
            "classification_report": {
                "chihuahua": {
                    "precision": 0.9143468950749465,
                    "recall": 0.8951781970649895,
                    "f1-score": 0.9046610169491526,
                    "support": 477
                },
                "muffin": {
                    "precision": 0.8826291079812206,
                    "recall": 0.9038461538461539,
                    "f1-score": 0.8931116389548693,
                    "support": 416
                },
                "micro avg": {
                    "precision": 0.8992161254199328,
                    "recall": 0.8992161254199328,
                    "f1-score": 0.8992161254199328,
                    "support": 893
                },
                "macro avg": {
                    "precision": 0.8984880015280836,
                    "recall": 0.8995121754555717,
                    "f1-score": 0.898886327952011,
                    "support": 893
                },
                "weighted avg": {
                    "precision": 0.8995713078062008,
                    "recall": 0.8992161254199328,
                    "f1-score": 0.8992807915901136,
                    "support": 893
                },
                "samples avg": {
                    "precision": 0.8992161254199328,
                    "recall": 0.8992161254199328,
                    "f1-score": 0.8992161254199328,
                    "support": 893
                }
            }
        }
    },
    "training_history": {
        "accuracy": [
            0.65625,
            0.7596874833106995,
            0.8028125166893005,
            0.801562488079071,
            0.828125,
            0.8424999713897705,
            0.8459374904632568,
            0.8568750023841858,
            0.8712499737739563,
            0.8712499737739563,
            0.8843749761581421,
            0.8899999856948853,
            0.8990625143051147,
            0.8940625190734863,
            0.9037500023841858,
            0.9162499904632568,
            0.9209374785423279,
            0.910937488079071,
            0.9318749904632568,
            0.942187488079071,
            0.9415624737739563,
            0.9446874856948853,
            0.9503124952316284,
            0.9543750286102295,
            0.9565625190734863
        ],
        "loss": [
            0.6200656294822693,
            0.5019786953926086,
            0.45203152298927307,
            0.43033382296562195,
            0.3921375274658203,
            0.3693295419216156,
            0.3608033061027527,
            0.34037452936172485,
            0.32273539900779724,
            0.3003672659397125,
            0.28299498558044434,
            0.2685079574584961,
            0.25243836641311646,
            0.25911328196525574,
            0.2315104603767395,
            0.225511834025383,
            0.20341022312641144,
            0.22497934103012085,
            0.18168991804122925,
            0.1673513650894165,
            0.1590910404920578,
            0.15897983312606812,
            0.1380438357591629,
            0.12741734087467194,
            0.12567457556724548
        ],