{
    "name": "trial_63",
    "start_time": "2024-10-23 08:45:42.433",
    "duration": "20.804",
    "directory": "/home/krakerlu/github/ImageMLResearch/demo/chihuahua_vs_muffin/experiments/experiment_05/output/trial_63",
    "hyperparameters": {
        "dense_units": 512,
        "dropout_rate": 0.2742267436792667,
        "learning_rate": 3.348863238587228e-05
    },
    "figures": {
        "model_summary": "/home/krakerlu/github/ImageMLResearch/demo/chihuahua_vs_muffin/experiments/experiment_05/output/trial_63/model_summary.png",
        "confusion_matrix": "/home/krakerlu/github/ImageMLResearch/demo/chihuahua_vs_muffin/experiments/experiment_05/output/trial_63/confusion_matrix.png",
        "training_history": "/home/krakerlu/github/ImageMLResearch/demo/chihuahua_vs_muffin/experiments/experiment_05/output/trial_63/training_history.png"
    },
    "evaluation_metrics": {
        "train": {
            "accuracy": 0.9996874928474426,
            "precision": 0.9996874928474426,
            "recall": 0.9996874928474426,
            "f1": 0.9996874428474452,
            "classification_report": {
                "chihuahua": {
                    "precision": 1.0,
                    "recall": 0.9994314951677089,
                    "f1-score": 0.9997156667614444,
                    "support": 1759
                },
                "muffin": {
                    "precision": 0.9993065187239945,
                    "recall": 1.0,
                    "f1-score": 0.9996531390912244,
                    "support": 1441
                },
                "micro avg": {
                    "precision": 0.9996875,
                    "recall": 0.9996875,
                    "f1-score": 0.9996875,
                    "support": 3200
                },
                "macro avg": {
                    "precision": 0.9996532593619972,
                    "recall": 0.9997157475838545,
                    "f1-score": 0.9996844029263344,
                    "support": 3200
                },
                "weighted avg": {
                    "precision": 0.9996877167128987,
                    "recall": 0.9996875,
                    "f1-score": 0.9996875097699484,
                    "support": 3200
                },
                "samples avg": {
                    "precision": 0.9996875,
                    "recall": 0.9996875,
                    "f1-score": 0.9996875,
                    "support": 3200
                }
            }
        },
        "val": {
            "accuracy": 0.987500011920929,
            "precision": 0.987500011920929,
            "recall": 0.987500011920929,
            "f1": 0.9874999619209315,
            "classification_report": {
                "chihuahua": {
                    "precision": 0.9876160990712074,
                    "recall": 0.9876160990712074,
                    "f1-score": 0.9876160990712074,
                    "support": 323
                },
                "muffin": {
                    "precision": 0.9873817034700315,
                    "recall": 0.9873817034700315,
                    "f1-score": 0.9873817034700315,
                    "support": 317
                },
                "micro avg": {
                    "precision": 0.9875,
                    "recall": 0.9875,
                    "f1-score": 0.9875,
                    "support": 640
                },
                "macro avg": {
                    "precision": 0.9874989012706195,
                    "recall": 0.9874989012706195,
                    "f1-score": 0.9874989012706195,
                    "support": 640
                },
                "weighted avg": {
                    "precision": 0.9875,
                    "recall": 0.9875,
                    "f1-score": 0.9875,
                    "support": 640
                },
                "samples avg": {
                    "precision": 0.9875,
                    "recall": 0.9875,
                    "f1-score": 0.9875,
                    "support": 640
                }
            }
        },
        "test": {
            "accuracy": 0.9865621328353882,
            "precision": 0.9865621328353882,
            "recall": 0.9865621328353882,
            "f1": 0.9865620828353907,
            "classification_report": {
                "chihuahua": {
                    "precision": 0.9833679833679834,
                    "recall": 0.9916142557651991,
                    "f1-score": 0.9874739039665971,
                    "support": 477
                },
                "muffin": {
                    "precision": 0.9902912621359223,
                    "recall": 0.9807692307692307,
                    "f1-score": 0.9855072463768116,
                    "support": 416
                },
                "micro avg": {
                    "precision": 0.986562150055991,
                    "recall": 0.986562150055991,
                    "f1-score": 0.986562150055991,
                    "support": 893
                },
                "macro avg": {
                    "precision": 0.9868296227519529,
                    "recall": 0.9861917432672149,
                    "f1-score": 0.9864905751717044,
                    "support": 893
                },
                "weighted avg": {
                    "precision": 0.9865931613830591,
                    "recall": 0.986562150055991,
                    "f1-score": 0.9865577454477272,
                    "support": 893
                },
                "samples avg": {
                    "precision": 0.986562150055991,
                    "recall": 0.986562150055991,
                    "f1-score": 0.986562150055991,
                    "support": 893
                }
            }
        }
    },
    "training_history": {
        "accuracy": [
            0.8162500262260437,
            0.9596874713897705,
            0.9737499952316284,
            0.9790624976158142,
            0.9815624952316284,
            0.9828125238418579,
            0.9865624904632568,
            0.987500011920929,
            0.9881250262260437,
            0.989062488079071,
            0.9884374737739563,
            0.9912499785423279,
            0.9934375286102295,
            0.9940624833106995,
            0.9931250214576721,
            0.9950000047683716,
            0.9931250214576721,
            0.9950000047683716,
            0.9950000047683716,
            0.9962499737739563,
            0.9975000023841858,
            0.9971874952316284,
            0.9984375238418579,
            0.996874988079071,
            0.9975000023841858
        ],
        "loss": [
            0.40571367740631104,
            0.145049050450325,
            0.09524807333946228,
            0.07375468313694,
            0.06296119093894958,
            0.0538189560174942,
            0.04800041764974594,
            0.04285720735788345,
            0.03804970160126686,
            0.03461477905511856,
            0.03207001835107803,
            0.027908965945243835,
            0.025090890005230904,
            0.02366628870368004,
            0.02151431515812874,
            0.01989729329943657,
            0.021006347611546516,
            0.01798577979207039,
            0.017024347558617592,
            0.015722159296274185,
            0.014293797314167023,
            0.014347431249916553,
            0.012458221055567265,
            0.013472079299390316,
            0.011746402829885483
        ],