{
    "name": "trial_51",
    "start_time": "2024-10-24 15:34:14.575",
    "duration": "0:05:42.843",
    "directory": "/home/krakerlu/github/ImageMLResearch/demo/chihuahua_vs_muffin/experiments/experiment_04/output/trial_51",
    "hyperparameters": {
        "normalization": "mean",
        "batch_size": 128,
        "learning_rate": 6.309423726799978e-05
    },
    "figures": {
        "training_history": "/home/krakerlu/github/ImageMLResearch/demo/chihuahua_vs_muffin/experiments/experiment_04/output/trial_51/training_history.png"
    },
    "evaluation_metrics": {
        "train": {
            "accuracy": 0.9363114833831787,
            "precision": 0.9363114833831787,
            "recall": 0.9363114833831787,
            "f1": 0.9363114333831813,
            "classification_report": {
                "chihuahua": {
                    "precision": 0.9345013477088949,
                    "recall": 0.9509051014810751,
                    "f1-score": 0.9426318651441,
                    "support": 3646
                },
                "muffin": {
                    "precision": 0.9386145404663924,
                    "recall": 0.9184563758389261,
                    "f1-score": 0.9284260515603799,
                    "support": 2980
                },
                "micro avg": {
                    "precision": 0.9363115001509206,
                    "recall": 0.9363115001509206,
                    "f1-score": 0.9363115001509206,
                    "support": 6626
                },
                "macro avg": {
                    "precision": 0.9365579440876437,
                    "recall": 0.9346807386600007,
                    "f1-score": 0.9355289583522399,
                    "support": 6626
                },
                "weighted avg": {
                    "precision": 0.9363512291482765,
                    "recall": 0.9363115001509206,
                    "f1-score": 0.9362428937466527,
                    "support": 6626
                },
                "samples avg": {
                    "precision": 0.9363115001509206,
                    "recall": 0.9363115001509206,
                    "f1-score": 0.9363115001509206,
                    "support": 6626
                }
            }
        },
        "val": {
            "accuracy": 0.8589562773704529,
            "precision": 0.8589562773704529,
            "recall": 0.8589562773704529,
            "f1": 0.8589562273704557,
            "classification_report": {
                "chihuahua": {
                    "precision": 0.9337748344370861,
                    "recall": 0.7790055248618785,
                    "f1-score": 0.8493975903614458,
                    "support": 362
                },
                "muffin": {
                    "precision": 0.8034398034398035,
                    "recall": 0.9423631123919308,
                    "f1-score": 0.8673740053050398,
                    "support": 347
                },
                "micro avg": {
                    "precision": 0.8589562764456982,
                    "recall": 0.8589562764456982,
                    "f1-score": 0.8589562764456982,
                    "support": 709
                },
                "macro avg": {
                    "precision": 0.8686073189384448,
                    "recall": 0.8606843186269046,
                    "f1-score": 0.8583857978332428,
                    "support": 709
                },
                "weighted avg": {
                    "precision": 0.8699860392945514,
                    "recall": 0.8589562764456982,
                    "f1-score": 0.8581956382957576,
                    "support": 709
                },
                "samples avg": {
                    "precision": 0.8589562764456982,
                    "recall": 0.8589562764456982,
                    "f1-score": 0.8589562764456982,
                    "support": 709
                }
            }
        },
        "test": {
            "accuracy": 0.8691983222961426,
            "precision": 0.8691983222961426,
            "recall": 0.8691983222961426,
            "f1": 0.8691982722961454,
            "classification_report": {
                "chihuahua": {
                    "precision": 0.9404388714733543,
                    "recall": 0.8021390374331551,
                    "f1-score": 0.8658008658008658,
                    "support": 374
                },
                "muffin": {
                    "precision": 0.8112244897959183,
                    "recall": 0.9436201780415431,
                    "f1-score": 0.8724279835390947,
                    "support": 337
                },
                "micro avg": {
                    "precision": 0.869198312236287,
                    "recall": 0.869198312236287,
                    "f1-score": 0.869198312236287,
                    "support": 711
                },
                "macro avg": {
                    "precision": 0.8758316806346362,
                    "recall": 0.8728796077373491,
                    "f1-score": 0.8691144246699802,
                    "support": 711
                },
                "weighted avg": {
                    "precision": 0.8791937988639367,
                    "recall": 0.869198312236287,
                    "f1-score": 0.8689419891170165,
                    "support": 711
                },
                "samples avg": {
                    "precision": 0.869198312236287,
                    "recall": 0.869198312236287,
                    "f1-score": 0.869198312236287,
                    "support": 711
                }
            }
        }
    },
    "training_history": {
        "accuracy": [
            0.6901599764823914,
            0.7559613585472107,
            0.7912768125534058,
            0.8176878690719604,
            0.8406278491020203,
            0.8602474927902222,
            0.8762450814247131,
            0.8880168795585632,
            0.8963175415992737,
            0.9000905752182007,
            0.9062783122062683,
            0.9120132923126221,
            0.9153335094451904,
            0.9189556241035461,
            0.923181414604187
        ],
        "loss": [
            0.5881893038749695,
            0.5049704313278198,
            0.456457257270813,
            0.4182646572589874,
            0.38310983777046204,
            0.33933019638061523,
            0.3083416819572449,
            0.2867242395877838,
            0.2711116075515747,
            0.2580547034740448,
            0.24666185677051544,
            0.23277239501476288,
            0.22503012418746948,
            0.21158739924430847,
            0.1987704634666443
        ],
        "val_accuracy": [
            0.7715091705322266,
            0.8011283278465271,
            0.8208744525909424,
            0.8519040942192078,
            0.8533145189285278,
            0.8307475447654724,
            0.8166431784629822,
            0.8166431784629822,
            0.8406205773353577,
            0.8321579694747925,
            0.8363893032073975,
            0.8547249436378479,
            0.8476727604866028,
            0.8547249436378479,
            0.8589562773704529
        ],
        "val_loss": [
            0.49942585825920105,
            0.44019463658332825,
            0.4059034287929535,
            0.36006423830986023,
            0.3645321726799011,
            0.42779338359832764,
            0.47643935680389404,
            0.47032567858695984,
            0.4093416631221771,
            0.4172387719154358,
            0.4067981541156769,
            0.33023789525032043,
            0.3612414002418518,
            0.3379826843738556,
            0.3339262008666992
        ]
    }
}