{
    "name": "trial_28",
    "start_time": "2024-10-24 13:21:20.417",
    "duration": "0:05:41.885",
    "directory": "/home/krakerlu/github/ImageMLResearch/demo/chihuahua_vs_muffin/experiments/experiment_04/output/trial_28",
    "hyperparameters": {
        "normalization": "standard",
        "batch_size": 128,
        "learning_rate": 8.321656934483455e-05
    },
    "figures": {
        "training_history": "/home/krakerlu/github/ImageMLResearch/demo/chihuahua_vs_muffin/experiments/experiment_04/output/trial_28/training_history.png"
    },
    "evaluation_metrics": {
        "train": {
            "accuracy": 0.942952036857605,
            "precision": 0.942952036857605,
            "recall": 0.942952036857605,
            "f1": 0.9429519868576076,
            "classification_report": {
                "chihuahua": {
                    "precision": 0.9099347717009534,
                    "recall": 0.9947888096544159,
                    "f1-score": 0.9504716981132075,
                    "support": 3646
                },
                "muffin": {
                    "precision": 0.9928030303030303,
                    "recall": 0.8795302013422819,
                    "f1-score": 0.9327402135231316,
                    "support": 2980
                },
                "micro avg": {
                    "precision": 0.9429520072441896,
                    "recall": 0.9429520072441896,
                    "f1-score": 0.9429520072441896,
                    "support": 6626
                },
                "macro avg": {
                    "precision": 0.9513689010019919,
                    "recall": 0.9371595054983488,
                    "f1-score": 0.9416059558181695,
                    "support": 6626
                },
                "weighted avg": {
                    "precision": 0.9472042269732428,
                    "recall": 0.9429520072441896,
                    "f1-score": 0.9424970793268469,
                    "support": 6626
                },
                "samples avg": {
                    "precision": 0.9429520072441896,
                    "recall": 0.9429520072441896,
                    "f1-score": 0.9429520072441896,
                    "support": 6626
                }
            }
        },
        "val": {
            "accuracy": 0.8942171931266785,
            "precision": 0.8942171931266785,
            "recall": 0.8942171931266785,
            "f1": 0.8942171431266812,
            "classification_report": {
                "chihuahua": {
                    "precision": 0.9258160237388724,
                    "recall": 0.861878453038674,
                    "f1-score": 0.8927038626609443,
                    "support": 362
                },
                "muffin": {
                    "precision": 0.8655913978494624,
                    "recall": 0.9279538904899135,
                    "f1-score": 0.8956884561891516,
                    "support": 347
                },
                "micro avg": {
                    "precision": 0.8942172073342737,
                    "recall": 0.8942172073342737,
                    "f1-score": 0.8942172073342737,
                    "support": 709
                },
                "macro avg": {
                    "precision": 0.8957037107941674,
                    "recall": 0.8949161717642937,
                    "f1-score": 0.8941961594250479,
                    "support": 709
                },
                "weighted avg": {
                    "precision": 0.8963407837055506,
                    "recall": 0.8942172073342737,
                    "f1-score": 0.8941645875612094,
                    "support": 709
                },
                "samples avg": {
                    "precision": 0.8942172073342737,
                    "recall": 0.8942172073342737,
                    "f1-score": 0.8942172073342737,
                    "support": 709
                }
            }
        },
        "test": {
            "accuracy": 0.8931083083152771,
            "precision": 0.8931083083152771,
            "recall": 0.8931083083152771,
            "f1": 0.8931082583152798,
            "classification_report": {
                "chihuahua": {
                    "precision": 0.9232954545454546,
                    "recall": 0.8689839572192514,
                    "f1-score": 0.8953168044077136,
                    "support": 374
                },
                "muffin": {
                    "precision": 0.8635097493036211,
                    "recall": 0.9198813056379822,
                    "f1-score": 0.8908045977011494,
                    "support": 337
                },
                "micro avg": {
                    "precision": 0.8931082981715893,
                    "recall": 0.8931082981715893,
                    "f1-score": 0.8931082981715893,
                    "support": 711
                },
                "macro avg": {
                    "precision": 0.8934026019245378,
                    "recall": 0.8944326314286168,
                    "f1-score": 0.8930607010544315,
                    "support": 711
                },
                "weighted avg": {
                    "precision": 0.8949582074758372,
                    "recall": 0.8931082981715893,
                    "f1-score": 0.8931781072767542,
                    "support": 711
                },
                "samples avg": {
                    "precision": 0.8931082981715893,
                    "recall": 0.8931082981715893,
                    "f1-score": 0.8931082981715893,
                    "support": 711
                }
            }
        }
    },
    "training_history": {
        "accuracy": [
            0.6949894428253174,
            0.774222731590271,
            0.8115001320838928,
            0.8370057344436646,
            0.859643816947937,
            0.8797162771224976,
            0.896468460559845,
            0.9046181440353394,
            0.9169936776161194,
            0.9228795766830444,
            0.9358587265014648,
            0.9369151592254639,
            0.9468759298324585,
            0.9438575506210327,
            0.9538183212280273
        ],
        "loss": [
            0.5712891221046448,
            0.47620514035224915,
            0.4255865514278412,
            0.38000550866127014,
            0.33462655544281006,
            0.2962709069252014,
            0.2598581314086914,
            0.23338596522808075,
            0.20679138600826263,
            0.19301551580429077,
            0.1699509620666504,
            0.1555911749601364,
            0.1424524486064911,
            0.14352616667747498,
            0.1254425197839737
        ],
        "val_accuracy": [
            0.7898448705673218,
            0.8124118447303772,
            0.8462623357772827,
            0.8589562773704529,
            0.8674188852310181,
            0.861777126789093,
            0.8504936695098877,
            0.8631876111030579,
            0.8815232515335083,
            0.875881552696228,
            0.8871650099754333,
            0.8913963437080383,
            0.8575458526611328,
            0.8688293099403381,
            0.8942171931266785
        ],
        "val_loss": [
            0.46149498224258423,
            0.40729254484176636,
            0.357406347990036,
            0.33631017804145813,
            0.32153192162513733,
            0.3299456834793091,
            0.3468131721019745,
            0.32740578055381775,
            0.2868809103965759,
            0.30137524008750916,
            0.28423938155174255,
            0.2902200222015381,
            0.37198343873023987,
            0.36560630798339844,
            0.2942769229412079
        ]
    }
}