{
    "name": "trial_82",
    "start_time": "2024-10-20 12:18:47.583",
    "duration": "32.997",
    "directory": "/home/krakerlu/github/ImageMLResearch/demo/chihuahua_vs_muffin/experiments/experiment_03/output/trial_82",
    "hyperparameters": {
        "units1": 128,
        "kernel_size1": 3,
        "units2": 64,
        "kernel_size2": 7,
        "dense_units": 128,
        "dropout_rate": 0.2092345389957374,
        "learning_rate": 7.772106031977693e-05
    },
    "figures": {
        "model_summary": "/home/krakerlu/github/ImageMLResearch/demo/chihuahua_vs_muffin/experiments/experiment_03/output/trial_82/model_summary.png",
        "confusion_matrix": "/home/krakerlu/github/ImageMLResearch/demo/chihuahua_vs_muffin/experiments/experiment_03/output/trial_82/confusion_matrix.png",
        "training_history": "/home/krakerlu/github/ImageMLResearch/demo/chihuahua_vs_muffin/experiments/experiment_03/output/trial_82/training_history.png"
    },
    "evaluation_metrics": {
        "train": {
            "accuracy": 0.9428125023841858,
            "precision": 0.9428125023841858,
            "recall": 0.9428125023841858,
            "f1": 0.9428124523841884,
            "classification_report": {
                "chihuahua": {
                    "precision": 0.9310722100656456,
                    "recall": 0.9675952245594087,
                    "f1-score": 0.9489824365765264,
                    "support": 1759
                },
                "muffin": {
                    "precision": 0.9584548104956269,
                    "recall": 0.9125607217210271,
                    "f1-score": 0.9349448986846782,
                    "support": 1441
                },
                "micro avg": {
                    "precision": 0.9428125,
                    "recall": 0.9428125,
                    "f1-score": 0.9428125,
                    "support": 3200
                },
                "macro avg": {
                    "precision": 0.9447635102806362,
                    "recall": 0.9400779731402179,
                    "f1-score": 0.9419636676306022,
                    "support": 3200
                },
                "weighted avg": {
                    "precision": 0.9434029373217715,
                    "recall": 0.9428125,
                    "f1-score": 0.9426611577946035,
                    "support": 3200
                },
                "samples avg": {
                    "precision": 0.9428125,
                    "recall": 0.9428125,
                    "f1-score": 0.9428125,
                    "support": 3200
                }
            }
        },
        "val": {
            "accuracy": 0.8921874761581421,
            "precision": 0.8921874761581421,
            "recall": 0.8921874761581421,
            "f1": 0.8921874261581448,
            "classification_report": {
                "chihuahua": {
                    "precision": 0.8628571428571429,
                    "recall": 0.934984520123839,
                    "f1-score": 0.8974739970282318,
                    "support": 323
                },
                "muffin": {
                    "precision": 0.9275862068965517,
                    "recall": 0.8485804416403786,
                    "f1-score": 0.886326194398682,
                    "support": 317
                },
                "micro avg": {
                    "precision": 0.8921875,
                    "recall": 0.8921875,
                    "f1-score": 0.8921875,
                    "support": 640
                },
                "macro avg": {
                    "precision": 0.8952216748768473,
                    "recall": 0.8917824808821089,
                    "f1-score": 0.8919000957134569,
                    "support": 640
                },
                "weighted avg": {
                    "precision": 0.8949182573891626,
                    "recall": 0.8921875,
                    "f1-score": 0.891952351038283,
                    "support": 640
                },
                "samples avg": {
                    "precision": 0.8921875,
                    "recall": 0.8921875,
                    "f1-score": 0.8921875,
                    "support": 640
                }
            }
        },
        "test": {
            "accuracy": 0.9048152565956116,
            "precision": 0.9048152565956116,
            "recall": 0.9048152565956116,
            "f1": 0.9048152065956143,
            "classification_report": {
                "chihuahua": {
                    "precision": 0.8813229571984436,
                    "recall": 0.949685534591195,
                    "f1-score": 0.9142280524722503,
                    "support": 477
                },
                "muffin": {
                    "precision": 0.9366754617414248,
                    "recall": 0.8533653846153846,
                    "f1-score": 0.8930817610062893,
                    "support": 416
                },
                "micro avg": {
                    "precision": 0.9048152295632699,
                    "recall": 0.9048152295632699,
                    "f1-score": 0.9048152295632699,
                    "support": 893
                },
                "macro avg": {
                    "precision": 0.9089992094699342,
                    "recall": 0.9015254596032898,
                    "f1-score": 0.9036549067392698,
                    "support": 893
                },
                "weighted avg": {
                    "precision": 0.9071086704009971,
                    "recall": 0.9048152295632699,
                    "f1-score": 0.9043771484970659,
                    "support": 893
                },
                "samples avg": {
                    "precision": 0.9048152295632699,
                    "recall": 0.9048152295632699,
                    "f1-score": 0.9048152295632699,
                    "support": 893
                }
            }
        }
    },
    "training_history": {
        "accuracy": [
            0.6009374856948853,
            0.7378125190734863,
            0.7790625095367432,
            0.8184375166893005,
            0.8303124904632568,
            0.8359375,
            0.8431249856948853,
            0.8478124737739563,
            0.8553125262260437,
            0.8631250262260437,
            0.8668749928474426,
            0.8799999952316284,
            0.8824999928474426,
            0.8812500238418579,
            0.8856250047683716,
            0.8949999809265137,
            0.8956249952316284,
            0.9100000262260437,
            0.9125000238418579,
            0.9121875166893005,
            0.9215624928474426,
            0.9215624928474426,
            0.926562488079071,
            0.9375,
            0.9384375214576721
        ],
        "loss": [
            0.6547430157661438,
            0.5359545350074768,
            0.48132243752479553,
            0.42976075410842896,
            0.4019327163696289,
            0.3858819305896759,
            0.37283042073249817,
            0.3616296350955963,
            0.3403482139110565,
            0.32720747590065,
            0.31432774662971497,
            0.2974882423877716,
            0.2826291620731354,
            0.28619053959846497,
            0.2968043386936188,
            0.25929978489875793,
            0.24909664690494537,
            0.23860666155815125,
            0.22326059639453888,
            0.222861647605896,
            0.2056446522474289,
            0.19620002806186676,
            0.19565607607364655,
            0.17529235780239105,
            0.16991697251796722
        ],