{
    "name": "trial_21",
    "start_time": "2024-10-20 11:47:04.303",
    "duration": "25.170",
    "directory": "/home/krakerlu/github/ImageMLResearch/demo/chihuahua_vs_muffin/experiments/experiment_03/output/trial_21",
    "hyperparameters": {
        "units1": 128,
        "kernel_size1": 3,
        "units2": 64,
        "kernel_size2": 3,
        "dense_units": 256,
        "dropout_rate": 0.23707336375983296,
        "learning_rate": 1.0037508081534541e-05
    },
    "figures": {
        "model_summary": "/home/krakerlu/github/ImageMLResearch/demo/chihuahua_vs_muffin/experiments/experiment_03/output/trial_21/model_summary.png",
        "confusion_matrix": "/home/krakerlu/github/ImageMLResearch/demo/chihuahua_vs_muffin/experiments/experiment_03/output/trial_21/confusion_matrix.png",
        "training_history": "/home/krakerlu/github/ImageMLResearch/demo/chihuahua_vs_muffin/experiments/experiment_03/output/trial_21/training_history.png"
    },
    "evaluation_metrics": {
        "train": {
            "accuracy": 0.8631250262260437,
            "precision": 0.8631250262260437,
            "recall": 0.8631250262260437,
            "f1": 0.8631249762260466,
            "classification_report": {
                "chihuahua": {
                    "precision": 0.8591625883632409,
                    "recall": 0.8982376350198976,
                    "f1-score": 0.8782657031684269,
                    "support": 1759
                },
                "muffin": {
                    "precision": 0.8684790595150624,
                    "recall": 0.8202637057598889,
                    "f1-score": 0.8436830835117773,
                    "support": 1441
                },
                "micro avg": {
                    "precision": 0.863125,
                    "recall": 0.863125,
                    "f1-score": 0.863125,
                    "support": 3200
                },
                "macro avg": {
                    "precision": 0.8638208239391516,
                    "recall": 0.8592506703898932,
                    "f1-score": 0.8609743933401022,
                    "support": 3200
                },
                "weighted avg": {
                    "precision": 0.8633579117787954,
                    "recall": 0.863125,
                    "f1-score": 0.862692717254292,
                    "support": 3200
                },
                "samples avg": {
                    "precision": 0.863125,
                    "recall": 0.863125,
                    "f1-score": 0.863125,
                    "support": 3200
                }
            }
        },
        "val": {
            "accuracy": 0.846875011920929,
            "precision": 0.846875011920929,
            "recall": 0.846875011920929,
            "f1": 0.8468749619209319,
            "classification_report": {
                "chihuahua": {
                    "precision": 0.8186968838526912,
                    "recall": 0.8947368421052632,
                    "f1-score": 0.8550295857988166,
                    "support": 323
                },
                "muffin": {
                    "precision": 0.8815331010452961,
                    "recall": 0.7981072555205048,
                    "f1-score": 0.8377483443708609,
                    "support": 317
                },
                "micro avg": {
                    "precision": 0.846875,
                    "recall": 0.846875,
                    "f1-score": 0.846875,
                    "support": 640
                },
                "macro avg": {
                    "precision": 0.8501149924489937,
                    "recall": 0.846422048812884,
                    "f1-score": 0.8463889650848387,
                    "support": 640
                },
                "weighted avg": {
                    "precision": 0.8498204476809033,
                    "recall": 0.846875,
                    "f1-score": 0.8464699709040323,
                    "support": 640
                },
                "samples avg": {
                    "precision": 0.846875,
                    "recall": 0.846875,
                    "f1-score": 0.846875,
                    "support": 640
                }
            }
        },
        "test": {
            "accuracy": 0.8510638475418091,
            "precision": 0.8510638475418091,
            "recall": 0.8510638475418091,
            "f1": 0.8510637975418119,
            "classification_report": {
                "chihuahua": {
                    "precision": 0.844,
                    "recall": 0.8846960167714885,
                    "f1-score": 0.8638689866939611,
                    "support": 477
                },
                "muffin": {
                    "precision": 0.8600508905852418,
                    "recall": 0.8125,
                    "f1-score": 0.8355995055624228,
                    "support": 416
                },
                "micro avg": {
                    "precision": 0.851063829787234,
                    "recall": 0.851063829787234,
                    "f1-score": 0.851063829787234,
                    "support": 893
                },
                "macro avg": {
                    "precision": 0.8520254452926208,
                    "recall": 0.8485980083857443,
                    "f1-score": 0.8497342461281919,
                    "support": 893
                },
                "weighted avg": {
                    "precision": 0.8514772345839423,
                    "recall": 0.851063829787234,
                    "f1-score": 0.8506997771186867,
                    "support": 893
                },
                "samples avg": {
                    "precision": 0.851063829787234,
                    "recall": 0.851063829787234,
                    "f1-score": 0.851063829787234,
                    "support": 893
                }
            }
        }
    },
    "training_history": {
        "accuracy": [
            0.5487499833106995,
            0.5840625166893005,
            0.6228125095367432,
            0.6759374737739563,
            0.7059375047683716,
            0.7303125262260437,
            0.7381250262260437,
            0.7471874952316284,
            0.7696874737739563,
            0.7759374976158142,
            0.7878124713897705,
            0.793749988079071,
            0.8018749952316284,
            0.8031250238418579,
            0.8168749809265137,
            0.8246874809265137,
            0.8274999856948853,
            0.8356249928474426,
            0.8359375,
            0.8403124809265137,
            0.8456249833106995,
            0.8534374833106995,
            0.8596875071525574,
            0.8590624928474426,
            0.854687511920929
        ],
        "loss": [
            0.6838142275810242,
            0.672396183013916,
            0.6520619988441467,
            0.623334527015686,
            0.5970364212989807,
            0.5684569478034973,
            0.5444375276565552,
            0.5283491611480713,
            0.5065076351165771,
            0.49393802881240845,
            0.4762961268424988,
            0.4654415249824524,
            0.4469098746776581,
            0.4351491928100586,
            0.4241740107536316,
            0.41602030396461487,
            0.4039337933063507,
            0.3904801309108734,
            0.3879842758178711,
            0.38056209683418274,
            0.3720817267894745,
            0.3672664761543274,
            0.3542972505092621,
            0.3480553925037384,
            0.3478085398674011
        ],