{
    "name": "trial_91",
    "start_time": "2024-10-27 13:57:39.046",
    "duration": "0:05:48.658",
    "directory": "/home/krakerlu/github/ImageMLResearch/demo/chihuahua_vs_muffin/experiments/experiment_04/output/trial_91",
    "hyperparameters": {
        "normalization": "standard",
        "batch_size": 256,
        "learning_rate": 6.484871426115078e-05
    },
    "figures": {
        "training_history": "/home/krakerlu/github/ImageMLResearch/demo/chihuahua_vs_muffin/experiments/experiment_04/output/trial_91/training_history.png"
    },
    "evaluation_metrics": {
        "train": {
            "accuracy": 0.9310292601585388,
            "precision": 0.9310292601585388,
            "recall": 0.9310292601585388,
            "f1": 0.9310292101585415,
            "classification_report": {
                "chihuahua": {
                    "precision": 0.9386519944979367,
                    "recall": 0.9358200767964893,
                    "f1-score": 0.9372338964427963,
                    "support": 3646
                },
                "muffin": {
                    "precision": 0.921765295887663,
                    "recall": 0.9251677852348993,
                    "f1-score": 0.9234634064645788,
                    "support": 2980
                },
                "micro avg": {
                    "precision": 0.9310292785994567,
                    "recall": 0.9310292785994567,
                    "f1-score": 0.9310292785994567,
                    "support": 6626
                },
                "macro avg": {
                    "precision": 0.9302086451927998,
                    "recall": 0.9304939310156943,
                    "f1-score": 0.9303486514536876,
                    "support": 6626
                },
                "weighted avg": {
                    "precision": 0.9310573126599325,
                    "recall": 0.9310292785994567,
                    "f1-score": 0.931040708979004,
                    "support": 6626
                },
                "samples avg": {
                    "precision": 0.9310292785994567,
                    "recall": 0.9310292785994567,
                    "f1-score": 0.9310292785994567,
                    "support": 6626
                }
            }
        },
        "val": {
            "accuracy": 0.8335683941841125,
            "precision": 0.8335683941841125,
            "recall": 0.8335683941841125,
            "f1": 0.8335683441841155,
            "classification_report": {
                "chihuahua": {
                    "precision": 0.9518518518518518,
                    "recall": 0.7099447513812155,
                    "f1-score": 0.8132911392405063,
                    "support": 362
                },
                "muffin": {
                    "precision": 0.7608200455580866,
                    "recall": 0.962536023054755,
                    "f1-score": 0.8498727735368957,
                    "support": 347
                },
                "micro avg": {
                    "precision": 0.8335684062059239,
                    "recall": 0.8335684062059239,
                    "f1-score": 0.8335684062059239,
                    "support": 709
                },
                "macro avg": {
                    "precision": 0.8563359487049692,
                    "recall": 0.8362403872179853,
                    "f1-score": 0.831581956388701,
                    "support": 709
                },
                "weighted avg": {
                    "precision": 0.8583567365007425,
                    "recall": 0.8335684062059239,
                    "f1-score": 0.8311949856450862,
                    "support": 709
                },
                "samples avg": {
                    "precision": 0.8335684062059239,
                    "recall": 0.8335684062059239,
                    "f1-score": 0.8335684062059239,
                    "support": 709
                }
            }
        },
        "test": {
            "accuracy": 0.8607594966888428,
            "precision": 0.8607594966888428,
            "recall": 0.8607594966888428,
            "f1": 0.8607594466888456,
            "classification_report": {
                "chihuahua": {
                    "precision": 0.9478827361563518,
                    "recall": 0.7780748663101604,
                    "f1-score": 0.8546255506607929,
                    "support": 374
                },
                "muffin": {
                    "precision": 0.7945544554455446,
                    "recall": 0.9525222551928784,
                    "f1-score": 0.8663967611336032,
                    "support": 337
                },
                "micro avg": {
                    "precision": 0.8607594936708861,
                    "recall": 0.8607594936708861,
                    "f1-score": 0.8607594936708861,
                    "support": 711
                },
                "macro avg": {
                    "precision": 0.8712185958009482,
                    "recall": 0.8652985607515193,
                    "f1-score": 0.8605111558971981,
                    "support": 711
                },
                "weighted avg": {
                    "precision": 0.8752081502216936,
                    "recall": 0.8607594936708861,
                    "f1-score": 0.8602048726429831,
                    "support": 711
                },
                "samples avg": {
                    "precision": 0.8607594936708861,
                    "recall": 0.8607594936708861,
                    "f1-score": 0.8607594936708861,
                    "support": 711
                }
            }
        }
    },
    "training_history": {
        "accuracy": [
            0.6688801646232605,
            0.7493208646774292,
            0.7737699747085571,
            0.807425320148468,
            0.8225173354148865,
            0.829308807849884,
            0.8578327894210815,
            0.8679444789886475,
            0.8769996762275696,
            0.8851494193077087,
            0.8952611088752747,
            0.897524893283844,
            0.9047690629959106,
            0.9189556241035461,
            0.9182010293006897
        ],
        "loss": [
            0.5979625582695007,
            0.5120102763175964,
            0.4823961555957794,
            0.4327649772167206,
            0.408996045589447,
            0.3949058949947357,
            0.34609392285346985,
            0.3271414339542389,
            0.30456802248954773,
            0.2885158360004425,
            0.26887089014053345,
            0.2527984082698822,
            0.24120421707630157,
            0.21570329368114471,
            0.2139953225851059
        ],
        "val_accuracy": [
            0.726375162601471,
            0.7799717783927917,
            0.7433004379272461,
            0.7954866290092468,
            0.8194640278816223,
            0.7672778367996216,
            0.8194640278816223,
            0.8279266357421875,
            0.8251057863235474,
            0.803949236869812,
            0.8561354279518127,
            0.8674188852310181,
            0.8420310020446777,
            0.860366702079773,
            0.8335683941841125
        ],
        "val_loss": [
            0.5409461259841919,
            0.46910330653190613,
            0.5038281083106995,
            0.4434434771537781,
            0.4049956500530243,
            0.51929771900177,
            0.40661928057670593,
            0.407917320728302,
            0.4201008379459381,
            0.4626769721508026,
            0.35947486758232117,
            0.3322344124317169,
            0.37887871265411377,
            0.33458656072616577,
            0.3964213728904724
        ]
    }
}