{
    "name": "trial_93",
    "start_time": "2024-10-23 08:57:20.968",
    "duration": "21.179",
    "directory": "/home/krakerlu/github/ImageMLResearch/demo/chihuahua_vs_muffin/experiments/experiment_05/output/trial_93",
    "hyperparameters": {
        "dense_units": 256,
        "dropout_rate": 0.377242687199327,
        "learning_rate": 2.8307555769685253e-05
    },
    "figures": {
        "model_summary": "/home/krakerlu/github/ImageMLResearch/demo/chihuahua_vs_muffin/experiments/experiment_05/output/trial_93/model_summary.png",
        "confusion_matrix": "/home/krakerlu/github/ImageMLResearch/demo/chihuahua_vs_muffin/experiments/experiment_05/output/trial_93/confusion_matrix.png",
        "training_history": "/home/krakerlu/github/ImageMLResearch/demo/chihuahua_vs_muffin/experiments/experiment_05/output/trial_93/training_history.png"
    },
    "evaluation_metrics": {
        "train": {
            "accuracy": 0.9946874976158142,
            "precision": 0.9946874976158142,
            "recall": 0.9946874976158142,
            "f1": 0.9946874476158167,
            "classification_report": {
                "chihuahua": {
                    "precision": 0.9943246311010215,
                    "recall": 0.9960204661739624,
                    "f1-score": 0.9951718261857427,
                    "support": 1759
                },
                "muffin": {
                    "precision": 0.9951321279554938,
                    "recall": 0.993060374739764,
                    "f1-score": 0.9940951719346995,
                    "support": 1441
                },
                "micro avg": {
                    "precision": 0.9946875,
                    "recall": 0.9946875,
                    "f1-score": 0.9946875,
                    "support": 3200
                },
                "macro avg": {
                    "precision": 0.9947283795282577,
                    "recall": 0.9945404204568633,
                    "f1-score": 0.9946334990602211,
                    "support": 3200
                },
                "weighted avg": {
                    "precision": 0.9946882570283012,
                    "recall": 0.9946875,
                    "f1-score": 0.9946869953183198,
                    "support": 3200
                },
                "samples avg": {
                    "precision": 0.9946875,
                    "recall": 0.9946875,
                    "f1-score": 0.9946875,
                    "support": 3200
                }
            }
        },
        "val": {
            "accuracy": 0.987500011920929,
            "precision": 0.987500011920929,
            "recall": 0.987500011920929,
            "f1": 0.9874999619209315,
            "classification_report": {
                "chihuahua": {
                    "precision": 0.9876160990712074,
                    "recall": 0.9876160990712074,
                    "f1-score": 0.9876160990712074,
                    "support": 323
                },
                "muffin": {
                    "precision": 0.9873817034700315,
                    "recall": 0.9873817034700315,
                    "f1-score": 0.9873817034700315,
                    "support": 317
                },
                "micro avg": {
                    "precision": 0.9875,
                    "recall": 0.9875,
                    "f1-score": 0.9875,
                    "support": 640
                },
                "macro avg": {
                    "precision": 0.9874989012706195,
                    "recall": 0.9874989012706195,
                    "f1-score": 0.9874989012706195,
                    "support": 640
                },
                "weighted avg": {
                    "precision": 0.9875,
                    "recall": 0.9875,
                    "f1-score": 0.9875,
                    "support": 640
                },
                "samples avg": {
                    "precision": 0.9875,
                    "recall": 0.9875,
                    "f1-score": 0.9875,
                    "support": 640
                }
            }
        },
        "test": {
            "accuracy": 0.9843224883079529,
            "precision": 0.9843224883079529,
            "recall": 0.9843224883079529,
            "f1": 0.9843224383079554,
            "classification_report": {
                "chihuahua": {
                    "precision": 0.9812889812889813,
                    "recall": 0.989517819706499,
                    "f1-score": 0.9853862212943633,
                    "support": 477
                },
                "muffin": {
                    "precision": 0.9878640776699029,
                    "recall": 0.9783653846153846,
                    "f1-score": 0.9830917874396136,
                    "support": 416
                },
                "micro avg": {
                    "precision": 0.9843225083986562,
                    "recall": 0.9843225083986562,
                    "f1-score": 0.9843225083986562,
                    "support": 893
                },
                "macro avg": {
                    "precision": 0.9845765294794422,
                    "recall": 0.9839416021609417,
                    "f1-score": 0.9842390043669884,
                    "support": 893
                },
                "weighted avg": {
                    "precision": 0.9843519601181676,
                    "recall": 0.9843225083986562,
                    "f1-score": 0.9843173696890152,
                    "support": 893
                },
                "samples avg": {
                    "precision": 0.9843225083986562,
                    "recall": 0.9843225083986562,
                    "f1-score": 0.9843225083986562,
                    "support": 893
                }
            }
        }
    },
    "training_history": {
        "accuracy": [
            0.6284375190734863,
            0.8399999737739563,
            0.9128124713897705,
            0.9418749809265137,
            0.9503124952316284,
            0.9603124856948853,
            0.9665625095367432,
            0.9743750095367432,
            0.96875,
            0.9725000262260437,
            0.9784374833106995,
            0.9765625,
            0.9815624952316284,
            0.9825000166893005,
            0.9828125238418579,
            0.9837499856948853,
            0.9837499856948853,
            0.9837499856948853,
            0.9846875071525574,
            0.9871875047683716,
            0.989062488079071,
            0.9906250238418579,
            0.9909374713897705,
            0.9903125166893005,
            0.9884374737739563
        ],
        "loss": [
            0.7421987652778625,
            0.359857976436615,
            0.2292700707912445,
            0.1657853126525879,
            0.13544489443302155,
            0.114533431828022,
            0.10168201476335526,
            0.084038645029068,
            0.08433873951435089,
            0.0758490264415741,
            0.06813819706439972,
            0.06559347361326218,
            0.053276047110557556,
            0.051474474370479584,
            0.05026477947831154,
            0.04673273116350174,
            0.04590382054448128,
            0.04422646015882492,
            0.04090363159775734,
            0.037298817187547684,
            0.036049503833055496,
            0.03340636193752289,
            0.030579905956983566,
            0.030812937766313553,
            0.03176321089267731
        ],