{
    "name": "trial_83",
    "start_time": "2024-10-20 12:19:21.804",
    "duration": "33.153",
    "directory": "/home/krakerlu/github/ImageMLResearch/demo/chihuahua_vs_muffin/experiments/experiment_03/output/trial_83",
    "hyperparameters": {
        "units1": 128,
        "kernel_size1": 3,
        "units2": 64,
        "kernel_size2": 7,
        "dense_units": 512,
        "dropout_rate": 0.18497461170165186,
        "learning_rate": 0.00011528438692355924
    },
    "figures": {
        "model_summary": "/home/krakerlu/github/ImageMLResearch/demo/chihuahua_vs_muffin/experiments/experiment_03/output/trial_83/model_summary.png",
        "confusion_matrix": "/home/krakerlu/github/ImageMLResearch/demo/chihuahua_vs_muffin/experiments/experiment_03/output/trial_83/confusion_matrix.png",
        "training_history": "/home/krakerlu/github/ImageMLResearch/demo/chihuahua_vs_muffin/experiments/experiment_03/output/trial_83/training_history.png"
    },
    "evaluation_metrics": {
        "train": {
            "accuracy": 0.9950000047683716,
            "precision": 0.9950000047683716,
            "recall": 0.9950000047683716,
            "f1": 0.9949999547683741,
            "classification_report": {
                "chihuahua": {
                    "precision": 0.9937677053824363,
                    "recall": 0.9971574758385446,
                    "f1-score": 0.9954597048808173,
                    "support": 1759
                },
                "muffin": {
                    "precision": 0.9965156794425087,
                    "recall": 0.9923664122137404,
                    "f1-score": 0.9944367176634215,
                    "support": 1441
                },
                "micro avg": {
                    "precision": 0.995,
                    "recall": 0.995,
                    "f1-score": 0.995,
                    "support": 3200
                },
                "macro avg": {
                    "precision": 0.9951416924124725,
                    "recall": 0.9947619440261426,
                    "f1-score": 0.9949482112721193,
                    "support": 3200
                },
                "weighted avg": {
                    "precision": 0.9950051524513627,
                    "recall": 0.995,
                    "f1-score": 0.9949990409494837,
                    "support": 3200
                },
                "samples avg": {
                    "precision": 0.995,
                    "recall": 0.995,
                    "f1-score": 0.995,
                    "support": 3200
                }
            }
        },
        "val": {
            "accuracy": 0.901562511920929,
            "precision": 0.901562511920929,
            "recall": 0.901562511920929,
            "f1": 0.9015624619209317,
            "classification_report": {
                "chihuahua": {
                    "precision": 0.891566265060241,
                    "recall": 0.9164086687306502,
                    "f1-score": 0.9038167938931297,
                    "support": 323
                },
                "muffin": {
                    "precision": 0.9123376623376623,
                    "recall": 0.886435331230284,
                    "f1-score": 0.8992,
                    "support": 317
                },
                "micro avg": {
                    "precision": 0.9015625,
                    "recall": 0.9015625,
                    "f1-score": 0.9015625,
                    "support": 640
                },
                "macro avg": {
                    "precision": 0.9019519636989517,
                    "recall": 0.9014219999804671,
                    "f1-score": 0.9015083969465649,
                    "support": 640
                },
                "weighted avg": {
                    "precision": 0.9018545977742137,
                    "recall": 0.9015625,
                    "f1-score": 0.9015300381679389,
                    "support": 640
                },
                "samples avg": {
                    "precision": 0.9015625,
                    "recall": 0.9015625,
                    "f1-score": 0.9015625,
                    "support": 640
                }
            }
        },
        "test": {
            "accuracy": 0.9070548415184021,
            "precision": 0.9070548415184021,
            "recall": 0.9070548415184021,
            "f1": 0.9070547915184048,
            "classification_report": {
                "chihuahua": {
                    "precision": 0.9070247933884298,
                    "recall": 0.9203354297693921,
                    "f1-score": 0.9136316337148803,
                    "support": 477
                },
                "muffin": {
                    "precision": 0.9070904645476773,
                    "recall": 0.8918269230769231,
                    "f1-score": 0.8993939393939394,
                    "support": 416
                },
                "micro avg": {
                    "precision": 0.9070548712206047,
                    "recall": 0.9070548712206047,
                    "f1-score": 0.9070548712206047,
                    "support": 893
                },
                "macro avg": {
                    "precision": 0.9070576289680535,
                    "recall": 0.9060811764231576,
                    "f1-score": 0.9065127865544098,
                    "support": 893
                },
                "weighted avg": {
                    "precision": 0.9070553860001286,
                    "recall": 0.9070548712206047,
                    "f1-score": 0.9069990683873199,
                    "support": 893
                },
                "samples avg": {
                    "precision": 0.9070548712206047,
                    "recall": 0.9070548712206047,
                    "f1-score": 0.9070548712206047,
                    "support": 893
                }
            }
        }
    },
    "training_history": {
        "accuracy": [
            0.6534374952316284,
            0.7900000214576721,
            0.8290625214576721,
            0.839062511920929,
            0.8553125262260437,
            0.8753125071525574,
            0.8787500262260437,
            0.8831250071525574,
            0.901562511920929,
            0.9003124833106995,
            0.9131249785423279,
            0.9231250286102295,
            0.9312499761581421,
            0.9378125071525574,
            0.9424999952316284,
            0.9440624713897705,
            0.9159374833106995,
            0.9359375238418579,
            0.9431250095367432,
            0.9428125023841858,
            0.9590625166893005,
            0.9750000238418579,
            0.9862499833106995,
            0.9862499833106995,
            0.9893749952316284
        ],
        "loss": [
            0.6097909212112427,
            0.4676477909088135,
            0.4017723798751831,
            0.3673740029335022,
            0.33805885910987854,
            0.3066212832927704,
            0.29297322034835815,
            0.279038667678833,
            0.24308429658412933,
            0.24073545634746552,
            0.21173343062400818,
            0.19502174854278564,
            0.16457460820674896,
            0.15639790892601013,
            0.15026383101940155,
            0.13818779587745667,
            0.19990341365337372,
            0.1702638864517212,
            0.14863434433937073,
            0.14145010709762573,
            0.10206378996372223,
            0.0692596510052681,
            0.0499512255191803,
            0.042114898562431335,
            0.0383044108748436
        ],