{
    "name": "trial_70",
    "start_time": "2024-10-27 11:55:15.165",
    "duration": "0:05:46.643",
    "directory": "/home/krakerlu/github/ImageMLResearch/demo/chihuahua_vs_muffin/experiments/experiment_04/output/trial_70",
    "hyperparameters": {
        "normalization": "standard",
        "batch_size": 128,
        "learning_rate": 7.247535890992744e-05
    },
    "figures": {
        "training_history": "/home/krakerlu/github/ImageMLResearch/demo/chihuahua_vs_muffin/experiments/experiment_04/output/trial_70/training_history.png"
    },
    "evaluation_metrics": {
        "train": {
            "accuracy": 0.9639299511909485,
            "precision": 0.9639299511909485,
            "recall": 0.9639299511909485,
            "f1": 0.963929901190951,
            "classification_report": {
                "chihuahua": {
                    "precision": 0.9789148158560584,
                    "recall": 0.9550191991223258,
                    "f1-score": 0.9668193808135499,
                    "support": 3646
                },
                "muffin": {
                    "precision": 0.9465623981753014,
                    "recall": 0.9748322147651006,
                    "f1-score": 0.9604893370805092,
                    "support": 2980
                },
                "micro avg": {
                    "precision": 0.9639299728342892,
                    "recall": 0.9639299728342892,
                    "f1-score": 0.9639299728342892,
                    "support": 6626
                },
                "macro avg": {
                    "precision": 0.9627386070156799,
                    "recall": 0.9649257069437132,
                    "f1-score": 0.9636543589470296,
                    "support": 6626
                },
                "weighted avg": {
                    "precision": 0.9643645283992736,
                    "recall": 0.9639299728342892,
                    "f1-score": 0.9639724852016481,
                    "support": 6626
                },
                "samples avg": {
                    "precision": 0.9639299728342892,
                    "recall": 0.9639299728342892,
                    "f1-score": 0.9639299728342892,
                    "support": 6626
                }
            }
        },
        "val": {
            "accuracy": 0.8335683941841125,
            "precision": 0.8335683941841125,
            "recall": 0.8335683941841125,
            "f1": 0.8335683441841155,
            "classification_report": {
                "chihuahua": {
                    "precision": 0.9518518518518518,
                    "recall": 0.7099447513812155,
                    "f1-score": 0.8132911392405063,
                    "support": 362
                },
                "muffin": {
                    "precision": 0.7608200455580866,
                    "recall": 0.962536023054755,
                    "f1-score": 0.8498727735368957,
                    "support": 347
                },
                "micro avg": {
                    "precision": 0.8335684062059239,
                    "recall": 0.8335684062059239,
                    "f1-score": 0.8335684062059239,
                    "support": 709
                },
                "macro avg": {
                    "precision": 0.8563359487049692,
                    "recall": 0.8362403872179853,
                    "f1-score": 0.831581956388701,
                    "support": 709
                },
                "weighted avg": {
                    "precision": 0.8583567365007425,
                    "recall": 0.8335684062059239,
                    "f1-score": 0.8311949856450862,
                    "support": 709
                },
                "samples avg": {
                    "precision": 0.8335684062059239,
                    "recall": 0.8335684062059239,
                    "f1-score": 0.8335684062059239,
                    "support": 709
                }
            }
        },
        "test": {
            "accuracy": 0.8677918314933777,
            "precision": 0.8677918314933777,
            "recall": 0.8677918314933777,
            "f1": 0.8677917814933805,
            "classification_report": {
                "chihuahua": {
                    "precision": 0.9635761589403974,
                    "recall": 0.7780748663101604,
                    "f1-score": 0.8609467455621301,
                    "support": 374
                },
                "muffin": {
                    "precision": 0.7970660146699267,
                    "recall": 0.9673590504451038,
                    "f1-score": 0.8739946380697051,
                    "support": 337
                },
                "micro avg": {
                    "precision": 0.8677918424753868,
                    "recall": 0.8677918424753868,
                    "f1-score": 0.8677918424753868,
                    "support": 711
                },
                "macro avg": {
                    "precision": 0.8803210868051621,
                    "recall": 0.8727169583776322,
                    "f1-score": 0.8674706918159176,
                    "support": 711
                },
                "weighted avg": {
                    "precision": 0.8846536292369535,
                    "recall": 0.8677918424753868,
                    "f1-score": 0.8671311896901932,
                    "support": 711
                },
                "samples avg": {
                    "precision": 0.8677918424753868,
                    "recall": 0.8677918424753868,
                    "f1-score": 0.8677918424753868,
                    "support": 711
                }
            }
        }
    },
    "training_history": {
        "accuracy": [
            0.704950213432312,
            0.7936915159225464,
            0.8238756656646729,
            0.8487775325775146,
            0.8748868107795715,
            0.8828855752944946,
            0.8966193795204163,
            0.9095985293388367,
            0.913522481918335,
            0.9118623733520508,
            0.9266526103019714,
            0.9345004558563232,
            0.9435557126998901,
            0.9474796056747437,
            0.9443103075027466
        ],
        "loss": [
            0.5606334209442139,
            0.4525614380836487,
            0.39966630935668945,
            0.3553815484046936,
            0.30894744396209717,
            0.2915675640106201,
            0.2618083655834198,
            0.23426835238933563,
            0.22215470671653748,
            0.2130618542432785,
            0.1848880648612976,
            0.16993172466754913,
            0.15451191365718842,
            0.14375349879264832,
            0.1456739753484726
        ],
        "val_accuracy": [
            0.7884343862533569,
            0.7884343862533569,
            0.8067700862884521,
            0.8236953616142273,
            0.8462623357772827,
            0.8392101526260376,
            0.8152326941490173,
            0.8476727604866028,
            0.8152326941490173,
            0.8533145189285278,
            0.8011283278465271,
            0.8335683941841125,
            0.8406205773353577,
            0.8631876111030579,
            0.8335683941841125
        ],
        "val_loss": [
            0.45269694924354553,
            0.46941888332366943,
            0.4338417947292328,
            0.4306463599205017,
            0.38105136156082153,
            0.39888477325439453,
            0.48780766129493713,
            0.3684716820716858,
            0.44561105966567993,
            0.359269380569458,
            0.508117139339447,
            0.41223976016044617,
            0.4200124740600586,
            0.3470986783504486,
            0.43765518069267273
        ]
    }
}