{
    "name": "trial_9",
    "start_time": "2024-10-20 11:42:25.940",
    "duration": "27.983",
    "directory": "/home/krakerlu/github/ImageMLResearch/demo/chihuahua_vs_muffin/experiments/experiment_03/output/trial_9",
    "hyperparameters": {
        "units1": 64,
        "kernel_size1": 7,
        "units2": 64,
        "kernel_size2": 7,
        "dense_units": 256,
        "dropout_rate": 0.4399415525895406,
        "learning_rate": 4.147251852678914e-05
    },
    "figures": {
        "model_summary": "/home/krakerlu/github/ImageMLResearch/demo/chihuahua_vs_muffin/experiments/experiment_03/output/trial_9/model_summary.png",
        "confusion_matrix": "/home/krakerlu/github/ImageMLResearch/demo/chihuahua_vs_muffin/experiments/experiment_03/output/trial_9/confusion_matrix.png",
        "training_history": "/home/krakerlu/github/ImageMLResearch/demo/chihuahua_vs_muffin/experiments/experiment_03/output/trial_9/training_history.png"
    },
    "evaluation_metrics": {
        "train": {
            "accuracy": 0.9131249785423279,
            "precision": 0.9131249785423279,
            "recall": 0.9131249785423279,
            "f1": 0.9131249285423306,
            "classification_report": {
                "chihuahua": {
                    "precision": 0.9302730970366067,
                    "recall": 0.9101762364980103,
                    "f1-score": 0.9201149425287356,
                    "support": 1759
                },
                "muffin": {
                    "precision": 0.8931710615280595,
                    "recall": 0.9167244968771686,
                    "f1-score": 0.9047945205479452,
                    "support": 1441
                },
                "micro avg": {
                    "precision": 0.913125,
                    "recall": 0.913125,
                    "f1-score": 0.913125,
                    "support": 3200
                },
                "macro avg": {
                    "precision": 0.9117220792823331,
                    "recall": 0.9134503666875895,
                    "f1-score": 0.9124547315383404,
                    "support": 3200
                },
                "weighted avg": {
                    "precision": 0.913565586671664,
                    "recall": 0.913125,
                    "f1-score": 0.9132159650055109,
                    "support": 3200
                },
                "samples avg": {
                    "precision": 0.913125,
                    "recall": 0.913125,
                    "f1-score": 0.913125,
                    "support": 3200
                }
            }
        },
        "val": {
            "accuracy": 0.893750011920929,
            "precision": 0.893750011920929,
            "recall": 0.893750011920929,
            "f1": 0.8937499619209317,
            "classification_report": {
                "chihuahua": {
                    "precision": 0.8947368421052632,
                    "recall": 0.8947368421052632,
                    "f1-score": 0.8947368421052632,
                    "support": 323
                },
                "muffin": {
                    "precision": 0.8927444794952681,
                    "recall": 0.8927444794952681,
                    "f1-score": 0.8927444794952681,
                    "support": 317
                },
                "micro avg": {
                    "precision": 0.89375,
                    "recall": 0.89375,
                    "f1-score": 0.89375,
                    "support": 640
                },
                "macro avg": {
                    "precision": 0.8937406608002656,
                    "recall": 0.8937406608002656,
                    "f1-score": 0.8937406608002656,
                    "support": 640
                },
                "weighted avg": {
                    "precision": 0.89375,
                    "recall": 0.89375,
                    "f1-score": 0.89375,
                    "support": 640
                },
                "samples avg": {
                    "precision": 0.89375,
                    "recall": 0.89375,
                    "f1-score": 0.89375,
                    "support": 640
                }
            }
        },
        "test": {
            "accuracy": 0.8969764709472656,
            "precision": 0.8969764709472656,
            "recall": 0.8969764709472656,
            "f1": 0.8969764209472684,
            "classification_report": {
                "chihuahua": {
                    "precision": 0.9069767441860465,
                    "recall": 0.89937106918239,
                    "f1-score": 0.9031578947368422,
                    "support": 477
                },
                "muffin": {
                    "precision": 0.8857142857142857,
                    "recall": 0.8942307692307693,
                    "f1-score": 0.8899521531100478,
                    "support": 416
                },
                "micro avg": {
                    "precision": 0.896976483762598,
                    "recall": 0.896976483762598,
                    "f1-score": 0.896976483762598,
                    "support": 893
                },
                "macro avg": {
                    "precision": 0.896345514950166,
                    "recall": 0.8968009192065796,
                    "f1-score": 0.896555023923445,
                    "support": 893
                },
                "weighted avg": {
                    "precision": 0.8970717243380594,
                    "recall": 0.896976483762598,
                    "f1-score": 0.8970060598916615,
                    "support": 893
                },
                "samples avg": {
                    "precision": 0.896976483762598,
                    "recall": 0.896976483762598,
                    "f1-score": 0.896976483762598,
                    "support": 893
                }
            }
        }
    },
    "training_history": {
        "accuracy": [
            0.5521875023841858,
            0.6968749761581421,
            0.7396875023841858,
            0.7674999833106995,
            0.7915624976158142,
            0.8081250190734863,
            0.8115624785423279,
            0.8215625286102295,
            0.8378124833106995,
            0.8409374952316284,
            0.8462499976158142,
            0.8509374856948853,
            0.8606250286102295,
            0.8650000095367432,
            0.8690624833106995,
            0.8709375262260437,
            0.8756250143051147,
            0.8803125023841858,
            0.8809375166893005,
            0.8893749713897705,
            0.8940625190734863,
            0.895312488079071,
            0.9049999713897705,
            0.8940625190734863,
            0.9009374976158142
        ],
        "loss": [
            0.6821228265762329,
            0.5971277356147766,
            0.5368057489395142,
            0.49920234084129333,
            0.4712013304233551,
            0.44912493228912354,
            0.4380197525024414,
            0.415917307138443,
            0.3857739567756653,
            0.3785378336906433,
            0.36091554164886475,
            0.35191094875335693,
            0.33547282218933105,
            0.3315594494342804,
            0.32405635714530945,
            0.31201720237731934,
            0.3085651695728302,
            0.29209792613983154,
            0.28860998153686523,
            0.2697005569934845,
            0.26002681255340576,
            0.2620137929916382,
            0.24796602129936218,
            0.25550729036331177,
            0.24661311507225037
        ],