{
    "name": "trial_41",
    "start_time": "2024-10-20 11:56:34.635",
    "duration": "29.216",
    "directory": "/home/krakerlu/github/ImageMLResearch/demo/chihuahua_vs_muffin/experiments/experiment_03/output/trial_41",
    "hyperparameters": {
        "units1": 128,
        "kernel_size1": 3,
        "units2": 64,
        "kernel_size2": 5,
        "dense_units": 128,
        "dropout_rate": 0.2578949891812714,
        "learning_rate": 0.0007471523408333744
    },
    "figures": {
        "model_summary": "/home/krakerlu/github/ImageMLResearch/demo/chihuahua_vs_muffin/experiments/experiment_03/output/trial_41/model_summary.png",
        "confusion_matrix": "/home/krakerlu/github/ImageMLResearch/demo/chihuahua_vs_muffin/experiments/experiment_03/output/trial_41/confusion_matrix.png",
        "training_history": "/home/krakerlu/github/ImageMLResearch/demo/chihuahua_vs_muffin/experiments/experiment_03/output/trial_41/training_history.png"
    },
    "evaluation_metrics": {
        "train": {
            "accuracy": 0.9950000047683716,
            "precision": 0.9950000047683716,
            "recall": 0.9950000047683716,
            "f1": 0.9949999547683741,
            "classification_report": {
                "chihuahua": {
                    "precision": 0.9965811965811966,
                    "recall": 0.9943149516770893,
                    "f1-score": 0.9954467842914058,
                    "support": 1759
                },
                "muffin": {
                    "precision": 0.9930795847750865,
                    "recall": 0.9958362248438585,
                    "f1-score": 0.9944559944559944,
                    "support": 1441
                },
                "micro avg": {
                    "precision": 0.995,
                    "recall": 0.995,
                    "f1-score": 0.995,
                    "support": 3200
                },
                "macro avg": {
                    "precision": 0.9948303906781415,
                    "recall": 0.9950755882604738,
                    "f1-score": 0.9949513893737001,
                    "support": 3200
                },
                "weighted avg": {
                    "precision": 0.9950043770147576,
                    "recall": 0.995,
                    "f1-score": 0.995000619243647,
                    "support": 3200
                },
                "samples avg": {
                    "precision": 0.995,
                    "recall": 0.995,
                    "f1-score": 0.995,
                    "support": 3200
                }
            }
        },
        "val": {
            "accuracy": 0.893750011920929,
            "precision": 0.893750011920929,
            "recall": 0.893750011920929,
            "f1": 0.8937499619209317,
            "classification_report": {
                "chihuahua": {
                    "precision": 0.9047619047619048,
                    "recall": 0.8823529411764706,
                    "f1-score": 0.8934169278996865,
                    "support": 323
                },
                "muffin": {
                    "precision": 0.8830769230769231,
                    "recall": 0.9053627760252366,
                    "f1-score": 0.8940809968847352,
                    "support": 317
                },
                "micro avg": {
                    "precision": 0.89375,
                    "recall": 0.89375,
                    "f1-score": 0.89375,
                    "support": 640
                },
                "macro avg": {
                    "precision": 0.893919413919414,
                    "recall": 0.8938578586008536,
                    "f1-score": 0.8937489623922108,
                    "support": 640
                },
                "weighted avg": {
                    "precision": 0.8940210622710623,
                    "recall": 0.89375,
                    "f1-score": 0.8937458495688435,
                    "support": 640
                },
                "samples avg": {
                    "precision": 0.89375,
                    "recall": 0.89375,
                    "f1-score": 0.89375,
                    "support": 640
                }
            }
        },
        "test": {
            "accuracy": 0.892497181892395,
            "precision": 0.892497181892395,
            "recall": 0.892497181892395,
            "f1": 0.8924971318923978,
            "classification_report": {
                "chihuahua": {
                    "precision": 0.9027484143763214,
                    "recall": 0.8951781970649895,
                    "f1-score": 0.8989473684210526,
                    "support": 477
                },
                "muffin": {
                    "precision": 0.8809523809523809,
                    "recall": 0.8894230769230769,
                    "f1-score": 0.8851674641148325,
                    "support": 416
                },
                "micro avg": {
                    "precision": 0.8924972004479284,
                    "recall": 0.8924972004479284,
                    "f1-score": 0.8924972004479284,
                    "support": 893
                },
                "macro avg": {
                    "precision": 0.8918503976643511,
                    "recall": 0.8923006369940332,
                    "f1-score": 0.8920574162679425,
                    "support": 893
                },
                "weighted avg": {
                    "precision": 0.8925948310567701,
                    "recall": 0.8924972004479284,
                    "f1-score": 0.8925280624956466,
                    "support": 893
                },
                "samples avg": {
                    "precision": 0.8924972004479284,
                    "recall": 0.8924972004479284,
                    "f1-score": 0.8924972004479284,
                    "support": 893
                }
            }
        }
    },
    "training_history": {
        "accuracy": [
            0.5837500095367432,
            0.7562500238418579,
            0.809374988079071,
            0.8318750262260437,
            0.8615624904632568,
            0.8615624904632568,
            0.8753125071525574,
            0.8887500166893005,
            0.8981249928474426,
            0.9181249737739563,
            0.9228125214576721,
            0.9281250238418579,
            0.9228125214576721,
            0.9393749833106995,
            0.9537500143051147,
            0.96875,
            0.9693750143051147,
            0.9503124952316284,
            0.9534375071525574,
            0.9615625143051147,
            0.9696875214576721,
            0.9884374737739563,
            0.9862499833106995,
            0.9884374737739563,
            0.9871875047683716
        ],
        "loss": [
            0.6832389831542969,
            0.5168506503105164,
            0.43793734908103943,
            0.39503222703933716,
            0.3283189833164215,
            0.3197687268257141,
            0.3077389895915985,
            0.2640063464641571,
            0.25231727957725525,
            0.21093785762786865,
            0.1950017809867859,
            0.18091188371181488,
            0.19885136187076569,
            0.15771618485450745,
            0.11942921578884125,
            0.08920393139123917,
            0.08019576966762543,
            0.14514018595218658,
            0.11695744842290878,
            0.10502089560031891,
            0.08436131477355957,
            0.03454364836215973,
            0.03917919099330902,
            0.03548207879066467,
            0.03595132380723953
        ],