{
    "name": "trial_20",
    "start_time": "2024-10-24 12:35:21.407",
    "duration": "0:05:41.603",
    "directory": "/home/krakerlu/github/ImageMLResearch/demo/chihuahua_vs_muffin/experiments/experiment_04/output/trial_20",
    "hyperparameters": {
        "normalization": "standard",
        "batch_size": 128,
        "learning_rate": 7.372387730917785e-05
    },
    "figures": {
        "training_history": "/home/krakerlu/github/ImageMLResearch/demo/chihuahua_vs_muffin/experiments/experiment_04/output/trial_20/training_history.png"
    },
    "evaluation_metrics": {
        "train": {
            "accuracy": 0.9581949710845947,
            "precision": 0.9581949710845947,
            "recall": 0.9581949710845947,
            "f1": 0.9581949210845974,
            "classification_report": {
                "chihuahua": {
                    "precision": 0.9878366637706343,
                    "recall": 0.935545803620406,
                    "f1-score": 0.9609804197774334,
                    "support": 3646
                },
                "muffin": {
                    "precision": 0.925937598487236,
                    "recall": 0.9859060402684564,
                    "f1-score": 0.9549813099301154,
                    "support": 2980
                },
                "micro avg": {
                    "precision": 0.9581949894355569,
                    "recall": 0.9581949894355569,
                    "f1-score": 0.9581949894355569,
                    "support": 6626
                },
                "macro avg": {
                    "precision": 0.9568871311289351,
                    "recall": 0.9607259219444312,
                    "f1-score": 0.9579808648537744,
                    "support": 6626
                },
                "weighted avg": {
                    "precision": 0.9599979655296855,
                    "recall": 0.9581949894355569,
                    "f1-score": 0.958282359508039,
                    "support": 6626
                },
                "samples avg": {
                    "precision": 0.9581949894355569,
                    "recall": 0.9581949894355569,
                    "f1-score": 0.9581949894355569,
                    "support": 6626
                }
            }
        },
        "val": {
            "accuracy": 0.7968970537185669,
            "precision": 0.7968970537185669,
            "recall": 0.7968970537185669,
            "f1": 0.79689700371857,
            "classification_report": {
                "chihuahua": {
                    "precision": 0.957983193277311,
                    "recall": 0.6298342541436464,
                    "f1-score": 0.76,
                    "support": 362
                },
                "muffin": {
                    "precision": 0.7154989384288747,
                    "recall": 0.9711815561959655,
                    "f1-score": 0.823960880195599,
                    "support": 347
                },
                "micro avg": {
                    "precision": 0.7968970380818053,
                    "recall": 0.7968970380818053,
                    "f1-score": 0.7968970380818053,
                    "support": 709
                },
                "macro avg": {
                    "precision": 0.8367410658530928,
                    "recall": 0.8005079051698059,
                    "f1-score": 0.7919804400977994,
                    "support": 709
                },
                "weighted avg": {
                    "precision": 0.8393061320186264,
                    "recall": 0.7968970380818053,
                    "f1-score": 0.7913038440449547,
                    "support": 709
                },
                "samples avg": {
                    "precision": 0.7968970380818053,
                    "recall": 0.7968970380818053,
                    "f1-score": 0.7968970380818053,
                    "support": 709
                }
            }
        },
        "test": {
            "accuracy": 0.8312236070632935,
            "precision": 0.8312236070632935,
            "recall": 0.8312236070632935,
            "f1": 0.8312235570632964,
            "classification_report": {
                "chihuahua": {
                    "precision": 0.9703703703703703,
                    "recall": 0.7005347593582888,
                    "f1-score": 0.8136645962732919,
                    "support": 374
                },
                "muffin": {
                    "precision": 0.746031746031746,
                    "recall": 0.9762611275964391,
                    "f1-score": 0.8457583547557841,
                    "support": 337
                },
                "micro avg": {
                    "precision": 0.8312236286919831,
                    "recall": 0.8312236286919831,
                    "f1-score": 0.8312236286919831,
                    "support": 711
                },
                "macro avg": {
                    "precision": 0.8582010582010582,
                    "recall": 0.838397943477364,
                    "f1-score": 0.829711475514538,
                    "support": 711
                },
                "weighted avg": {
                    "precision": 0.8640382797907411,
                    "recall": 0.8312236286919831,
                    "f1-score": 0.8288764058493818,
                    "support": 711
                },
                "samples avg": {
                    "precision": 0.8312236286919831,
                    "recall": 0.8312236286919831,
                    "f1-score": 0.8312236286919831,
                    "support": 711
                }
            }
        }
    },
    "training_history": {
        "accuracy": [
            0.6981587409973145,
            0.7699970006942749,
            0.802595853805542,
            0.8383640050888062,
            0.8635677695274353,
            0.880470871925354,
            0.8961666226387024,
            0.9085420966148376,
            0.9141261577606201,
            0.9271053671836853,
            0.9375188946723938,
            0.941291868686676,
            0.9486870169639587,
            0.9497434496879578,
            0.9577422142028809
        ],
        "loss": [
            0.5767806768417358,
            0.4851461350917816,
            0.44120514392852783,
            0.3860625922679901,
            0.33091309666633606,
            0.29240328073501587,
            0.2621898353099823,
            0.23729968070983887,
            0.2184605747461319,
            0.1908920407295227,
            0.17467589676380157,
            0.15509022772312164,
            0.14388006925582886,
            0.13383886218070984,
            0.11630600690841675
        ],
        "val_accuracy": [
            0.7813822031021118,
            0.8152326941490173,
            0.8124118447303772,
            0.8293371200561523,
            0.8011283278465271,
            0.8053596615791321,
            0.8095909953117371,
            0.8321579694747925,
            0.8138222694396973,
            0.8377997279167175,
            0.8222849369049072,
            0.8589562773704529,
            0.860366702079773,
            0.794076144695282,
            0.7968970537185669
        ],
        "val_loss": [
            0.4838436245918274,
            0.41733279824256897,
            0.4174574911594391,
            0.3899024724960327,
            0.48607322573661804,
            0.4581013321876526,
            0.448543906211853,
            0.3875376582145691,
            0.4242757260799408,
            0.4132707118988037,
            0.43760931491851807,
            0.3589339554309845,
            0.35815146565437317,
            0.5310205817222595,
            0.5424444079399109
        ]
    }
}