{
    "name": "trial_99",
    "start_time": "2024-10-20 12:28:03.485",
    "duration": "32.889",
    "directory": "/home/krakerlu/github/ImageMLResearch/demo/chihuahua_vs_muffin/experiments/experiment_03/output/trial_99",
    "hyperparameters": {
        "units1": 128,
        "kernel_size1": 3,
        "units2": 64,
        "kernel_size2": 7,
        "dense_units": 128,
        "dropout_rate": 0.24789844907416078,
        "learning_rate": 4.492337467390401e-05
    },
    "figures": {
        "model_summary": "/home/krakerlu/github/ImageMLResearch/demo/chihuahua_vs_muffin/experiments/experiment_03/output/trial_99/model_summary.png",
        "confusion_matrix": "/home/krakerlu/github/ImageMLResearch/demo/chihuahua_vs_muffin/experiments/experiment_03/output/trial_99/confusion_matrix.png",
        "training_history": "/home/krakerlu/github/ImageMLResearch/demo/chihuahua_vs_muffin/experiments/experiment_03/output/trial_99/training_history.png"
    },
    "evaluation_metrics": {
        "train": {
            "accuracy": 0.9162499904632568,
            "precision": 0.9162499904632568,
            "recall": 0.9162499904632568,
            "f1": 0.9162499404632596,
            "classification_report": {
                "chihuahua": {
                    "precision": 0.8825038481272447,
                    "recall": 0.9778283115406481,
                    "f1-score": 0.9277238403451996,
                    "support": 1759
                },
                "muffin": {
                    "precision": 0.9688249400479616,
                    "recall": 0.8410825815405968,
                    "f1-score": 0.9004457652303121,
                    "support": 1441
                },
                "micro avg": {
                    "precision": 0.91625,
                    "recall": 0.91625,
                    "f1-score": 0.91625,
                    "support": 3200
                },
                "macro avg": {
                    "precision": 0.9256643940876031,
                    "recall": 0.9094554465406224,
                    "f1-score": 0.9140848027877558,
                    "support": 3200
                },
                "weighted avg": {
                    "precision": 0.9213753148327924,
                    "recall": 0.91625,
                    "f1-score": 0.9154401821450268,
                    "support": 3200
                },
                "samples avg": {
                    "precision": 0.91625,
                    "recall": 0.91625,
                    "f1-score": 0.91625,
                    "support": 3200
                }
            }
        },
        "val": {
            "accuracy": 0.887499988079071,
            "precision": 0.887499988079071,
            "recall": 0.887499988079071,
            "f1": 0.8874999380790738,
            "classification_report": {
                "chihuahua": {
                    "precision": 0.8457300275482094,
                    "recall": 0.9504643962848297,
                    "f1-score": 0.8950437317784257,
                    "support": 323
                },
                "muffin": {
                    "precision": 0.9422382671480144,
                    "recall": 0.8233438485804416,
                    "f1-score": 0.8787878787878788,
                    "support": 317
                },
                "micro avg": {
                    "precision": 0.8875,
                    "recall": 0.8875,
                    "f1-score": 0.8875,
                    "support": 640
                },
                "macro avg": {
                    "precision": 0.8939841473481118,
                    "recall": 0.8869041224326357,
                    "f1-score": 0.8869158052831523,
                    "support": 640
                },
                "weighted avg": {
                    "precision": 0.8935317649749877,
                    "recall": 0.8875,
                    "f1-score": 0.8869920045940454,
                    "support": 640
                },
                "samples avg": {
                    "precision": 0.8875,
                    "recall": 0.8875,
                    "f1-score": 0.8875,
                    "support": 640
                }
            }
        },
        "test": {
            "accuracy": 0.8902575373649597,
            "precision": 0.8902575373649597,
            "recall": 0.8902575373649597,
            "f1": 0.8902574873649625,
            "classification_report": {
                "chihuahua": {
                    "precision": 0.8502772643253235,
                    "recall": 0.9643605870020965,
                    "f1-score": 0.9037328094302554,
                    "support": 477
                },
                "muffin": {
                    "precision": 0.9517045454545454,
                    "recall": 0.8052884615384616,
                    "f1-score": 0.8723958333333334,
                    "support": 416
                },
                "micro avg": {
                    "precision": 0.8902575587905935,
                    "recall": 0.8902575587905935,
                    "f1-score": 0.8902575587905935,
                    "support": 893
                },
                "macro avg": {
                    "precision": 0.9009909048899345,
                    "recall": 0.884824524270279,
                    "f1-score": 0.8880643213817944,
                    "support": 893
                },
                "weighted avg": {
                    "precision": 0.8975267032388244,
                    "recall": 0.8902575587905935,
                    "f1-score": 0.8891346212372883,
                    "support": 893
                },
                "samples avg": {
                    "precision": 0.8902575587905935,
                    "recall": 0.8902575587905935,
                    "f1-score": 0.8902575587905935,
                    "support": 893
                }
            }
        }
    },
    "training_history": {
        "accuracy": [
            0.6109374761581421,
            0.7387499809265137,
            0.7737500071525574,
            0.8065624833106995,
            0.8212500214576721,
            0.8349999785423279,
            0.8478124737739563,
            0.8496875166893005,
            0.8587499856948853,
            0.8700000047683716,
            0.8706250190734863,
            0.8721874952316284,
            0.8884375095367432,
            0.879687488079071,
            0.8756250143051147,
            0.893750011920929,
            0.8959375023841858,
            0.9012500047683716,
            0.8996875286102295,
            0.9034374952316284,
            0.9053124785423279,
            0.9056249856948853,
            0.9137499928474426,
            0.9112499952316284,
            0.9165624976158142
        ],
        "loss": [
            0.6611616611480713,
            0.5459904670715332,
            0.4943200647830963,
            0.44257980585098267,
            0.41604378819465637,
            0.39371928572654724,
            0.37175706028938293,
            0.35217270255088806,
            0.34313079714775085,
            0.33242687582969666,
            0.32156968116760254,
            0.30814483761787415,
            0.2889881432056427,
            0.2912214398384094,
            0.2960067093372345,
            0.2718023955821991,
            0.25804969668388367,
            0.2559358775615692,
            0.255672812461853,
            0.24582991003990173,
            0.24125024676322937,
            0.2359897792339325,
            0.22290700674057007,
            0.23300248384475708,
            0.2145882099866867
        ],