{
    "name": "trial_40",
    "start_time": "2024-10-24 14:30:45.588",
    "duration": "0:05:45.881",
    "directory": "/home/krakerlu/github/ImageMLResearch/demo/chihuahua_vs_muffin/experiments/experiment_04/output/trial_40",
    "hyperparameters": {
        "normalization": "standard",
        "batch_size": 64,
        "learning_rate": 0.0003284361253908182
    },
    "figures": {
        "training_history": "/home/krakerlu/github/ImageMLResearch/demo/chihuahua_vs_muffin/experiments/experiment_04/output/trial_40/training_history.png"
    },
    "evaluation_metrics": {
        "train": {
            "accuracy": 0.9901901483535767,
            "precision": 0.9901901483535767,
            "recall": 0.9901901483535767,
            "f1": 0.9901900983535792,
            "classification_report": {
                "chihuahua": {
                    "precision": 0.9853618866901599,
                    "recall": 0.9969829950630829,
                    "f1-score": 0.9911383776414451,
                    "support": 3646
                },
                "muffin": {
                    "precision": 0.9962546816479401,
                    "recall": 0.9818791946308725,
                    "f1-score": 0.9890147033969917,
                    "support": 2980
                },
                "micro avg": {
                    "precision": 0.9901901599758527,
                    "recall": 0.9901901599758527,
                    "f1-score": 0.9901901599758527,
                    "support": 6626
                },
                "macro avg": {
                    "precision": 0.99080828416905,
                    "recall": 0.9894310948469777,
                    "f1-score": 0.9900765405192185,
                    "support": 6626
                },
                "weighted avg": {
                    "precision": 0.990260849710713,
                    "recall": 0.9901901599758527,
                    "f1-score": 0.9901832690920229,
                    "support": 6626
                },
                "samples avg": {
                    "precision": 0.9901901599758527,
                    "recall": 0.9901901599758527,
                    "f1-score": 0.9901901599758527,
                    "support": 6626
                }
            }
        },
        "val": {
            "accuracy": 0.8829337358474731,
            "precision": 0.8829337358474731,
            "recall": 0.8829337358474731,
            "f1": 0.882933685847476,
            "classification_report": {
                "chihuahua": {
                    "precision": 0.9240121580547113,
                    "recall": 0.8397790055248618,
                    "f1-score": 0.8798842257597684,
                    "support": 362
                },
                "muffin": {
                    "precision": 0.8473684210526315,
                    "recall": 0.9279538904899135,
                    "f1-score": 0.8858321870701513,
                    "support": 347
                },
                "micro avg": {
                    "precision": 0.8829337094499294,
                    "recall": 0.8829337094499294,
                    "f1-score": 0.8829337094499294,
                    "support": 709
                },
                "macro avg": {
                    "precision": 0.8856902895536714,
                    "recall": 0.8838664480073877,
                    "f1-score": 0.8828582064149599,
                    "support": 709
                },
                "weighted avg": {
                    "precision": 0.8865010484077132,
                    "recall": 0.8829337094499294,
                    "f1-score": 0.8827952872191519,
                    "support": 709
                },
                "samples avg": {
                    "precision": 0.8829337094499294,
                    "recall": 0.8829337094499294,
                    "f1-score": 0.8829337094499294,
                    "support": 709
                }
            }
        },
        "test": {
            "accuracy": 0.8790435791015625,
            "precision": 0.8790435791015625,
            "recall": 0.8790435791015625,
            "f1": 0.8790435291015654,
            "classification_report": {
                "chihuahua": {
                    "precision": 0.9114285714285715,
                    "recall": 0.8529411764705882,
                    "f1-score": 0.8812154696132597,
                    "support": 374
                },
                "muffin": {
                    "precision": 0.8476454293628809,
                    "recall": 0.9080118694362018,
                    "f1-score": 0.8767908309455588,
                    "support": 337
                },
                "micro avg": {
                    "precision": 0.8790436005625879,
                    "recall": 0.8790436005625879,
                    "f1-score": 0.8790436005625879,
                    "support": 711
                },
                "macro avg": {
                    "precision": 0.8795370003957261,
                    "recall": 0.8804765229533951,
                    "f1-score": 0.8790031502794092,
                    "support": 711
                },
                "weighted avg": {
                    "precision": 0.8811966180162821,
                    "recall": 0.8790436005625879,
                    "f1-score": 0.8791182780084564,
                    "support": 711
                },
                "samples avg": {
                    "precision": 0.8790436005625879,
                    "recall": 0.8790436005625879,
                    "f1-score": 0.8790436005625879,
                    "support": 711
                }
            }
        }
    },
    "training_history": {
        "accuracy": [
            0.7372472286224365,
            0.8382130861282349,
            0.8705101013183594,
            0.8896770477294922,
            0.9056746363639832,
            0.9222759008407593,
            0.9329912662506104,
            0.9462722539901733,
            0.9474796056747437,
            0.9385753273963928,
            0.9693630933761597,
            0.9769091606140137,
            0.9723815321922302,
            0.9714760184288025,
            0.9758527278900146
        ],
        "loss": [
            0.5225656628608704,
            0.3851730227470398,
            0.3225853443145752,
            0.27230072021484375,
            0.22673296928405762,
            0.19625872373580933,
            0.1660628318786621,
            0.1376175582408905,
            0.13386069238185883,
            0.15649953484535217,
            0.08188029378652573,
            0.06673934310674667,
            0.07398214936256409,
            0.07796644419431686,
            0.060655757784843445
        ],
        "val_accuracy": [
            0.8476727604866028,
            0.8377997279167175,
            0.8504936695098877,
            0.8772919774055481,
            0.871650218963623,
            0.8533145189285278,
            0.8561354279518127,
            0.8138222694396973,
            0.8053596615791321,
            0.8547249436378479,
            0.8377997279167175,
            0.8053596615791321,
            0.8095909953117371,
            0.870239794254303,
            0.8829337358474731
        ],
        "val_loss": [
            0.3668879270553589,
            0.3929276764392853,
            0.3606351613998413,
            0.30088579654693604,
            0.3182218670845032,
            0.5194704532623291,
            0.548008143901825,
            0.6903102993965149,
            0.6607505083084106,
            0.4528871476650238,
            0.5709835886955261,
            0.7542614340782166,
            0.7996107339859009,
            0.4021938443183899,
            0.46256402134895325
        ]
    }
}