{
    "name": "trial_1",
    "start_time": "2024-10-20 11:37:59.479",
    "duration": "38.794",
    "directory": "/home/krakerlu/github/ImageMLResearch/demo/chihuahua_vs_muffin/experiments/experiment_03/output/trial_1",
    "hyperparameters": {
        "units1": 128,
        "kernel_size1": 3,
        "units2": 64,
        "kernel_size2": 5,
        "dense_units": 512,
        "dropout_rate": 0.06702517200773794,
        "learning_rate": 0.00010873702183533947
    },
    "figures": {
        "model_summary": "/home/krakerlu/github/ImageMLResearch/demo/chihuahua_vs_muffin/experiments/experiment_03/output/trial_1/model_summary.png",
        "confusion_matrix": "/home/krakerlu/github/ImageMLResearch/demo/chihuahua_vs_muffin/experiments/experiment_03/output/trial_1/confusion_matrix.png",
        "training_history": "/home/krakerlu/github/ImageMLResearch/demo/chihuahua_vs_muffin/experiments/experiment_03/output/trial_1/training_history.png"
    },
    "evaluation_metrics": {
        "train": {
            "accuracy": 0.893750011920929,
            "precision": 0.893750011920929,
            "recall": 0.893750011920929,
            "f1": 0.8937499619209317,
            "classification_report": {
                "chihuahua": {
                    "precision": 0.8383404864091559,
                    "recall": 0.9994314951677089,
                    "f1-score": 0.9118257261410788,
                    "support": 1759
                },
                "muffin": {
                    "precision": 0.99909338168631,
                    "recall": 0.7647467036780013,
                    "f1-score": 0.8663522012578616,
                    "support": 1441
                },
                "micro avg": {
                    "precision": 0.89375,
                    "recall": 0.89375,
                    "f1-score": 0.89375,
                    "support": 3200
                },
                "macro avg": {
                    "precision": 0.918716934047733,
                    "recall": 0.8820890994228552,
                    "f1-score": 0.8890889636994702,
                    "support": 3200
                },
                "weighted avg": {
                    "precision": 0.9107295245636493,
                    "recall": 0.89375,
                    "f1-score": 0.891348429467105,
                    "support": 3200
                },
                "samples avg": {
                    "precision": 0.89375,
                    "recall": 0.89375,
                    "f1-score": 0.89375,
                    "support": 3200
                }
            }
        },
        "val": {
            "accuracy": 0.824999988079071,
            "precision": 0.824999988079071,
            "recall": 0.824999988079071,
            "f1": 0.824999938079074,
            "classification_report": {
                "chihuahua": {
                    "precision": 0.7482352941176471,
                    "recall": 0.9845201238390093,
                    "f1-score": 0.8502673796791443,
                    "support": 323
                },
                "muffin": {
                    "precision": 0.9767441860465116,
                    "recall": 0.6624605678233438,
                    "f1-score": 0.7894736842105263,
                    "support": 317
                },
                "micro avg": {
                    "precision": 0.825,
                    "recall": 0.825,
                    "f1-score": 0.825,
                    "support": 640
                },
                "macro avg": {
                    "precision": 0.8624897400820793,
                    "recall": 0.8234903458311766,
                    "f1-score": 0.8198705319448354,
                    "support": 640
                },
                "weighted avg": {
                    "precision": 0.8614186046511627,
                    "recall": 0.825,
                    "f1-score": 0.8201555023923446,
                    "support": 640
                },
                "samples avg": {
                    "precision": 0.825,
                    "recall": 0.825,
                    "f1-score": 0.825,
                    "support": 640
                }
            }
        },
        "test": {
            "accuracy": 0.8309070467948914,
            "precision": 0.8309070467948914,
            "recall": 0.8309070467948914,
            "f1": 0.8309069967948943,
            "classification_report": {
                "chihuahua": {
                    "precision": 0.7629032258064516,
                    "recall": 0.9916142557651991,
                    "f1-score": 0.8623518687329079,
                    "support": 477
                },
                "muffin": {
                    "precision": 0.9853479853479854,
                    "recall": 0.6466346153846154,
                    "f1-score": 0.7808417997097242,
                    "support": 416
                },
                "micro avg": {
                    "precision": 0.8309070548712206,
                    "recall": 0.8309070548712206,
                    "f1-score": 0.8309070548712206,
                    "support": 893
                },
                "macro avg": {
                    "precision": 0.8741256055772185,
                    "recall": 0.8191244355749072,
                    "f1-score": 0.821596834221316,
                    "support": 893
                },
                "weighted avg": {
                    "precision": 0.8665281081908617,
                    "recall": 0.8309070548712206,
                    "f1-score": 0.8243807727489836,
                    "support": 893
                },
                "samples avg": {
                    "precision": 0.8309070548712206,
                    "recall": 0.8309070548712206,
                    "f1-score": 0.8309070548712206,
                    "support": 893
                }
            }
        }
    },
    "training_history": {
        "accuracy": [
            0.6618750095367432,
            0.7862499952316284,
            0.8237500190734863,
            0.8396875262260437,
            0.8590624928474426,
            0.875,
            0.8812500238418579,
            0.8887500166893005,
            0.8965625166893005,
            0.8999999761581421,
            0.9175000190734863,
            0.9203125238418579,
            0.9278125166893005,
            0.9296875,
            0.9175000190734863,
            0.9221875071525574,
            0.9403125047683716,
            0.9465625286102295,
            0.956250011920929,
            0.9637500047683716,
            0.9706249833106995,
            0.9768750071525574,
            0.9743750095367432,
            0.9706249833106995,
            0.9750000238418579
        ],
        "loss": [
            0.6112285852432251,
            0.46432751417160034,
            0.3979357182979584,
            0.35896193981170654,
            0.3228068947792053,
            0.2982845902442932,
            0.27821648120880127,
            0.2650073766708374,
            0.24653440713882446,
            0.24469465017318726,
            0.21276582777500153,
            0.19410397112369537,
            0.18607978522777557,
            0.1843576431274414,
            0.20136122405529022,
            0.19522668421268463,
            0.16041246056556702,
            0.14408597350120544,
            0.12234239280223846,
            0.10559278726577759,
            0.09050256758928299,
            0.08325140178203583,
            0.08318904787302017,
            0.08882936835289001,
            0.07922159880399704
        ],