{
    "name": "trial_12",
    "start_time": "2024-10-20 11:43:43.211",
    "duration": "19.399",
    "directory": "/home/krakerlu/github/ImageMLResearch/demo/chihuahua_vs_muffin/experiments/experiment_03/output/trial_12",
    "hyperparameters": {
        "units1": 64,
        "kernel_size1": 5,
        "units2": 32,
        "kernel_size2": 7,
        "dense_units": 512,
        "dropout_rate": 0.4964779710570115,
        "learning_rate": 3.551466008199711e-05
    },
    "figures": {
        "model_summary": "/home/krakerlu/github/ImageMLResearch/demo/chihuahua_vs_muffin/experiments/experiment_03/output/trial_12/model_summary.png",
        "confusion_matrix": "/home/krakerlu/github/ImageMLResearch/demo/chihuahua_vs_muffin/experiments/experiment_03/output/trial_12/confusion_matrix.png",
        "training_history": "/home/krakerlu/github/ImageMLResearch/demo/chihuahua_vs_muffin/experiments/experiment_03/output/trial_12/training_history.png"
    },
    "evaluation_metrics": {
        "train": {
            "accuracy": 0.8956249952316284,
            "precision": 0.8956249952316284,
            "recall": 0.8956249952316284,
            "f1": 0.8956249452316312,
            "classification_report": {
                "chihuahua": {
                    "precision": 0.8828586781300376,
                    "recall": 0.9340534394542354,
                    "f1-score": 0.9077348066298343,
                    "support": 1759
                },
                "muffin": {
                    "precision": 0.9133681852128454,
                    "recall": 0.8487161693268563,
                    "f1-score": 0.8798561151079136,
                    "support": 1441
                },
                "micro avg": {
                    "precision": 0.895625,
                    "recall": 0.895625,
                    "f1-score": 0.895625,
                    "support": 3200
                },
                "macro avg": {
                    "precision": 0.8981134316714414,
                    "recall": 0.8913848043905459,
                    "f1-score": 0.893795460868874,
                    "support": 3200
                },
                "weighted avg": {
                    "precision": 0.8965974905382644,
                    "recall": 0.895625,
                    "f1-score": 0.8951806833538695,
                    "support": 3200
                },
                "samples avg": {
                    "precision": 0.895625,
                    "recall": 0.895625,
                    "f1-score": 0.895625,
                    "support": 3200
                }
            }
        },
        "val": {
            "accuracy": 0.8765624761581421,
            "precision": 0.8765624761581421,
            "recall": 0.8765624761581421,
            "f1": 0.876562426158145,
            "classification_report": {
                "chihuahua": {
                    "precision": 0.8609467455621301,
                    "recall": 0.9009287925696594,
                    "f1-score": 0.8804841149773072,
                    "support": 323
                },
                "muffin": {
                    "precision": 0.8940397350993378,
                    "recall": 0.8517350157728707,
                    "f1-score": 0.8723747980613893,
                    "support": 317
                },
                "micro avg": {
                    "precision": 0.8765625,
                    "recall": 0.8765625,
                    "f1-score": 0.8765625,
                    "support": 640
                },
                "macro avg": {
                    "precision": 0.877493240330734,
                    "recall": 0.876331904171265,
                    "f1-score": 0.8764294565193482,
                    "support": 640
                },
                "weighted avg": {
                    "precision": 0.8773381169422784,
                    "recall": 0.8765625,
                    "f1-score": 0.8764674689423917,
                    "support": 640
                },
                "samples avg": {
                    "precision": 0.8765625,
                    "recall": 0.8765625,
                    "f1-score": 0.8765625,
                    "support": 640
                }
            }
        },
        "test": {
            "accuracy": 0.8745800852775574,
            "precision": 0.8745800852775574,
            "recall": 0.8745800852775574,
            "f1": 0.8745800352775602,
            "classification_report": {
                "chihuahua": {
                    "precision": 0.8599605522682445,
                    "recall": 0.9140461215932913,
                    "f1-score": 0.8861788617886179,
                    "support": 477
                },
                "muffin": {
                    "precision": 0.8937823834196891,
                    "recall": 0.8293269230769231,
                    "f1-score": 0.8603491271820449,
                    "support": 416
                },
                "micro avg": {
                    "precision": 0.8745800671892497,
                    "recall": 0.8745800671892497,
                    "f1-score": 0.8745800671892497,
                    "support": 893
                },
                "macro avg": {
                    "precision": 0.8768714678439669,
                    "recall": 0.8716865223351072,
                    "f1-score": 0.8732639944853314,
                    "support": 893
                },
                "weighted avg": {
                    "precision": 0.8757162989188615,
                    "recall": 0.8745800671892497,
                    "f1-score": 0.8741461970670789,
                    "support": 893
                },
                "samples avg": {
                    "precision": 0.8745800671892497,
                    "recall": 0.8745800671892497,
                    "f1-score": 0.8745800671892497,
                    "support": 893
                }
            }
        }
    },
    "training_history": {
        "accuracy": [
            0.5290625095367432,
            0.6362500190734863,
            0.707812488079071,
            0.7596874833106995,
            0.7825000286102295,
            0.7931249737739563,
            0.807812511920929,
            0.824999988079071,
            0.8209375143051147,
            0.8371875286102295,
            0.8403124809265137,
            0.8421875238418579,
            0.8462499976158142,
            0.848437488079071,
            0.8521875143051147,
            0.8500000238418579,
            0.8553125262260437,
            0.8706250190734863,
            0.8665624856948853,
            0.8671875,
            0.8721874952316284,
            0.871874988079071,
            0.8715624809265137,
            0.879687488079071,
            0.8815624713897705
        ],
        "loss": [
            0.6904997825622559,
            0.6490268707275391,
            0.5718520879745483,
            0.5132415294647217,
            0.4778647720813751,
            0.4586152732372284,
            0.43625152111053467,
            0.4125966727733612,
            0.4067792594432831,
            0.3924865424633026,
            0.3804280161857605,
            0.3739190697669983,
            0.3707622289657593,
            0.3508223593235016,
            0.35190320014953613,
            0.35664454102516174,
            0.3394302725791931,
            0.32388973236083984,
            0.3268030881881714,
            0.3169810175895691,
            0.30790433287620544,
            0.31365883350372314,
            0.3050980567932129,
            0.29300495982170105,
            0.2817843556404114
        ],