{
    "name": "trial_38",
    "start_time": "2024-10-24 14:18:57.415",
    "duration": "0:05:56.900",
    "directory": "/home/krakerlu/github/ImageMLResearch/demo/chihuahua_vs_muffin/experiments/experiment_04/output/trial_38",
    "hyperparameters": {
        "normalization": "min_max",
        "batch_size": 16,
        "learning_rate": 0.00020473390753879747
    },
    "figures": {
        "training_history": "/home/krakerlu/github/ImageMLResearch/demo/chihuahua_vs_muffin/experiments/experiment_04/output/trial_38/training_history.png"
    },
    "evaluation_metrics": {
        "train": {
            "accuracy": 0.9799275398254395,
            "precision": 0.9799275398254395,
            "recall": 0.9799275398254395,
            "f1": 0.979927489825442,
            "classification_report": {
                "chihuahua": {
                    "precision": 0.9761452968284088,
                    "recall": 0.9876577070762479,
                    "f1-score": 0.98186775732788,
                    "support": 3646
                },
                "muffin": {
                    "precision": 0.9846782431052093,
                    "recall": 0.9704697986577181,
                    "f1-score": 0.9775223931046139,
                    "support": 2980
                },
                "micro avg": {
                    "precision": 0.9799275581044371,
                    "recall": 0.9799275581044371,
                    "f1-score": 0.9799275581044371,
                    "support": 6626
                },
                "macro avg": {
                    "precision": 0.9804117699668091,
                    "recall": 0.979063752866983,
                    "f1-score": 0.979695075216247,
                    "support": 6626
                },
                "weighted avg": {
                    "precision": 0.9799829333972083,
                    "recall": 0.9799275581044371,
                    "f1-score": 0.9799134582959854,
                    "support": 6626
                },
                "samples avg": {
                    "precision": 0.9799275581044371,
                    "recall": 0.9799275581044371,
                    "f1-score": 0.9799275581044371,
                    "support": 6626
                }
            }
        },
        "val": {
            "accuracy": 0.8730606436729431,
            "precision": 0.8730606436729431,
            "recall": 0.8730606436729431,
            "f1": 0.873060593672946,
            "classification_report": {
                "chihuahua": {
                    "precision": 0.8953488372093024,
                    "recall": 0.850828729281768,
                    "f1-score": 0.8725212464589235,
                    "support": 362
                },
                "muffin": {
                    "precision": 0.852054794520548,
                    "recall": 0.8962536023054755,
                    "f1-score": 0.8735955056179775,
                    "support": 347
                },
                "micro avg": {
                    "precision": 0.8730606488011283,
                    "recall": 0.8730606488011283,
                    "f1-score": 0.8730606488011283,
                    "support": 709
                },
                "macro avg": {
                    "precision": 0.8737018158649252,
                    "recall": 0.8735411657936217,
                    "f1-score": 0.8730583760384505,
                    "support": 709
                },
                "weighted avg": {
                    "precision": 0.8741597923390658,
                    "recall": 0.8730606488011283,
                    "f1-score": 0.8730470122250614,
                    "support": 709
                },
                "samples avg": {
                    "precision": 0.8730606488011283,
                    "recall": 0.8730606488011283,
                    "f1-score": 0.8730606488011283,
                    "support": 709
                }
            }
        },
        "test": {
            "accuracy": 0.8945147395133972,
            "precision": 0.8945147395133972,
            "recall": 0.8945147395133972,
            "f1": 0.8945146895134,
            "classification_report": {
                "chihuahua": {
                    "precision": 0.8944591029023746,
                    "recall": 0.9064171122994652,
                    "f1-score": 0.900398406374502,
                    "support": 374
                },
                "muffin": {
                    "precision": 0.8945783132530121,
                    "recall": 0.8813056379821959,
                    "f1-score": 0.8878923766816144,
                    "support": 337
                },
                "micro avg": {
                    "precision": 0.8945147679324894,
                    "recall": 0.8945147679324894,
                    "f1-score": 0.8945147679324894,
                    "support": 711
                },
                "macro avg": {
                    "precision": 0.8945187080776933,
                    "recall": 0.8938613751408305,
                    "f1-score": 0.8941453915280582,
                    "support": 711
                },
                "weighted avg": {
                    "precision": 0.8945156062612563,
                    "recall": 0.8945147679324894,
                    "f1-score": 0.8944707945510095,
                    "support": 711
                },
                "samples avg": {
                    "precision": 0.8945147679324894,
                    "recall": 0.8945147679324894,
                    "f1-score": 0.8945147679324894,
                    "support": 711
                }
            }
        }
    },
    "training_history": {
        "accuracy": [
            0.7235134243965149,
            0.8237247467041016,
            0.8465137481689453,
            0.8741322159767151,
            0.8929972648620605,
            0.9046181440353394,
            0.9283127188682556,
            0.945064902305603,
            0.9526109099388123,
            0.9594023823738098,
            0.9586477279663086,
            0.9772109985351562,
            0.9821913838386536,
            0.9850588440895081,
            0.9906429052352905
        ],
        "loss": [
            0.5422823429107666,
            0.40761885046958923,
            0.36146295070648193,
            0.3159731924533844,
            0.26798391342163086,
            0.2288583666086197,
            0.18034593760967255,
            0.13608358800411224,
            0.12108171731233597,
            0.10505568981170654,
            0.1076037660241127,
            0.06637278199195862,
            0.04903151094913483,
            0.04375506192445755,
            0.03241732344031334
        ],
        "val_accuracy": [
            0.8349788188934326,
            0.8462623357772827,
            0.8674188852310181,
            0.8589562773704529,
            0.8476727604866028,
            0.8377997279167175,
            0.8504936695098877,
            0.8645980358123779,
            0.8335683941841125,
            0.8815232515335083,
            0.8899859189987183,
            0.8843441605567932,
            0.8801128268241882,
            0.8829337358474731,
            0.8730606436729431
        ],
        "val_loss": [
            0.4186716079711914,
            0.38280990719795227,
            0.31566092371940613,
            0.3240952491760254,
            0.3333403766155243,
            0.35743027925491333,
            0.34525156021118164,
            0.35926422476768494,
            0.5426760315895081,
            0.39165687561035156,
            0.32765597105026245,
            0.38212648034095764,
            0.43036893010139465,
            0.5606016516685486,
            0.4838716983795166
        ]
    }
}