{
    "name": "trial_46",
    "start_time": "2024-10-24 15:05:24.386",
    "duration": "0:05:45.281",
    "directory": "/home/krakerlu/github/ImageMLResearch/demo/chihuahua_vs_muffin/experiments/experiment_04/output/trial_46",
    "hyperparameters": {
        "normalization": "standard",
        "batch_size": 128,
        "learning_rate": 6.419737105342103e-05
    },
    "figures": {
        "training_history": "/home/krakerlu/github/ImageMLResearch/demo/chihuahua_vs_muffin/experiments/experiment_04/output/trial_46/training_history.png"
    },
    "evaluation_metrics": {
        "train": {
            "accuracy": 0.957289457321167,
            "precision": 0.957289457321167,
            "recall": 0.957289457321167,
            "f1": 0.9572894073211696,
            "classification_report": {
                "chihuahua": {
                    "precision": 0.9664355062413315,
                    "recall": 0.9555677454744926,
                    "f1-score": 0.9609709005654392,
                    "support": 3646
                },
                "muffin": {
                    "precision": 0.9463753723932473,
                    "recall": 0.9593959731543624,
                    "f1-score": 0.9528411931344776,
                    "support": 2980
                },
                "micro avg": {
                    "precision": 0.9572894657410203,
                    "recall": 0.9572894657410203,
                    "f1-score": 0.9572894657410203,
                    "support": 6626
                },
                "macro avg": {
                    "precision": 0.9564054393172894,
                    "recall": 0.9574818593144275,
                    "f1-score": 0.9569060468499584,
                    "support": 6626
                },
                "weighted avg": {
                    "precision": 0.9574135927388728,
                    "recall": 0.9572894657410203,
                    "f1-score": 0.9573146180202738,
                    "support": 6626
                },
                "samples avg": {
                    "precision": 0.9572894657410203,
                    "recall": 0.9572894657410203,
                    "f1-score": 0.9572894657410203,
                    "support": 6626
                }
            }
        },
        "val": {
            "accuracy": 0.8674188852310181,
            "precision": 0.8674188852310181,
            "recall": 0.8674188852310181,
            "f1": 0.8674188352310209,
            "classification_report": {
                "chihuahua": {
                    "precision": 0.9466666666666667,
                    "recall": 0.7845303867403315,
                    "f1-score": 0.8580060422960725,
                    "support": 362
                },
                "muffin": {
                    "precision": 0.8092909535452323,
                    "recall": 0.9538904899135446,
                    "f1-score": 0.8756613756613757,
                    "support": 347
                },
                "micro avg": {
                    "precision": 0.8674188998589563,
                    "recall": 0.8674188998589563,
                    "f1-score": 0.8674188998589563,
                    "support": 709
                },
                "macro avg": {
                    "precision": 0.8779788101059495,
                    "recall": 0.8692104383269381,
                    "f1-score": 0.8668337089787241,
                    "support": 709
                },
                "weighted avg": {
                    "precision": 0.8794320087637925,
                    "recall": 0.8674188998589563,
                    "f1-score": 0.8666469459318416,
                    "support": 709
                },
                "samples avg": {
                    "precision": 0.8674188998589563,
                    "recall": 0.8674188998589563,
                    "f1-score": 0.8674188998589563,
                    "support": 709
                }
            }
        },
        "test": {
            "accuracy": 0.8790435791015625,
            "precision": 0.8790435791015625,
            "recall": 0.8790435791015625,
            "f1": 0.8790435291015654,
            "classification_report": {
                "chihuahua": {
                    "precision": 0.9472049689440993,
                    "recall": 0.8155080213903744,
                    "f1-score": 0.8764367816091954,
                    "support": 374
                },
                "muffin": {
                    "precision": 0.8226221079691517,
                    "recall": 0.9495548961424333,
                    "f1-score": 0.8815426997245179,
                    "support": 337
                },
                "micro avg": {
                    "precision": 0.8790436005625879,
                    "recall": 0.8790436005625879,
                    "f1-score": 0.8790436005625879,
                    "support": 711
                },
                "macro avg": {
                    "precision": 0.8849135384566256,
                    "recall": 0.8825314587664038,
                    "f1-score": 0.8789897406668566,
                    "support": 711
                },
                "weighted avg": {
                    "precision": 0.8881551459503477,
                    "recall": 0.8790436005625879,
                    "f1-score": 0.8788568862573862,
                    "support": 711
                },
                "samples avg": {
                    "precision": 0.8790436005625879,
                    "recall": 0.8790436005625879,
                    "f1-score": 0.8790436005625879,
                    "support": 711
                }
            }
        }
    },
    "training_history": {
        "accuracy": [
            0.6999698281288147,
            0.7799577713012695,
            0.8089345097541809,
            0.8440989851951599,
            0.8691518306732178,
            0.8824328184127808,
            0.8963175415992737,
            0.9026561975479126,
            0.9111077785491943,
            0.920464813709259,
            0.9212194681167603,
            0.922124981880188,
            0.9283127188682556,
            0.9367642402648926,
            0.942348301410675
        ],
        "loss": [
            0.5643291473388672,
            0.47175687551498413,
            0.4234793484210968,
            0.37069109082221985,
            0.3112846910953522,
            0.28800514340400696,
            0.26010143756866455,
            0.24443374574184418,
            0.22133919596672058,
            0.2045554667711258,
            0.20085570216178894,
            0.19423626363277435,
            0.1808115392923355,
            0.15482468903064728,
            0.14564312994480133
        ],
        "val_accuracy": [
            0.7827926874160767,
            0.8265162110328674,
            0.8251057863235474,
            0.8321579694747925,
            0.8222849369049072,
            0.8124118447303772,
            0.8575458526611328,
            0.8406205773353577,
            0.871650218963623,
            0.870239794254303,
            0.8293371200561523,
            0.7884343862533569,
            0.8434414863586426,
            0.8589562773704529,
            0.8674188852310181
        ],
        "val_loss": [
            0.46273475885391235,
            0.3932119309902191,
            0.39041173458099365,
            0.38641881942749023,
            0.42558997869491577,
            0.4323510229587555,
            0.33038508892059326,
            0.35989925265312195,
            0.3059004843235016,
            0.303398996591568,
            0.3833242952823639,
            0.4688017666339874,
            0.3686545789241791,
            0.3566361665725708,
            0.32693198323249817
        ]
    }
}