{
    "name": "trial_60",
    "start_time": "2024-10-23 08:44:33.682",
    "duration": "21.149",
    "directory": "/home/krakerlu/github/ImageMLResearch/demo/chihuahua_vs_muffin/experiments/experiment_05/output/trial_60",
    "hyperparameters": {
        "dense_units": 256,
        "dropout_rate": 0.39354215127719533,
        "learning_rate": 4.243379739172321e-05
    },
    "figures": {
        "model_summary": "/home/krakerlu/github/ImageMLResearch/demo/chihuahua_vs_muffin/experiments/experiment_05/output/trial_60/model_summary.png",
        "confusion_matrix": "/home/krakerlu/github/ImageMLResearch/demo/chihuahua_vs_muffin/experiments/experiment_05/output/trial_60/confusion_matrix.png",
        "training_history": "/home/krakerlu/github/ImageMLResearch/demo/chihuahua_vs_muffin/experiments/experiment_05/output/trial_60/training_history.png"
    },
    "evaluation_metrics": {
        "train": {
            "accuracy": 0.9981250166893005,
            "precision": 0.9981250166893005,
            "recall": 0.9981250166893005,
            "f1": 0.9981249666893031,
            "classification_report": {
                "chihuahua": {
                    "precision": 0.9982944855031268,
                    "recall": 0.9982944855031268,
                    "f1-score": 0.9982944855031268,
                    "support": 1759
                },
                "muffin": {
                    "precision": 0.9979181124219292,
                    "recall": 0.9979181124219292,
                    "f1-score": 0.9979181124219292,
                    "support": 1441
                },
                "micro avg": {
                    "precision": 0.998125,
                    "recall": 0.998125,
                    "f1-score": 0.998125,
                    "support": 3200
                },
                "macro avg": {
                    "precision": 0.998106298962528,
                    "recall": 0.998106298962528,
                    "f1-score": 0.998106298962528,
                    "support": 3200
                },
                "weighted avg": {
                    "precision": 0.998125,
                    "recall": 0.998125,
                    "f1-score": 0.998125,
                    "support": 3200
                },
                "samples avg": {
                    "precision": 0.998125,
                    "recall": 0.998125,
                    "f1-score": 0.998125,
                    "support": 3200
                }
            }
        },
        "val": {
            "accuracy": 0.989062488079071,
            "precision": 0.989062488079071,
            "recall": 0.989062488079071,
            "f1": 0.9890624380790736,
            "classification_report": {
                "chihuahua": {
                    "precision": 0.9906832298136646,
                    "recall": 0.9876160990712074,
                    "f1-score": 0.9891472868217054,
                    "support": 323
                },
                "muffin": {
                    "precision": 0.9874213836477987,
                    "recall": 0.9905362776025236,
                    "f1-score": 0.988976377952756,
                    "support": 317
                },
                "micro avg": {
                    "precision": 0.9890625,
                    "recall": 0.9890625,
                    "f1-score": 0.9890625,
                    "support": 640
                },
                "macro avg": {
                    "precision": 0.9890523067307317,
                    "recall": 0.9890761883368655,
                    "f1-score": 0.9890618323872307,
                    "support": 640
                },
                "weighted avg": {
                    "precision": 0.9890675966346342,
                    "recall": 0.9890625,
                    "f1-score": 0.9890626335225537,
                    "support": 640
                },
                "samples avg": {
                    "precision": 0.9890625,
                    "recall": 0.9890625,
                    "f1-score": 0.9890625,
                    "support": 640
                }
            }
        },
        "test": {
            "accuracy": 0.9843224883079529,
            "precision": 0.9843224883079529,
            "recall": 0.9843224883079529,
            "f1": 0.9843224383079554,
            "classification_report": {
                "chihuahua": {
                    "precision": 0.9832985386221295,
                    "recall": 0.9874213836477987,
                    "f1-score": 0.9853556485355649,
                    "support": 477
                },
                "muffin": {
                    "precision": 0.9855072463768116,
                    "recall": 0.9807692307692307,
                    "f1-score": 0.983132530120482,
                    "support": 416
                },
                "micro avg": {
                    "precision": 0.9843225083986562,
                    "recall": 0.9843225083986562,
                    "f1-score": 0.9843225083986562,
                    "support": 893
                },
                "macro avg": {
                    "precision": 0.9844028924994705,
                    "recall": 0.9840953072085148,
                    "f1-score": 0.9842440893280234,
                    "support": 893
                },
                "weighted avg": {
                    "precision": 0.9843274551125525,
                    "recall": 0.9843225083986562,
                    "f1-score": 0.9843200189043505,
                    "support": 893
                },
                "samples avg": {
                    "precision": 0.9843225083986562,
                    "recall": 0.9843225083986562,
                    "f1-score": 0.9843225083986562,
                    "support": 893
                }
            }
        }
    },
    "training_history": {
        "accuracy": [
            0.7353125214576721,
            0.9150000214576721,
            0.9493749737739563,
            0.9606249928474426,
            0.9690625071525574,
            0.9750000238418579,
            0.9753124713897705,
            0.9821875095367432,
            0.9815624952316284,
            0.9846875071525574,
            0.9850000143051147,
            0.9865624904632568,
            0.9837499856948853,
            0.9909374713897705,
            0.9893749952316284,
            0.9881250262260437,
            0.9900000095367432,
            0.9906250238418579,
            0.9903125166893005,
            0.9928125143051147,
            0.9918749928474426,
            0.9921875,
            0.9931250214576721,
            0.9946874976158142,
            0.9940624833106995
        ],
        "loss": [
            0.5502724051475525,
            0.21906647086143494,
            0.14022082090377808,
            0.10950390994548798,
            0.09128212183713913,
            0.07730846107006073,
            0.06661874800920486,
            0.053892798721790314,
            0.05427521839737892,
            0.05220932886004448,
            0.04523199051618576,
            0.041278205811977386,
            0.04363367706537247,
            0.03355428948998451,
            0.032772183418273926,
            0.03188551217317581,
            0.028413014486432076,
            0.02583775669336319,
            0.02859463170170784,
            0.022446563467383385,
            0.022259701043367386,
            0.022481566295027733,
            0.021104417741298676,
            0.017591480165719986,
            0.01829344965517521
        ],