{
    "name": "trial_82",
    "start_time": "2024-10-27 13:05:24.583",
    "duration": "0:05:45.622",
    "directory": "/home/krakerlu/github/ImageMLResearch/demo/chihuahua_vs_muffin/experiments/experiment_04/output/trial_82",
    "hyperparameters": {
        "normalization": "standard",
        "batch_size": 256,
        "learning_rate": 0.0001077238648299383
    },
    "figures": {
        "training_history": "/home/krakerlu/github/ImageMLResearch/demo/chihuahua_vs_muffin/experiments/experiment_04/output/trial_82/training_history.png"
    },
    "evaluation_metrics": {
        "train": {
            "accuracy": 0.9536673426628113,
            "precision": 0.9536673426628113,
            "recall": 0.9536673426628113,
            "f1": 0.9536672926628139,
            "classification_report": {
                "chihuahua": {
                    "precision": 0.9818181818181818,
                    "recall": 0.9330773450356555,
                    "f1-score": 0.9568274504289129,
                    "support": 3646
                },
                "muffin": {
                    "precision": 0.9228092375830433,
                    "recall": 0.9788590604026846,
                    "f1-score": 0.9500081419964175,
                    "support": 2980
                },
                "micro avg": {
                    "precision": 0.9536673709628736,
                    "recall": 0.9536673709628736,
                    "f1-score": 0.9536673709628736,
                    "support": 6626
                },
                "macro avg": {
                    "precision": 0.9523137097006126,
                    "recall": 0.95596820271917,
                    "f1-score": 0.9534177962126652,
                    "support": 6626
                },
                "weighted avg": {
                    "precision": 0.955279296544908,
                    "recall": 0.9536673709628736,
                    "f1-score": 0.953760511230477,
                    "support": 6626
                },
                "samples avg": {
                    "precision": 0.9536673709628736,
                    "recall": 0.9536673709628736,
                    "f1-score": 0.9536673709628736,
                    "support": 6626
                }
            }
        },
        "val": {
            "accuracy": 0.8251057863235474,
            "precision": 0.8251057863235474,
            "recall": 0.8251057863235474,
            "f1": 0.8251057363235503,
            "classification_report": {
                "chihuahua": {
                    "precision": 0.9440298507462687,
                    "recall": 0.6988950276243094,
                    "f1-score": 0.8031746031746032,
                    "support": 362
                },
                "muffin": {
                    "precision": 0.7528344671201814,
                    "recall": 0.9567723342939481,
                    "f1-score": 0.8426395939086294,
                    "support": 347
                },
                "micro avg": {
                    "precision": 0.8251057827926658,
                    "recall": 0.8251057827926658,
                    "f1-score": 0.8251057827926658,
                    "support": 709
                },
                "macro avg": {
                    "precision": 0.8484321589332251,
                    "recall": 0.8278336809591288,
                    "f1-score": 0.8229070985416163,
                    "support": 709
                },
                "weighted avg": {
                    "precision": 0.8504546770957013,
                    "recall": 0.8251057827926658,
                    "f1-score": 0.8224896268483791,
                    "support": 709
                },
                "samples avg": {
                    "precision": 0.8251057827926658,
                    "recall": 0.8251057827926658,
                    "f1-score": 0.8251057827926658,
                    "support": 709
                }
            }
        },
        "test": {
            "accuracy": 0.8481012582778931,
            "precision": 0.8481012582778931,
            "recall": 0.8481012582778931,
            "f1": 0.848101208277896,
            "classification_report": {
                "chihuahua": {
                    "precision": 0.9554794520547946,
                    "recall": 0.7459893048128342,
                    "f1-score": 0.8378378378378378,
                    "support": 374
                },
                "muffin": {
                    "precision": 0.7732696897374701,
                    "recall": 0.9614243323442137,
                    "f1-score": 0.8571428571428571,
                    "support": 337
                },
                "micro avg": {
                    "precision": 0.8481012658227848,
                    "recall": 0.8481012658227848,
                    "f1-score": 0.8481012658227848,
                    "support": 711
                },
                "macro avg": {
                    "precision": 0.8643745708961323,
                    "recall": 0.8537068185785239,
                    "f1-score": 0.8474903474903475,
                    "support": 711
                },
                "weighted avg": {
                    "precision": 0.8691156125316746,
                    "recall": 0.8481012658227848,
                    "f1-score": 0.8469880368614545,
                    "support": 711
                },
                "samples avg": {
                    "precision": 0.8481012658227848,
                    "recall": 0.8481012658227848,
                    "f1-score": 0.8481012658227848,
                    "support": 711
                }
            }
        }
    },
    "training_history": {
        "accuracy": [
            0.6638997793197632,
            0.7662239670753479,
            0.7994264960289001,
            0.8326290249824524,
            0.8450044989585876,
            0.8599456548690796,
            0.8836402297019958,
            0.8943555951118469,
            0.9022034406661987,
            0.9074856638908386,
            0.9124660491943359,
            0.9169936776161194,
            0.9349532127380371,
            0.9397826790809631,
            0.9483851790428162
        ],
        "loss": [
            0.5952943563461304,
            0.48960235714912415,
            0.43606308102607727,
            0.38715967535972595,
            0.3594973683357239,
            0.3363216519355774,
            0.2830943763256073,
            0.2578960955142975,
            0.24138373136520386,
            0.22679853439331055,
            0.21418403089046478,
            0.20849920809268951,
            0.17162851989269257,
            0.15823474526405334,
            0.13852441310882568
        ],
        "val_accuracy": [
            0.7630465626716614,
            0.8095909953117371,
            0.8265162110328674,
            0.8434414863586426,
            0.8462623357772827,
            0.8251057863235474,
            0.8448519110679626,
            0.8420310020446777,
            0.8674188852310181,
            0.8688293099403381,
            0.8392101526260376,
            0.7912552952766418,
            0.8251057863235474,
            0.8420310020446777,
            0.8251057863235474
        ],
        "val_loss": [
            0.5086489319801331,
            0.4328256845474243,
            0.38864269852638245,
            0.3590691387653351,
            0.338104248046875,
            0.4402967691421509,
            0.3773985207080841,
            0.38933834433555603,
            0.3236827850341797,
            0.3427931070327759,
            0.3892818093299866,
            0.4854085445404053,
            0.4337804615497589,
            0.3899171054363251,
            0.46085187792778015
        ]
    }
}