{
    "name": "trial_22",
    "start_time": "2024-10-23 08:30:09.186",
    "duration": "22.045",
    "directory": "/home/krakerlu/github/ImageMLResearch/demo/chihuahua_vs_muffin/experiments/experiment_05/output/trial_22",
    "hyperparameters": {
        "dense_units": 512,
        "dropout_rate": 0.44792604915790446,
        "learning_rate": 2.8183415668140906e-05
    },
    "figures": {
        "model_summary": "/home/krakerlu/github/ImageMLResearch/demo/chihuahua_vs_muffin/experiments/experiment_05/output/trial_22/model_summary.png",
        "confusion_matrix": "/home/krakerlu/github/ImageMLResearch/demo/chihuahua_vs_muffin/experiments/experiment_05/output/trial_22/confusion_matrix.png",
        "training_history": "/home/krakerlu/github/ImageMLResearch/demo/chihuahua_vs_muffin/experiments/experiment_05/output/trial_22/training_history.png"
    },
    "evaluation_metrics": {
        "train": {
            "accuracy": 0.9978125095367432,
            "precision": 0.9978125095367432,
            "recall": 0.9978125095367432,
            "f1": 0.9978124595367457,
            "classification_report": {
                "chihuahua": {
                    "precision": 0.9977272727272727,
                    "recall": 0.9982944855031268,
                    "f1-score": 0.9980107985223075,
                    "support": 1759
                },
                "muffin": {
                    "precision": 0.9979166666666667,
                    "recall": 0.9972241498959056,
                    "f1-score": 0.9975702880944116,
                    "support": 1441
                },
                "micro avg": {
                    "precision": 0.9978125,
                    "recall": 0.9978125,
                    "f1-score": 0.9978125,
                    "support": 3200
                },
                "macro avg": {
                    "precision": 0.9978219696969697,
                    "recall": 0.9977593176995162,
                    "f1-score": 0.9977905433083596,
                    "support": 3200
                },
                "weighted avg": {
                    "precision": 0.9978125591856061,
                    "recall": 0.9978125,
                    "f1-score": 0.9978124311702455,
                    "support": 3200
                },
                "samples avg": {
                    "precision": 0.9978125,
                    "recall": 0.9978125,
                    "f1-score": 0.9978125,
                    "support": 3200
                }
            }
        },
        "val": {
            "accuracy": 0.9906250238418579,
            "precision": 0.9906250238418579,
            "recall": 0.9906250238418579,
            "f1": 0.9906249738418604,
            "classification_report": {
                "chihuahua": {
                    "precision": 0.9907120743034056,
                    "recall": 0.9907120743034056,
                    "f1-score": 0.9907120743034056,
                    "support": 323
                },
                "muffin": {
                    "precision": 0.9905362776025236,
                    "recall": 0.9905362776025236,
                    "f1-score": 0.9905362776025236,
                    "support": 317
                },
                "micro avg": {
                    "precision": 0.990625,
                    "recall": 0.990625,
                    "f1-score": 0.990625,
                    "support": 640
                },
                "macro avg": {
                    "precision": 0.9906241759529646,
                    "recall": 0.9906241759529646,
                    "f1-score": 0.9906241759529646,
                    "support": 640
                },
                "weighted avg": {
                    "precision": 0.990625,
                    "recall": 0.990625,
                    "f1-score": 0.990625,
                    "support": 640
                },
                "samples avg": {
                    "precision": 0.990625,
                    "recall": 0.990625,
                    "f1-score": 0.990625,
                    "support": 640
                }
            }
        },
        "test": {
            "accuracy": 0.9832026958465576,
            "precision": 0.9832026958465576,
            "recall": 0.9832026958465576,
            "f1": 0.9832026458465601,
            "classification_report": {
                "chihuahua": {
                    "precision": 0.979253112033195,
                    "recall": 0.989517819706499,
                    "f1-score": 0.9843587069864442,
                    "support": 477
                },
                "muffin": {
                    "precision": 0.9878345498783455,
                    "recall": 0.9759615384615384,
                    "f1-score": 0.9818621523579202,
                    "support": 416
                },
                "micro avg": {
                    "precision": 0.9832026875699889,
                    "recall": 0.9832026875699889,
                    "f1-score": 0.9832026875699889,
                    "support": 893
                },
                "macro avg": {
                    "precision": 0.9835438309557702,
                    "recall": 0.9827396790840187,
                    "f1-score": 0.9831104296721822,
                    "support": 893
                },
                "weighted avg": {
                    "precision": 0.9832507359341833,
                    "recall": 0.9832026875699889,
                    "f1-score": 0.9831956983353065,
                    "support": 893
                },
                "samples avg": {
                    "precision": 0.9832026875699889,
                    "recall": 0.9832026875699889,
                    "f1-score": 0.9832026875699889,
                    "support": 893
                }
            }
        }
    },
    "training_history": {
        "accuracy": [
            0.6853125095367432,
            0.8849999904632568,
            0.9381250143051147,
            0.957812488079071,
            0.9634374976158142,
            0.9740625023841858,
            0.9706249833106995,
            0.9721875190734863,
            0.9806249737739563,
            0.9818750023841858,
            0.9821875095367432,
            0.9828125238418579,
            0.9825000166893005,
            0.9856250286102295,
            0.9856250286102295,
            0.9884374737739563,
            0.9868749976158142,
            0.9878125190734863,
            0.9893749952316284,
            0.9921875,
            0.9918749928474426,
            0.9909374713897705,
            0.9928125143051147,
            0.9934375286102295,
            0.9940624833106995
        ],
        "loss": [
            0.6426669955253601,
            0.27931493520736694,
            0.16464626789093018,
            0.12158844619989395,
            0.10095231235027313,
            0.08365783840417862,
            0.0847460925579071,
            0.07541830837726593,
            0.061339121311903,
            0.056283578276634216,
            0.05132509768009186,
            0.05225410312414169,
            0.045783039182424545,
            0.041378412395715714,
            0.03999777138233185,
            0.03488282859325409,
            0.037207335233688354,
            0.03510109707713127,
            0.031016305088996887,
            0.029248381033539772,
            0.027880627661943436,
            0.02641342580318451,
            0.024862417951226234,
            0.02279040962457657,
            0.022969691082835197
        ],