{
    "name": "trial_61",
    "start_time": "2024-10-20 12:07:59.838",
    "duration": "33.138",
    "directory": "/home/krakerlu/github/ImageMLResearch/demo/chihuahua_vs_muffin/experiments/experiment_03/output/trial_61",
    "hyperparameters": {
        "units1": 128,
        "kernel_size1": 3,
        "units2": 64,
        "kernel_size2": 7,
        "dense_units": 256,
        "dropout_rate": 0.2917376188205809,
        "learning_rate": 0.00015021916323067566
    },
    "figures": {
        "model_summary": "/home/krakerlu/github/ImageMLResearch/demo/chihuahua_vs_muffin/experiments/experiment_03/output/trial_61/model_summary.png",
        "confusion_matrix": "/home/krakerlu/github/ImageMLResearch/demo/chihuahua_vs_muffin/experiments/experiment_03/output/trial_61/confusion_matrix.png",
        "training_history": "/home/krakerlu/github/ImageMLResearch/demo/chihuahua_vs_muffin/experiments/experiment_03/output/trial_61/training_history.png"
    },
    "evaluation_metrics": {
        "train": {
            "accuracy": 0.9481250047683716,
            "precision": 0.9481250047683716,
            "recall": 0.9481250047683716,
            "f1": 0.9481249547683742,
            "classification_report": {
                "chihuahua": {
                    "precision": 0.9925788497217068,
                    "recall": 0.9124502558271745,
                    "f1-score": 0.9508293838862559,
                    "support": 1759
                },
                "muffin": {
                    "precision": 0.9027163613392293,
                    "recall": 0.9916724496877168,
                    "f1-score": 0.9451058201058201,
                    "support": 1441
                },
                "micro avg": {
                    "precision": 0.948125,
                    "recall": 0.948125,
                    "f1-score": 0.948125,
                    "support": 3200
                },
                "macro avg": {
                    "precision": 0.9476476055304681,
                    "recall": 0.9520613527574457,
                    "f1-score": 0.947967601996038,
                    "support": 3200
                },
                "weighted avg": {
                    "precision": 0.9521126479219724,
                    "recall": 0.948125,
                    "f1-score": 0.9482519915713784,
                    "support": 3200
                },
                "samples avg": {
                    "precision": 0.948125,
                    "recall": 0.948125,
                    "f1-score": 0.948125,
                    "support": 3200
                }
            }
        },
        "val": {
            "accuracy": 0.885937511920929,
            "precision": 0.885937511920929,
            "recall": 0.885937511920929,
            "f1": 0.8859374619209317,
            "classification_report": {
                "chihuahua": {
                    "precision": 0.9401408450704225,
                    "recall": 0.826625386996904,
                    "f1-score": 0.8797364085667215,
                    "support": 323
                },
                "muffin": {
                    "precision": 0.8426966292134831,
                    "recall": 0.9463722397476341,
                    "f1-score": 0.8915304606240714,
                    "support": 317
                },
                "micro avg": {
                    "precision": 0.8859375,
                    "recall": 0.8859375,
                    "f1-score": 0.8859375,
                    "support": 640
                },
                "macro avg": {
                    "precision": 0.8914187371419529,
                    "recall": 0.8864988133722691,
                    "f1-score": 0.8856334345953965,
                    "support": 640
                },
                "weighted avg": {
                    "precision": 0.8918755069037821,
                    "recall": 0.8859375,
                    "f1-score": 0.8855781499763775,
                    "support": 640
                },
                "samples avg": {
                    "precision": 0.8859375,
                    "recall": 0.8859375,
                    "f1-score": 0.8859375,
                    "support": 640
                }
            }
        },
        "test": {
            "accuracy": 0.8768197298049927,
            "precision": 0.8768197298049927,
            "recall": 0.8768197298049927,
            "f1": 0.8768196798049955,
            "classification_report": {
                "chihuahua": {
                    "precision": 0.9297423887587822,
                    "recall": 0.8322851153039832,
                    "f1-score": 0.8783185840707964,
                    "support": 477
                },
                "muffin": {
                    "precision": 0.8283261802575107,
                    "recall": 0.9278846153846154,
                    "f1-score": 0.8752834467120182,
                    "support": 416
                },
                "micro avg": {
                    "precision": 0.8768197088465846,
                    "recall": 0.8768197088465846,
                    "f1-score": 0.8768197088465846,
                    "support": 893
                },
                "macro avg": {
                    "precision": 0.8790342845081465,
                    "recall": 0.8800848653442993,
                    "f1-score": 0.8768010153914073,
                    "support": 893
                },
                "weighted avg": {
                    "precision": 0.8824981079787946,
                    "recall": 0.8768197088465846,
                    "f1-score": 0.8769046790973902,
                    "support": 893
                },
                "samples avg": {
                    "precision": 0.8768197088465846,
                    "recall": 0.8768197088465846,
                    "f1-score": 0.8768197088465846,
                    "support": 893
                }
            }
        }
    },
    "training_history": {
        "accuracy": [
            0.6103125214576721,
            0.7490624785423279,
            0.7915624976158142,
            0.823437511920929,
            0.8421875238418579,
            0.8490625023841858,
            0.8571875095367432,
            0.870312511920929,
            0.8806250095367432,
            0.8871874809265137,
            0.8984375,
            0.9021875262260437,
            0.9059374928474426,
            0.9156249761581421,
            0.9221875071525574,
            0.9243749976158142,
            0.9137499928474426,
            0.9303125143051147,
            0.9300000071525574,
            0.942187488079071,
            0.9521874785423279,
            0.9543750286102295,
            0.9512500166893005,
            0.9178125262260437,
            0.9599999785423279
        ],
        "loss": [
            0.6509837508201599,
            0.5206889510154724,
            0.4602850675582886,
            0.41734445095062256,
            0.383744478225708,
            0.3624934256076813,
            0.3326357305049896,
            0.32866284251213074,
            0.2964918613433838,
            0.27473148703575134,
            0.25901368260383606,
            0.24833884835243225,
            0.23313981294631958,
            0.21291321516036987,
            0.1941586136817932,
            0.18947219848632812,
            0.21630820631980896,
            0.1733568161725998,
            0.1736563742160797,
            0.14972764253616333,
            0.1271137297153473,
            0.11301054805517197,
            0.1291528195142746,
            0.19323262572288513,
            0.11120586097240448
        ],