{
    "name": "trial_81",
    "start_time": "2024-10-20 12:18:05.615",
    "duration": "40.751",
    "directory": "/home/krakerlu/github/ImageMLResearch/demo/chihuahua_vs_muffin/experiments/experiment_03/output/trial_81",
    "hyperparameters": {
        "units1": 128,
        "kernel_size1": 7,
        "units2": 64,
        "kernel_size2": 7,
        "dense_units": 256,
        "dropout_rate": 0.2502323196936779,
        "learning_rate": 0.0009492963000108242
    },
    "figures": {
        "model_summary": "/home/krakerlu/github/ImageMLResearch/demo/chihuahua_vs_muffin/experiments/experiment_03/output/trial_81/model_summary.png",
        "confusion_matrix": "/home/krakerlu/github/ImageMLResearch/demo/chihuahua_vs_muffin/experiments/experiment_03/output/trial_81/confusion_matrix.png",
        "training_history": "/home/krakerlu/github/ImageMLResearch/demo/chihuahua_vs_muffin/experiments/experiment_03/output/trial_81/training_history.png"
    },
    "evaluation_metrics": {
        "train": {
            "accuracy": 0.987500011920929,
            "precision": 0.987500011920929,
            "recall": 0.987500011920929,
            "f1": 0.9874999619209315,
            "classification_report": {
                "chihuahua": {
                    "precision": 0.9880749574105622,
                    "recall": 0.9891984081864695,
                    "f1-score": 0.9886363636363636,
                    "support": 1759
                },
                "muffin": {
                    "precision": 0.9867963863794301,
                    "recall": 0.9854267869535045,
                    "f1-score": 0.9861111111111112,
                    "support": 1441
                },
                "micro avg": {
                    "precision": 0.9875,
                    "recall": 0.9875,
                    "f1-score": 0.9875,
                    "support": 3200
                },
                "macro avg": {
                    "precision": 0.9874356718949961,
                    "recall": 0.987312597569987,
                    "f1-score": 0.9873737373737375,
                    "support": 3200
                },
                "weighted avg": {
                    "precision": 0.9874992008931055,
                    "recall": 0.9875,
                    "f1-score": 0.9874992108585858,
                    "support": 3200
                },
                "samples avg": {
                    "precision": 0.9875,
                    "recall": 0.9875,
                    "f1-score": 0.9875,
                    "support": 3200
                }
            }
        },
        "val": {
            "accuracy": 0.839062511920929,
            "precision": 0.839062511920929,
            "recall": 0.839062511920929,
            "f1": 0.8390624619209319,
            "classification_report": {
                "chihuahua": {
                    "precision": 0.8481012658227848,
                    "recall": 0.8297213622291022,
                    "f1-score": 0.838810641627543,
                    "support": 323
                },
                "muffin": {
                    "precision": 0.8302469135802469,
                    "recall": 0.8485804416403786,
                    "f1-score": 0.8393135725429017,
                    "support": 317
                },
                "micro avg": {
                    "precision": 0.8390625,
                    "recall": 0.8390625,
                    "f1-score": 0.8390625,
                    "support": 640
                },
                "macro avg": {
                    "precision": 0.8391740897015159,
                    "recall": 0.8391509019347404,
                    "f1-score": 0.8390621070852224,
                    "support": 640
                },
                "weighted avg": {
                    "precision": 0.8392577819776527,
                    "recall": 0.8390625,
                    "f1-score": 0.8390597495965565,
                    "support": 640
                },
                "samples avg": {
                    "precision": 0.8390625,
                    "recall": 0.8390625,
                    "f1-score": 0.8390625,
                    "support": 640
                }
            }
        },
        "test": {
            "accuracy": 0.8633818626403809,
            "precision": 0.8633818626403809,
            "recall": 0.8633818626403809,
            "f1": 0.8633818126403837,
            "classification_report": {
                "chihuahua": {
                    "precision": 0.8674948240165632,
                    "recall": 0.8784067085953878,
                    "f1-score": 0.8729166666666667,
                    "support": 477
                },
                "muffin": {
                    "precision": 0.8585365853658536,
                    "recall": 0.8461538461538461,
                    "f1-score": 0.8523002421307506,
                    "support": 416
                },
                "micro avg": {
                    "precision": 0.8633818589025756,
                    "recall": 0.8633818589025756,
                    "f1-score": 0.8633818589025756,
                    "support": 893
                },
                "macro avg": {
                    "precision": 0.8630157046912084,
                    "recall": 0.862280277374617,
                    "f1-score": 0.8626084543987087,
                    "support": 893
                },
                "weighted avg": {
                    "precision": 0.8633216691692003,
                    "recall": 0.8633818589025756,
                    "f1-score": 0.8633125987977517,
                    "support": 893
                },
                "samples avg": {
                    "precision": 0.8633818589025756,
                    "recall": 0.8633818589025756,
                    "f1-score": 0.8633818589025756,
                    "support": 893
                }
            }
        }
    },
    "training_history": {
        "accuracy": [
            0.5793750286102295,
            0.7356250286102295,
            0.7853124737739563,
            0.8112499713897705,
            0.8246874809265137,
            0.8412500023841858,
            0.8493750095367432,
            0.8728125095367432,
            0.8731250166893005,
            0.8746874928474426,
            0.8924999833106995,
            0.9071875214576721,
            0.9196875095367432,
            0.926562488079071,
            0.9084374904632568,
            0.9037500023841858,
            0.9462500214576721,
            0.9553124904632568,
            0.9565625190734863,
            0.9612500071525574,
            0.9706249833106995,
            0.9768750071525574,
            0.9668750166893005,
            0.9671875238418579,
            0.971875011920929
        ],
        "loss": [
            0.6926795244216919,
            0.5500097870826721,
            0.48666247725486755,
            0.43548089265823364,
            0.40973204374313354,
            0.36611858010292053,
            0.35055381059646606,
            0.31020528078079224,
            0.30211833119392395,
            0.2925834357738495,
            0.2641027867794037,
            0.23742960393428802,
            0.1993669867515564,
            0.18383856117725372,
            0.22869211435317993,
            0.23932699859142303,
            0.14314965903759003,
            0.1062977984547615,
            0.10515738278627396,
            0.09653281420469284,
            0.08322663605213165,
            0.06543480604887009,
            0.09036780148744583,
            0.09066594392061234,
            0.08674786239862442
        ],