{
    "name": "trial_86",
    "start_time": "2024-10-23 08:54:35.046",
    "duration": "21.263",
    "directory": "/home/krakerlu/github/ImageMLResearch/demo/chihuahua_vs_muffin/experiments/experiment_05/output/trial_86",
    "hyperparameters": {
        "dense_units": 512,
        "dropout_rate": 0.46470019053602923,
        "learning_rate": 5.6657742801569646e-05
    },
    "figures": {
        "model_summary": "/home/krakerlu/github/ImageMLResearch/demo/chihuahua_vs_muffin/experiments/experiment_05/output/trial_86/model_summary.png",
        "confusion_matrix": "/home/krakerlu/github/ImageMLResearch/demo/chihuahua_vs_muffin/experiments/experiment_05/output/trial_86/confusion_matrix.png",
        "training_history": "/home/krakerlu/github/ImageMLResearch/demo/chihuahua_vs_muffin/experiments/experiment_05/output/trial_86/training_history.png"
    },
    "evaluation_metrics": {
        "train": {
            "accuracy": 0.9996874928474426,
            "precision": 0.9996874928474426,
            "recall": 0.9996874928474426,
            "f1": 0.9996874428474452,
            "classification_report": {
                "chihuahua": {
                    "precision": 1.0,
                    "recall": 0.9994314951677089,
                    "f1-score": 0.9997156667614444,
                    "support": 1759
                },
                "muffin": {
                    "precision": 0.9993065187239945,
                    "recall": 1.0,
                    "f1-score": 0.9996531390912244,
                    "support": 1441
                },
                "micro avg": {
                    "precision": 0.9996875,
                    "recall": 0.9996875,
                    "f1-score": 0.9996875,
                    "support": 3200
                },
                "macro avg": {
                    "precision": 0.9996532593619972,
                    "recall": 0.9997157475838545,
                    "f1-score": 0.9996844029263344,
                    "support": 3200
                },
                "weighted avg": {
                    "precision": 0.9996877167128987,
                    "recall": 0.9996875,
                    "f1-score": 0.9996875097699484,
                    "support": 3200
                },
                "samples avg": {
                    "precision": 0.9996875,
                    "recall": 0.9996875,
                    "f1-score": 0.9996875,
                    "support": 3200
                }
            }
        },
        "val": {
            "accuracy": 0.9921875,
            "precision": 0.9921875,
            "recall": 0.9921875,
            "f1": 0.9921874500000025,
            "classification_report": {
                "chihuahua": {
                    "precision": 0.9937888198757764,
                    "recall": 0.9907120743034056,
                    "f1-score": 0.9922480620155039,
                    "support": 323
                },
                "muffin": {
                    "precision": 0.9905660377358491,
                    "recall": 0.9936908517350158,
                    "f1-score": 0.9921259842519685,
                    "support": 317
                },
                "micro avg": {
                    "precision": 0.9921875,
                    "recall": 0.9921875,
                    "f1-score": 0.9921875,
                    "support": 640
                },
                "macro avg": {
                    "precision": 0.9921774288058127,
                    "recall": 0.9922014630192106,
                    "f1-score": 0.9921870231337362,
                    "support": 640
                },
                "weighted avg": {
                    "precision": 0.9921925355970936,
                    "recall": 0.9921875,
                    "f1-score": 0.9921875953732527,
                    "support": 640
                },
                "samples avg": {
                    "precision": 0.9921875,
                    "recall": 0.9921875,
                    "f1-score": 0.9921875,
                    "support": 640
                }
            }
        },
        "test": {
            "accuracy": 0.9865621328353882,
            "precision": 0.9865621328353882,
            "recall": 0.9865621328353882,
            "f1": 0.9865620828353907,
            "classification_report": {
                "chihuahua": {
                    "precision": 0.9853862212943633,
                    "recall": 0.989517819706499,
                    "f1-score": 0.9874476987447699,
                    "support": 477
                },
                "muffin": {
                    "precision": 0.9879227053140096,
                    "recall": 0.9831730769230769,
                    "f1-score": 0.9855421686746988,
                    "support": 416
                },
                "micro avg": {
                    "precision": 0.986562150055991,
                    "recall": 0.986562150055991,
                    "f1-score": 0.986562150055991,
                    "support": 893
                },
                "macro avg": {
                    "precision": 0.9866544633041865,
                    "recall": 0.986345448314788,
                    "f1-score": 0.9864949337097344,
                    "support": 893
                },
                "weighted avg": {
                    "precision": 0.9865678308712645,
                    "recall": 0.986562150055991,
                    "f1-score": 0.9865600162037289,
                    "support": 893
                },
                "samples avg": {
                    "precision": 0.986562150055991,
                    "recall": 0.986562150055991,
                    "f1-score": 0.986562150055991,
                    "support": 893
                }
            }
        }
    },
    "training_history": {
        "accuracy": [
            0.8278124928474426,
            0.9631249904632568,
            0.9712499976158142,
            0.9771875143051147,
            0.9840624928474426,
            0.9865624904632568,
            0.9850000143051147,
            0.9825000166893005,
            0.9896875023841858,
            0.9940624833106995,
            0.9925000071525574,
            0.9915624856948853,
            0.9946874976158142,
            0.9950000047683716,
            0.9943749904632568,
            0.9959375262260437,
            0.9946874976158142,
            0.9965624809265137,
            0.9971874952316284,
            0.9981250166893005,
            0.996874988079071,
            0.9975000023841858,
            0.9993749856948853,
            0.9984375238418579,
            0.9990624785423279
        ],
        "loss": [
            0.38103461265563965,
            0.11997229605913162,
            0.08282344788312912,
            0.06766913086175919,
            0.05404193699359894,
            0.045375097543001175,
            0.03923631086945534,
            0.04060579836368561,
            0.03081376478075981,
            0.026911383494734764,
            0.026955384761095047,
            0.023797722533345222,
            0.022066934034228325,
            0.019822223111987114,
            0.019095394760370255,
            0.01612563244998455,
            0.016812898218631744,
            0.014202193357050419,
            0.013242674060165882,
            0.011847739107906818,
            0.011555945500731468,
            0.010642959736287594,
            0.008549802005290985,
            0.00878613255918026,
            0.008082863874733448
        ],