{
    "name": "trial_42",
    "start_time": "2024-10-20 11:57:04.691",
    "duration": "32.946",
    "directory": "/home/krakerlu/github/ImageMLResearch/demo/chihuahua_vs_muffin/experiments/experiment_03/output/trial_42",
    "hyperparameters": {
        "units1": 128,
        "kernel_size1": 3,
        "units2": 64,
        "kernel_size2": 7,
        "dense_units": 128,
        "dropout_rate": 0.11006800945002276,
        "learning_rate": 7.187335450648665e-05
    },
    "figures": {
        "model_summary": "/home/krakerlu/github/ImageMLResearch/demo/chihuahua_vs_muffin/experiments/experiment_03/output/trial_42/model_summary.png",
        "confusion_matrix": "/home/krakerlu/github/ImageMLResearch/demo/chihuahua_vs_muffin/experiments/experiment_03/output/trial_42/confusion_matrix.png",
        "training_history": "/home/krakerlu/github/ImageMLResearch/demo/chihuahua_vs_muffin/experiments/experiment_03/output/trial_42/training_history.png"
    },
    "evaluation_metrics": {
        "train": {
            "accuracy": 0.934374988079071,
            "precision": 0.934374988079071,
            "recall": 0.934374988079071,
            "f1": 0.9343749380790737,
            "classification_report": {
                "chihuahua": {
                    "precision": 0.9569321533923304,
                    "recall": 0.9221148379761228,
                    "f1-score": 0.939200926462073,
                    "support": 1759
                },
                "muffin": {
                    "precision": 0.9089700996677741,
                    "recall": 0.9493407356002775,
                    "f1-score": 0.9287169042769857,
                    "support": 1441
                },
                "micro avg": {
                    "precision": 0.934375,
                    "recall": 0.934375,
                    "f1-score": 0.934375,
                    "support": 3200
                },
                "macro avg": {
                    "precision": 0.9329511265300523,
                    "recall": 0.9357277867882001,
                    "f1-score": 0.9339589153695294,
                    "support": 3200
                },
                "weighted avg": {
                    "precision": 0.9353342410744913,
                    "recall": 0.934375,
                    "f1-score": 0.9344798402218508,
                    "support": 3200
                },
                "samples avg": {
                    "precision": 0.934375,
                    "recall": 0.934375,
                    "f1-score": 0.934375,
                    "support": 3200
                }
            }
        },
        "val": {
            "accuracy": 0.895312488079071,
            "precision": 0.895312488079071,
            "recall": 0.895312488079071,
            "f1": 0.8953124380790738,
            "classification_report": {
                "chihuahua": {
                    "precision": 0.9050632911392406,
                    "recall": 0.8854489164086687,
                    "f1-score": 0.8951486697965572,
                    "support": 323
                },
                "muffin": {
                    "precision": 0.8858024691358025,
                    "recall": 0.9053627760252366,
                    "f1-score": 0.8954758190327613,
                    "support": 317
                },
                "micro avg": {
                    "precision": 0.8953125,
                    "recall": 0.8953125,
                    "f1-score": 0.8953125,
                    "support": 640
                },
                "macro avg": {
                    "precision": 0.8954328801375215,
                    "recall": 0.8954058462169527,
                    "f1-score": 0.8953122444146593,
                    "support": 640
                },
                "weighted avg": {
                    "precision": 0.8955231652406628,
                    "recall": 0.8953125,
                    "f1-score": 0.8953107109026146,
                    "support": 640
                },
                "samples avg": {
                    "precision": 0.8953125,
                    "recall": 0.8953125,
                    "f1-score": 0.8953125,
                    "support": 640
                }
            }
        },
        "test": {
            "accuracy": 0.9014557600021362,
            "precision": 0.9014557600021362,
            "recall": 0.9014557600021362,
            "f1": 0.901455710002139,
            "classification_report": {
                "chihuahua": {
                    "precision": 0.9147121535181236,
                    "recall": 0.89937106918239,
                    "f1-score": 0.9069767441860465,
                    "support": 477
                },
                "muffin": {
                    "precision": 0.8867924528301887,
                    "recall": 0.9038461538461539,
                    "f1-score": 0.8952380952380953,
                    "support": 416
                },
                "micro avg": {
                    "precision": 0.9014557670772676,
                    "recall": 0.9014557670772676,
                    "f1-score": 0.9014557670772676,
                    "support": 893
                },
                "macro avg": {
                    "precision": 0.9007523031741562,
                    "recall": 0.9016086115142719,
                    "f1-score": 0.9011074197120709,
                    "support": 893
                },
                "weighted avg": {
                    "precision": 0.9017058875761517,
                    "recall": 0.9014557670772676,
                    "f1-score": 0.901508347811637,
                    "support": 893
                },
                "samples avg": {
                    "precision": 0.9014557670772676,
                    "recall": 0.9014557670772676,
                    "f1-score": 0.9014557670772676,
                    "support": 893
                }
            }
        }
    },
    "training_history": {
        "accuracy": [
            0.6303125023841858,
            0.7556250095367432,
            0.793749988079071,
            0.8215625286102295,
            0.8290625214576721,
            0.8478124737739563,
            0.8518750071525574,
            0.8609374761581421,
            0.8637499809265137,
            0.8721874952316284,
            0.8821874856948853,
            0.8828125,
            0.8868749737739563,
            0.8959375023841858,
            0.9009374976158142,
            0.901562511920929,
            0.9053124785423279,
            0.9125000238418579,
            0.9137499928474426,
            0.9137499928474426,
            0.9196875095367432,
            0.9193750023841858,
            0.9162499904632568,
            0.909375011920929,
            0.9131249785423279
        ],
        "loss": [
            0.6403143405914307,
            0.5095226764678955,
            0.4523051083087921,
            0.4164646863937378,
            0.39230918884277344,
            0.36327189207077026,
            0.35754451155662537,
            0.3286334276199341,
            0.3190917372703552,
            0.31022804975509644,
            0.2879537045955658,
            0.27705690264701843,
            0.2748662829399109,
            0.2543460726737976,
            0.24829699099063873,
            0.24217449128627777,
            0.2418794482946396,
            0.23067140579223633,
            0.21786342561244965,
            0.2160576432943344,
            0.20787988603115082,
            0.20723268389701843,
            0.21607619524002075,
            0.21544495224952698,
            0.2174830585718155
        ],