{
    "name": "trial_11",
    "start_time": "2024-10-20 11:43:18.615",
    "duration": "24.068",
    "directory": "/home/krakerlu/github/ImageMLResearch/demo/chihuahua_vs_muffin/experiments/experiment_03/output/trial_11",
    "hyperparameters": {
        "units1": 64,
        "kernel_size1": 5,
        "units2": 32,
        "kernel_size2": 7,
        "dense_units": 128,
        "dropout_rate": 0.48517788342021034,
        "learning_rate": 1.0107733227152883e-05
    },
    "figures": {
        "model_summary": "/home/krakerlu/github/ImageMLResearch/demo/chihuahua_vs_muffin/experiments/experiment_03/output/trial_11/model_summary.png",
        "confusion_matrix": "/home/krakerlu/github/ImageMLResearch/demo/chihuahua_vs_muffin/experiments/experiment_03/output/trial_11/confusion_matrix.png",
        "training_history": "/home/krakerlu/github/ImageMLResearch/demo/chihuahua_vs_muffin/experiments/experiment_03/output/trial_11/training_history.png"
    },
    "evaluation_metrics": {
        "train": {
            "accuracy": 0.8196874856948853,
            "precision": 0.8196874856948853,
            "recall": 0.8196874856948853,
            "f1": 0.8196874356948882,
            "classification_report": {
                "chihuahua": {
                    "precision": 0.8268805309734514,
                    "recall": 0.8499147242751564,
                    "f1-score": 0.8382394168769274,
                    "support": 1759
                },
                "muffin": {
                    "precision": 0.8103448275862069,
                    "recall": 0.7827897293546149,
                    "f1-score": 0.7963289798799859,
                    "support": 1441
                },
                "micro avg": {
                    "precision": 0.8196875,
                    "recall": 0.8196875,
                    "f1-score": 0.8196875,
                    "support": 3200
                },
                "macro avg": {
                    "precision": 0.8186126792798292,
                    "recall": 0.8163522268148856,
                    "f1-score": 0.8172841983784567,
                    "support": 3200
                },
                "weighted avg": {
                    "precision": 0.8194342970418828,
                    "recall": 0.8196875,
                    "f1-score": 0.8193666232167423,
                    "support": 3200
                },
                "samples avg": {
                    "precision": 0.8196875,
                    "recall": 0.8196875,
                    "f1-score": 0.8196875,
                    "support": 3200
                }
            }
        },
        "val": {
            "accuracy": 0.793749988079071,
            "precision": 0.793749988079071,
            "recall": 0.793749988079071,
            "f1": 0.7937499380790741,
            "classification_report": {
                "chihuahua": {
                    "precision": 0.7850746268656716,
                    "recall": 0.8142414860681114,
                    "f1-score": 0.7993920972644377,
                    "support": 323
                },
                "muffin": {
                    "precision": 0.8032786885245902,
                    "recall": 0.7728706624605678,
                    "f1-score": 0.7877813504823151,
                    "support": 317
                },
                "micro avg": {
                    "precision": 0.79375,
                    "recall": 0.79375,
                    "f1-score": 0.79375,
                    "support": 640
                },
                "macro avg": {
                    "precision": 0.7941766576951309,
                    "recall": 0.7935560742643396,
                    "f1-score": 0.7935867238733765,
                    "support": 640
                },
                "weighted avg": {
                    "precision": 0.7940913261561047,
                    "recall": 0.79375,
                    "f1-score": 0.7936411492489176,
                    "support": 640
                },
                "samples avg": {
                    "precision": 0.79375,
                    "recall": 0.79375,
                    "f1-score": 0.79375,
                    "support": 640
                }
            }
        },
        "test": {
            "accuracy": 0.8051511645317078,
            "precision": 0.8051511645317078,
            "recall": 0.8051511645317078,
            "f1": 0.8051511145317108,
            "classification_report": {
                "chihuahua": {
                    "precision": 0.8136645962732919,
                    "recall": 0.8238993710691824,
                    "f1-score": 0.81875,
                    "support": 477
                },
                "muffin": {
                    "precision": 0.7951219512195122,
                    "recall": 0.7836538461538461,
                    "f1-score": 0.7893462469733656,
                    "support": 416
                },
                "micro avg": {
                    "precision": 0.8051511758118701,
                    "recall": 0.8051511758118701,
                    "f1-score": 0.8051511758118701,
                    "support": 893
                },
                "macro avg": {
                    "precision": 0.8043932737464021,
                    "recall": 0.8037766086115143,
                    "f1-score": 0.8040481234866828,
                    "support": 893
                },
                "weighted avg": {
                    "precision": 0.8050265891709714,
                    "recall": 0.8051511758118701,
                    "f1-score": 0.8050523950066294,
                    "support": 893
                },
                "samples avg": {
                    "precision": 0.8051511758118701,
                    "recall": 0.8051511758118701,
                    "f1-score": 0.8051511758118701,
                    "support": 893
                }
            }
        }
    },
    "training_history": {
        "accuracy": [
            0.5268750190734863,
            0.5259374976158142,
            0.5431249737739563,
            0.5521875023841858,
            0.5559375286102295,
            0.5603125095367432,
            0.6009374856948853,
            0.6196874976158142,
            0.6621875166893005,
            0.6865624785423279,
            0.6990625262260437,
            0.7174999713897705,
            0.7359374761581421,
            0.7462499737739563,
            0.7425000071525574,
            0.7512500286102295,
            0.7587500214576721,
            0.7646874785423279,
            0.7637500166893005,
            0.7712500095367432,
            0.7831249833106995,
            0.7850000262260437,
            0.7925000190734863,
            0.8006250262260437,
            0.7950000166893005
        ],
        "loss": [
            0.6949549317359924,
            0.6909819841384888,
            0.6871907114982605,
            0.6855425834655762,
            0.6808731555938721,
            0.6773659586906433,
            0.6648522019386292,
            0.6514989733695984,
            0.6261031627655029,
            0.6040871143341064,
            0.5809847116470337,
            0.5661638975143433,
            0.5557312369346619,
            0.5414067506790161,
            0.5380136370658875,
            0.5280903577804565,
            0.511072039604187,
            0.5122990608215332,
            0.5059024691581726,
            0.4949824810028076,
            0.4861637353897095,
            0.4819737672805786,
            0.47441524267196655,
            0.4604976177215576,
            0.4573834538459778
        ],