{
    "name": "trial_67",
    "start_time": "2024-10-27 11:37:51.025",
    "duration": "0:05:47.353",
    "directory": "/home/krakerlu/github/ImageMLResearch/demo/chihuahua_vs_muffin/experiments/experiment_04/output/trial_67",
    "hyperparameters": {
        "normalization": "standard",
        "batch_size": 128,
        "learning_rate": 6.390896013158943e-05
    },
    "figures": {
        "training_history": "/home/krakerlu/github/ImageMLResearch/demo/chihuahua_vs_muffin/experiments/experiment_04/output/trial_67/training_history.png"
    },
    "evaluation_metrics": {
        "train": {
            "accuracy": 0.9258979558944702,
            "precision": 0.9258979558944702,
            "recall": 0.9258979558944702,
            "f1": 0.9258979058944729,
            "classification_report": {
                "chihuahua": {
                    "precision": 0.8854141216711459,
                    "recall": 0.9939659901261657,
                    "f1-score": 0.9365551104793901,
                    "support": 3646
                },
                "muffin": {
                    "precision": 0.9913146466640348,
                    "recall": 0.8426174496644295,
                    "f1-score": 0.9109377834210048,
                    "support": 2980
                },
                "micro avg": {
                    "precision": 0.9258979776637488,
                    "recall": 0.9258979776637488,
                    "f1-score": 0.9258979776637488,
                    "support": 6626
                },
                "macro avg": {
                    "precision": 0.9383643841675904,
                    "recall": 0.9182917198952976,
                    "f1-score": 0.9237464469501975,
                    "support": 6626
                },
                "weighted avg": {
                    "precision": 0.9330421875447966,
                    "recall": 0.9258979776637488,
                    "f1-score": 0.9250338858138321,
                    "support": 6626
                },
                "samples avg": {
                    "precision": 0.9258979776637488,
                    "recall": 0.9258979776637488,
                    "f1-score": 0.9258979776637488,
                    "support": 6626
                }
            }
        },
        "val": {
            "accuracy": 0.8504936695098877,
            "precision": 0.8504936695098877,
            "recall": 0.8504936695098877,
            "f1": 0.8504936195098906,
            "classification_report": {
                "chihuahua": {
                    "precision": 0.8152709359605911,
                    "recall": 0.914364640883978,
                    "f1-score": 0.8619791666666666,
                    "support": 362
                },
                "muffin": {
                    "precision": 0.8976897689768977,
                    "recall": 0.7838616714697406,
                    "f1-score": 0.8369230769230769,
                    "support": 347
                },
                "micro avg": {
                    "precision": 0.8504936530324401,
                    "recall": 0.8504936530324401,
                    "f1-score": 0.8504936530324401,
                    "support": 709
                },
                "macro avg": {
                    "precision": 0.8564803524687443,
                    "recall": 0.8491131561768592,
                    "f1-score": 0.8494511217948717,
                    "support": 709
                },
                "weighted avg": {
                    "precision": 0.855608503036273,
                    "recall": 0.8504936530324401,
                    "f1-score": 0.8497161721095077,
                    "support": 709
                },
                "samples avg": {
                    "precision": 0.8504936530324401,
                    "recall": 0.8504936530324401,
                    "f1-score": 0.8504936530324401,
                    "support": 709
                }
            }
        },
        "test": {
            "accuracy": 0.8649789094924927,
            "precision": 0.8649789094924927,
            "recall": 0.8649789094924927,
            "f1": 0.8649788594924955,
            "classification_report": {
                "chihuahua": {
                    "precision": 0.8247663551401869,
                    "recall": 0.9438502673796791,
                    "f1-score": 0.8802992518703242,
                    "support": 374
                },
                "muffin": {
                    "precision": 0.9257950530035336,
                    "recall": 0.7774480712166172,
                    "f1-score": 0.8451612903225807,
                    "support": 337
                },
                "micro avg": {
                    "precision": 0.8649789029535865,
                    "recall": 0.8649789029535865,
                    "f1-score": 0.8649789029535865,
                    "support": 711
                },
                "macro avg": {
                    "precision": 0.8752807040718602,
                    "recall": 0.8606491692981482,
                    "f1-score": 0.8627302710964524,
                    "support": 711
                },
                "weighted avg": {
                    "precision": 0.8726519686140939,
                    "recall": 0.8649789029535865,
                    "f1-score": 0.8636445499834189,
                    "support": 711
                },
                "samples avg": {
                    "precision": 0.8649789029535865,
                    "recall": 0.8649789029535865,
                    "f1-score": 0.8649789029535865,
                    "support": 711
                }
            }
        }
    },
    "training_history": {
        "accuracy": [
            0.7159674167633057,
            0.7754301428794861,
            0.8262903690338135,
            0.8551161885261536,
            0.8699064254760742,
            0.8872622847557068,
            0.891638994216919,
            0.9049200415611267,
            0.910956859588623,
            0.9236341714859009,
            0.9320857524871826,
            0.938122570514679,
            0.942952036857605,
            0.9390280842781067,
            0.9326894283294678
        ],
        "loss": [
            0.5552180409431458,
            0.4820687472820282,
            0.40287095308303833,
            0.3498472273349762,
            0.3185977339744568,
            0.282196044921875,
            0.2652057409286499,
            0.24347800016403198,
            0.22327955067157745,
            0.19959889352321625,
            0.17851246893405914,
            0.1595810055732727,
            0.1446809023618698,
            0.1587456464767456,
            0.1658913791179657
        ],
        "val_accuracy": [
            0.803949236869812,
            0.794076144695282,
            0.8194640278816223,
            0.8222849369049072,
            0.8462623357772827,
            0.8293371200561523,
            0.8533145189285278,
            0.8519040942192078,
            0.8265162110328674,
            0.8490832448005676,
            0.8519040942192078,
            0.8928067684173584,
            0.860366702079773,
            0.8377997279167175,
            0.8504936695098877
        ],
        "val_loss": [
            0.4527786672115326,
            0.46779927611351013,
            0.4180876314640045,
            0.43581923842430115,
            0.3750716745853424,
            0.39607396721839905,
            0.3497924506664276,
            0.3357173204421997,
            0.38111183047294617,
            0.34597262740135193,
            0.34268873929977417,
            0.2996021509170532,
            0.33533260226249695,
            0.3856646716594696,
            0.34596171975135803
        ]
    }
}