{
    "name": "trial_14",
    "start_time": "2024-10-20 11:44:22.048",
    "duration": "18.956",
    "directory": "/home/krakerlu/github/ImageMLResearch/demo/chihuahua_vs_muffin/experiments/experiment_03/output/trial_14",
    "hyperparameters": {
        "units1": 64,
        "kernel_size1": 5,
        "units2": 16,
        "kernel_size2": 5,
        "dense_units": 512,
        "dropout_rate": 0.39398113914126903,
        "learning_rate": 1.4468742936443877e-05
    },
    "figures": {
        "model_summary": "/home/krakerlu/github/ImageMLResearch/demo/chihuahua_vs_muffin/experiments/experiment_03/output/trial_14/model_summary.png",
        "confusion_matrix": "/home/krakerlu/github/ImageMLResearch/demo/chihuahua_vs_muffin/experiments/experiment_03/output/trial_14/confusion_matrix.png",
        "training_history": "/home/krakerlu/github/ImageMLResearch/demo/chihuahua_vs_muffin/experiments/experiment_03/output/trial_14/training_history.png"
    },
    "evaluation_metrics": {
        "train": {
            "accuracy": 0.8496875166893005,
            "precision": 0.8496875166893005,
            "recall": 0.8496875166893005,
            "f1": 0.8496874666893035,
            "classification_report": {
                "chihuahua": {
                    "precision": 0.863481228668942,
                    "recall": 0.8629903354178511,
                    "f1-score": 0.8632357122547626,
                    "support": 1759
                },
                "muffin": {
                    "precision": 0.8328710124826629,
                    "recall": 0.8334489937543372,
                    "f1-score": 0.8331599028789456,
                    "support": 1441
                },
                "micro avg": {
                    "precision": 0.8496875,
                    "recall": 0.8496875,
                    "f1-score": 0.8496875,
                    "support": 3200
                },
                "macro avg": {
                    "precision": 0.8481761205758025,
                    "recall": 0.8482196645860942,
                    "f1-score": 0.8481978075668541,
                    "support": 3200
                },
                "weighted avg": {
                    "precision": 0.8496970656925582,
                    "recall": 0.8496875,
                    "f1-score": 0.849692199345215,
                    "support": 3200
                },
                "samples avg": {
                    "precision": 0.8496875,
                    "recall": 0.8496875,
                    "f1-score": 0.8496875,
                    "support": 3200
                }
            }
        },
        "val": {
            "accuracy": 0.831250011920929,
            "precision": 0.831250011920929,
            "recall": 0.831250011920929,
            "f1": 0.8312499619209319,
            "classification_report": {
                "chihuahua": {
                    "precision": 0.8287461773700305,
                    "recall": 0.8390092879256966,
                    "f1-score": 0.8338461538461538,
                    "support": 323
                },
                "muffin": {
                    "precision": 0.8338658146964856,
                    "recall": 0.8233438485804416,
                    "f1-score": 0.8285714285714286,
                    "support": 317
                },
                "micro avg": {
                    "precision": 0.83125,
                    "recall": 0.83125,
                    "f1-score": 0.83125,
                    "support": 640
                },
                "macro avg": {
                    "precision": 0.831305996033258,
                    "recall": 0.8311765682530692,
                    "f1-score": 0.8312087912087912,
                    "support": 640
                },
                "weighted avg": {
                    "precision": 0.8312819977332904,
                    "recall": 0.83125,
                    "f1-score": 0.8312335164835165,
                    "support": 640
                },
                "samples avg": {
                    "precision": 0.83125,
                    "recall": 0.83125,
                    "f1-score": 0.83125,
                    "support": 640
                }
            }
        },
        "test": {
            "accuracy": 0.8465845584869385,
            "precision": 0.8465845584869385,
            "recall": 0.8465845584869385,
            "f1": 0.8465845084869414,
            "classification_report": {
                "chihuahua": {
                    "precision": 0.8617021276595744,
                    "recall": 0.8490566037735849,
                    "f1-score": 0.8553326293558606,
                    "support": 477
                },
                "muffin": {
                    "precision": 0.8297872340425532,
                    "recall": 0.84375,
                    "f1-score": 0.8367103694874851,
                    "support": 416
                },
                "micro avg": {
                    "precision": 0.8465845464725644,
                    "recall": 0.8465845464725644,
                    "f1-score": 0.8465845464725644,
                    "support": 893
                },
                "macro avg": {
                    "precision": 0.8457446808510638,
                    "recall": 0.8464033018867925,
                    "f1-score": 0.8460214994216728,
                    "support": 893
                },
                "weighted avg": {
                    "precision": 0.8468347192108837,
                    "recall": 0.8465845464725644,
                    "f1-score": 0.8466575340532354,
                    "support": 893
                },
                "samples avg": {
                    "precision": 0.8465845464725644,
                    "recall": 0.8465845464725644,
                    "f1-score": 0.8465845464725644,
                    "support": 893
                }
            }
        }
    },
    "training_history": {
        "accuracy": [
            0.5140625238418579,
            0.5406249761581421,
            0.565625011920929,
            0.6065624952316284,
            0.6606249809265137,
            0.6937500238418579,
            0.7093750238418579,
            0.7275000214576721,
            0.7487499713897705,
            0.7596874833106995,
            0.7640625238418579,
            0.7749999761581421,
            0.7868750095367432,
            0.7925000190734863,
            0.7943750023841858,
            0.8065624833106995,
            0.807812511920929,
            0.8193749785423279,
            0.8268749713897705,
            0.8324999809265137,
            0.8306249976158142,
            0.8365625143051147,
            0.8424999713897705,
            0.8387500047683716,
            0.8387500047683716
        ],
        "loss": [
            0.6947457194328308,
            0.6875138282775879,
            0.6793498396873474,
            0.6629453301429749,
            0.6366270184516907,
            0.6060439944267273,
            0.5740010738372803,
            0.5489513278007507,
            0.5291988849639893,
            0.5115748643875122,
            0.4986928701400757,
            0.4851111173629761,
            0.4700627028942108,
            0.4616364538669586,
            0.450799822807312,
            0.43695923686027527,
            0.4311397671699524,
            0.42270687222480774,
            0.4093095362186432,
            0.40188106894493103,
            0.3986636698246002,
            0.3921094834804535,
            0.3819708228111267,
            0.38183197379112244,
            0.37368452548980713
        ],