{
    "name": "trial_8",
    "start_time": "2024-10-24 11:26:12.861",
    "duration": "0:05:52.691",
    "directory": "/home/krakerlu/github/ImageMLResearch/demo/chihuahua_vs_muffin/experiments/experiment_04/output/trial_8",
    "hyperparameters": {
        "normalization": "mean",
        "batch_size": 32,
        "learning_rate": 0.00016907271685302836
    },
    "figures": {
        "training_history": "/home/krakerlu/github/ImageMLResearch/demo/chihuahua_vs_muffin/experiments/experiment_04/output/trial_8/training_history.png"
    },
    "evaluation_metrics": {
        "train": {
            "accuracy": 0.9933595061302185,
            "precision": 0.9933595061302185,
            "recall": 0.9933595061302185,
            "f1": 0.993359456130221,
            "classification_report": {
                "chihuahua": {
                    "precision": 0.9994453688297282,
                    "recall": 0.988480526604498,
                    "f1-score": 0.9939327082184225,
                    "support": 3646
                },
                "muffin": {
                    "precision": 0.9860927152317881,
                    "recall": 0.9993288590604027,
                    "f1-score": 0.9926666666666667,
                    "support": 2980
                },
                "micro avg": {
                    "precision": 0.9933594929067311,
                    "recall": 0.9933594929067311,
                    "f1-score": 0.9933594929067311,
                    "support": 6626
                },
                "macro avg": {
                    "precision": 0.9927690420307582,
                    "recall": 0.9939046928324504,
                    "f1-score": 0.9932996874425446,
                    "support": 6626
                },
                "weighted avg": {
                    "precision": 0.9934401005348502,
                    "recall": 0.9933594929067311,
                    "f1-score": 0.9933633143421423,
                    "support": 6626
                },
                "samples avg": {
                    "precision": 0.9933594929067311,
                    "recall": 0.9933594929067311,
                    "f1-score": 0.9933594929067311,
                    "support": 6626
                }
            }
        },
        "val": {
            "accuracy": 0.8561354279518127,
            "precision": 0.8561354279518127,
            "recall": 0.8561354279518127,
            "f1": 0.8561353779518156,
            "classification_report": {
                "chihuahua": {
                    "precision": 0.9513888888888888,
                    "recall": 0.7569060773480663,
                    "f1-score": 0.8430769230769231,
                    "support": 362
                },
                "muffin": {
                    "precision": 0.7909738717339667,
                    "recall": 0.9596541786743515,
                    "f1-score": 0.8671875,
                    "support": 347
                },
                "micro avg": {
                    "precision": 0.8561354019746121,
                    "recall": 0.8561354019746121,
                    "f1-score": 0.8561354019746121,
                    "support": 709
                },
                "macro avg": {
                    "precision": 0.8711813803114278,
                    "recall": 0.8582801280112089,
                    "f1-score": 0.8551322115384615,
                    "support": 709
                },
                "weighted avg": {
                    "precision": 0.8728782951614446,
                    "recall": 0.8561354019746121,
                    "f1-score": 0.8548771631224911,
                    "support": 709
                },
                "samples avg": {
                    "precision": 0.8561354019746121,
                    "recall": 0.8561354019746121,
                    "f1-score": 0.8561354019746121,
                    "support": 709
                }
            }
        },
        "test": {
            "accuracy": 0.842475414276123,
            "precision": 0.842475414276123,
            "recall": 0.842475414276123,
            "f1": 0.842475364276126,
            "classification_report": {
                "chihuahua": {
                    "precision": 0.9337748344370861,
                    "recall": 0.7540106951871658,
                    "f1-score": 0.834319526627219,
                    "support": 374
                },
                "muffin": {
                    "precision": 0.7750611246943765,
                    "recall": 0.9406528189910979,
                    "f1-score": 0.8498659517426274,
                    "support": 337
                },
                "micro avg": {
                    "precision": 0.8424753867791842,
                    "recall": 0.8424753867791842,
                    "f1-score": 0.8424753867791842,
                    "support": 711
                },
                "macro avg": {
                    "precision": 0.8544179795657313,
                    "recall": 0.8473317570891319,
                    "f1-score": 0.8420927391849231,
                    "support": 711
                },
                "weighted avg": {
                    "precision": 0.8585476611835093,
                    "recall": 0.8424753867791842,
                    "f1-score": 0.8416882260138472,
                    "support": 711
                },
                "samples avg": {
                    "precision": 0.8424753867791842,
                    "recall": 0.8424753867791842,
                    "f1-score": 0.8424753867791842,
                    "support": 711
                }
            }
        }
    },
    "training_history": {
        "accuracy": [
            0.7567159533500671,
            0.8579837083816528,
            0.8821309804916382,
            0.8961666226387024,
            0.9091457724571228,
            0.920464813709259,
            0.9358587265014648,
            0.935405969619751,
            0.9495925307273865,
            0.9678539037704468,
            0.974343478679657,
            0.9833987355232239,
            0.9833987355232239,
            0.9853606820106506,
            0.9841533303260803
        ],
        "loss": [
            0.5023417472839355,
            0.3562726080417633,
            0.3086821138858795,
            0.2630313038825989,
            0.23287320137023926,
            0.20154282450675964,
            0.171702042222023,
            0.16668815910816193,
            0.13446277379989624,
            0.08840751647949219,
            0.06962951272726059,
            0.05075604468584061,
            0.04548760503530502,
            0.04081449285149574,
            0.04477614536881447
        ],
        "val_accuracy": [
            0.8420310020446777,
            0.871650218963623,
            0.8829337358474731,
            0.8984485268592834,
            0.9040902853012085,
            0.9125528931617737,
            0.9055007100105286,
            0.8857545852661133,
            0.8434414863586426,
            0.8377997279167175,
            0.8377997279167175,
            0.8857545852661133,
            0.8688293099403381,
            0.8787024021148682,
            0.8561354279518127
        ],
        "val_loss": [
            0.3585667908191681,
            0.30921846628189087,
            0.29570111632347107,
            0.25751233100891113,
            0.24358420073986053,
            0.2453974187374115,
            0.24330638349056244,
            0.31179240345954895,
            0.456767737865448,
            0.6047084927558899,
            0.5840728282928467,
            0.5274292230606079,
            0.5994147062301636,
            0.5637452602386475,
            0.6702989935874939
        ]
    }
}