{
    "name": "trial_16",
    "start_time": "2024-10-23 08:27:51.788",
    "duration": "22.034",
    "directory": "/home/krakerlu/github/ImageMLResearch/demo/chihuahua_vs_muffin/experiments/experiment_05/output/trial_16",
    "hyperparameters": {
        "dense_units": 128,
        "dropout_rate": 0.1996611639069833,
        "learning_rate": 4.782575734681498e-05
    },
    "figures": {
        "model_summary": "/home/krakerlu/github/ImageMLResearch/demo/chihuahua_vs_muffin/experiments/experiment_05/output/trial_16/model_summary.png",
        "confusion_matrix": "/home/krakerlu/github/ImageMLResearch/demo/chihuahua_vs_muffin/experiments/experiment_05/output/trial_16/confusion_matrix.png",
        "training_history": "/home/krakerlu/github/ImageMLResearch/demo/chihuahua_vs_muffin/experiments/experiment_05/output/trial_16/training_history.png"
    },
    "evaluation_metrics": {
        "train": {
            "accuracy": 0.9975000023841858,
            "precision": 0.9975000023841858,
            "recall": 0.9975000023841858,
            "f1": 0.9974999523841883,
            "classification_report": {
                "chihuahua": {
                    "precision": 0.997160704145372,
                    "recall": 0.9982944855031268,
                    "f1-score": 0.9977272727272727,
                    "support": 1759
                },
                "muffin": {
                    "precision": 0.9979152189020153,
                    "recall": 0.9965301873698821,
                    "f1-score": 0.9972222222222222,
                    "support": 1441
                },
                "micro avg": {
                    "precision": 0.9975,
                    "recall": 0.9975,
                    "f1-score": 0.9975,
                    "support": 3200
                },
                "macro avg": {
                    "precision": 0.9975379615236937,
                    "recall": 0.9974123364365044,
                    "f1-score": 0.9974747474747474,
                    "support": 3200
                },
                "weighted avg": {
                    "precision": 0.997500471571723,
                    "recall": 0.9975,
                    "f1-score": 0.9974998421717172,
                    "support": 3200
                },
                "samples avg": {
                    "precision": 0.9975,
                    "recall": 0.9975,
                    "f1-score": 0.9975,
                    "support": 3200
                }
            }
        },
        "val": {
            "accuracy": 0.9859374761581421,
            "precision": 0.9859374761581421,
            "recall": 0.9859374761581421,
            "f1": 0.9859374261581446,
            "classification_report": {
                "chihuahua": {
                    "precision": 0.9845679012345679,
                    "recall": 0.9876160990712074,
                    "f1-score": 0.9860896445131375,
                    "support": 323
                },
                "muffin": {
                    "precision": 0.9873417721518988,
                    "recall": 0.9842271293375394,
                    "f1-score": 0.985781990521327,
                    "support": 317
                },
                "micro avg": {
                    "precision": 0.9859375,
                    "recall": 0.9859375,
                    "f1-score": 0.9859375,
                    "support": 640
                },
                "macro avg": {
                    "precision": 0.9859548366932334,
                    "recall": 0.9859216142043734,
                    "f1-score": 0.9859358175172322,
                    "support": 640
                },
                "weighted avg": {
                    "precision": 0.9859418341733084,
                    "recall": 0.9859375,
                    "f1-score": 0.9859372596453188,
                    "support": 640
                },
                "samples avg": {
                    "precision": 0.9859375,
                    "recall": 0.9859375,
                    "f1-score": 0.9859375,
                    "support": 640
                }
            }
        },
        "test": {
            "accuracy": 0.9876819849014282,
            "precision": 0.9876819849014282,
            "recall": 0.9876819849014282,
            "f1": 0.9876819349014307,
            "classification_report": {
                "chihuahua": {
                    "precision": 0.9874476987447699,
                    "recall": 0.989517819706499,
                    "f1-score": 0.9884816753926702,
                    "support": 477
                },
                "muffin": {
                    "precision": 0.9879518072289156,
                    "recall": 0.9855769230769231,
                    "f1-score": 0.98676293622142,
                    "support": 416
                },
                "micro avg": {
                    "precision": 0.9876819708846585,
                    "recall": 0.9876819708846585,
                    "f1-score": 0.9876819708846585,
                    "support": 893
                },
                "macro avg": {
                    "precision": 0.9876997529868428,
                    "recall": 0.9875473713917111,
                    "f1-score": 0.987622305807045,
                    "support": 893
                },
                "weighted avg": {
                    "precision": 0.987682535395839,
                    "recall": 0.9876819708846585,
                    "f1-score": 0.9876810085446969,
                    "support": 893
                },
                "samples avg": {
                    "precision": 0.9876819708846585,
                    "recall": 0.9876819708846585,
                    "f1-score": 0.9876819708846585,
                    "support": 893
                }
            }
        }
    },
    "training_history": {
        "accuracy": [
            0.6790624856948853,
            0.8965625166893005,
            0.9403125047683716,
            0.9621875286102295,
            0.9700000286102295,
            0.971875011920929,
            0.9781249761581421,
            0.9790624976158142,
            0.9834374785423279,
            0.9793750047683716,
            0.9853125214576721,
            0.9850000143051147,
            0.9862499833106995,
            0.9868749976158142,
            0.9887499809265137,
            0.9871875047683716,
            0.9878125190734863,
            0.9893749952316284,
            0.9918749928474426,
            0.9928125143051147,
            0.9934375286102295,
            0.9937499761581421,
            0.9946874976158142,
            0.9946874976158142,
            0.995312511920929
        ],
        "loss": [
            0.6321535706520081,
            0.2803870141506195,
            0.17781569063663483,
            0.1282373070716858,
            0.10123079270124435,
            0.08672512322664261,
            0.07437662780284882,
            0.06745263934135437,
            0.05911897495388985,
            0.05737457424402237,
            0.04979568347334862,
            0.04678725823760033,
            0.04242600500583649,
            0.041389819234609604,
            0.035543132573366165,
            0.035467781126499176,
            0.03335060179233551,
            0.03277209773659706,
            0.028459466993808746,
            0.02615203708410263,
            0.024405067786574364,
            0.02222411148250103,
            0.021937580779194832,
            0.022402934730052948,
            0.0204983688890934
        ],