{
    "name": "trial_28",
    "start_time": "2024-10-20 11:50:00.454",
    "duration": "25.315",
    "directory": "/home/krakerlu/github/ImageMLResearch/demo/chihuahua_vs_muffin/experiments/experiment_03/output/trial_28",
    "hyperparameters": {
        "units1": 128,
        "kernel_size1": 3,
        "units2": 64,
        "kernel_size2": 3,
        "dense_units": 256,
        "dropout_rate": 0.09430384806720865,
        "learning_rate": 0.00016340772318632486
    },
    "figures": {
        "model_summary": "/home/krakerlu/github/ImageMLResearch/demo/chihuahua_vs_muffin/experiments/experiment_03/output/trial_28/model_summary.png",
        "confusion_matrix": "/home/krakerlu/github/ImageMLResearch/demo/chihuahua_vs_muffin/experiments/experiment_03/output/trial_28/confusion_matrix.png",
        "training_history": "/home/krakerlu/github/ImageMLResearch/demo/chihuahua_vs_muffin/experiments/experiment_03/output/trial_28/training_history.png"
    },
    "evaluation_metrics": {
        "train": {
            "accuracy": 0.9846875071525574,
            "precision": 0.9846875071525574,
            "recall": 0.9846875071525574,
            "f1": 0.9846874571525599,
            "classification_report": {
                "chihuahua": {
                    "precision": 0.974472807991121,
                    "recall": 0.9982944855031268,
                    "f1-score": 0.9862398202752036,
                    "support": 1759
                },
                "muffin": {
                    "precision": 0.9978540772532188,
                    "recall": 0.9680777238029147,
                    "f1-score": 0.9827404015498415,
                    "support": 1441
                },
                "micro avg": {
                    "precision": 0.9846875,
                    "recall": 0.9846875,
                    "f1-score": 0.9846875,
                    "support": 3200
                },
                "macro avg": {
                    "precision": 0.9861634426221699,
                    "recall": 0.9831861046530208,
                    "f1-score": 0.9844901109125226,
                    "support": 3200
                },
                "weighted avg": {
                    "precision": 0.9850016858057095,
                    "recall": 0.9846875,
                    "f1-score": 0.9846639882804391,
                    "support": 3200
                },
                "samples avg": {
                    "precision": 0.9846875,
                    "recall": 0.9846875,
                    "f1-score": 0.9846875,
                    "support": 3200
                }
            }
        },
        "val": {
            "accuracy": 0.885937511920929,
            "precision": 0.885937511920929,
            "recall": 0.885937511920929,
            "f1": 0.8859374619209317,
            "classification_report": {
                "chihuahua": {
                    "precision": 0.8434065934065934,
                    "recall": 0.9504643962848297,
                    "f1-score": 0.893740902474527,
                    "support": 323
                },
                "muffin": {
                    "precision": 0.9420289855072463,
                    "recall": 0.8201892744479495,
                    "f1-score": 0.8768971332209107,
                    "support": 317
                },
                "micro avg": {
                    "precision": 0.8859375,
                    "recall": 0.8859375,
                    "f1-score": 0.8859375,
                    "support": 640
                },
                "macro avg": {
                    "precision": 0.8927177894569198,
                    "recall": 0.8853268353663897,
                    "f1-score": 0.8853190178477188,
                    "support": 640
                },
                "weighted avg": {
                    "precision": 0.892255496993948,
                    "recall": 0.8859375,
                    "f1-score": 0.8853979730160951,
                    "support": 640
                },
                "samples avg": {
                    "precision": 0.8859375,
                    "recall": 0.8859375,
                    "f1-score": 0.8859375,
                    "support": 640
                }
            }
        },
        "test": {
            "accuracy": 0.9092944860458374,
            "precision": 0.9092944860458374,
            "recall": 0.9092944860458374,
            "f1": 0.9092944360458401,
            "classification_report": {
                "chihuahua": {
                    "precision": 0.8852140077821011,
                    "recall": 0.9538784067085954,
                    "f1-score": 0.9182643794147326,
                    "support": 477
                },
                "muffin": {
                    "precision": 0.941952506596306,
                    "recall": 0.8581730769230769,
                    "f1-score": 0.8981132075471698,
                    "support": 416
                },
                "micro avg": {
                    "precision": 0.9092945128779395,
                    "recall": 0.9092945128779395,
                    "f1-score": 0.9092945128779395,
                    "support": 893
                },
                "macro avg": {
                    "precision": 0.9135832571892035,
                    "recall": 0.9060257418158362,
                    "f1-score": 0.9081887934809512,
                    "support": 893
                },
                "weighted avg": {
                    "precision": 0.9116453801300397,
                    "recall": 0.9092945128779395,
                    "f1-score": 0.9088770473913216,
                    "support": 893
                },
                "samples avg": {
                    "precision": 0.9092945128779395,
                    "recall": 0.9092945128779395,
                    "f1-score": 0.9092945128779395,
                    "support": 893
                }
            }
        }
    },
    "training_history": {
        "accuracy": [
            0.659375011920929,
            0.785937488079071,
            0.8193749785423279,
            0.8462499976158142,
            0.8600000143051147,
            0.8774999976158142,
            0.8771874904632568,
            0.8912500143051147,
            0.9065625071525574,
            0.8996875286102295,
            0.9215624928474426,
            0.9259374737739563,
            0.9309375286102295,
            0.940625011920929,
            0.9312499761581421,
            0.90625,
            0.9240624904632568,
            0.9434375166893005,
            0.9568750262260437,
            0.9665625095367432,
            0.9753124713897705,
            0.9768750071525574,
            0.9787499904632568,
            0.9821875095367432,
            0.9775000214576721
        ],
        "loss": [
            0.6121804118156433,
            0.46688324213027954,
            0.4036206901073456,
            0.355895072221756,
            0.32641366124153137,
            0.29593759775161743,
            0.29074952006340027,
            0.2681407332420349,
            0.2350049763917923,
            0.24597378075122833,
            0.2059006243944168,
            0.1983322650194168,
            0.17824648320674896,
            0.1700233817100525,
            0.17296339571475983,
            0.22663851082324982,
            0.18979842960834503,
            0.1532406061887741,
            0.12479159235954285,
            0.1056172102689743,
            0.0856327936053276,
            0.07593995332717896,
            0.06947579234838486,
            0.06738649308681488,
            0.06837962567806244
        ],