{
    "name": "trial_5",
    "start_time": "2024-10-20 11:40:16.435",
    "duration": "35.915",
    "directory": "/home/krakerlu/github/ImageMLResearch/demo/chihuahua_vs_muffin/experiments/experiment_03/output/trial_5",
    "hyperparameters": {
        "units1": 128,
        "kernel_size1": 7,
        "units2": 64,
        "kernel_size2": 5,
        "dense_units": 256,
        "dropout_rate": 0.2760994721061053,
        "learning_rate": 0.00018135107347751143
    },
    "figures": {
        "model_summary": "/home/krakerlu/github/ImageMLResearch/demo/chihuahua_vs_muffin/experiments/experiment_03/output/trial_5/model_summary.png",
        "confusion_matrix": "/home/krakerlu/github/ImageMLResearch/demo/chihuahua_vs_muffin/experiments/experiment_03/output/trial_5/confusion_matrix.png",
        "training_history": "/home/krakerlu/github/ImageMLResearch/demo/chihuahua_vs_muffin/experiments/experiment_03/output/trial_5/training_history.png"
    },
    "evaluation_metrics": {
        "train": {
            "accuracy": 0.9559375047683716,
            "precision": 0.9559375047683716,
            "recall": 0.9559375047683716,
            "f1": 0.9559374547683742,
            "classification_report": {
                "chihuahua": {
                    "precision": 0.9262381454162276,
                    "recall": 0.9994314951677089,
                    "f1-score": 0.9614438063986874,
                    "support": 1759
                },
                "muffin": {
                    "precision": 0.999231950844854,
                    "recall": 0.9028452463566967,
                    "f1-score": 0.9485964272694131,
                    "support": 1441
                },
                "micro avg": {
                    "precision": 0.9559375,
                    "recall": 0.9559375,
                    "f1-score": 0.9559375,
                    "support": 3200
                },
                "macro avg": {
                    "precision": 0.9627350481305408,
                    "recall": 0.9511383707622028,
                    "f1-score": 0.9550201168340502,
                    "support": 3200
                },
                "weighted avg": {
                    "precision": 0.959108168423306,
                    "recall": 0.9559375,
                    "f1-score": 0.955658470984536,
                    "support": 3200
                },
                "samples avg": {
                    "precision": 0.9559375,
                    "recall": 0.9559375,
                    "f1-score": 0.9559375,
                    "support": 3200
                }
            }
        },
        "val": {
            "accuracy": 0.8765624761581421,
            "precision": 0.8765624761581421,
            "recall": 0.8765624761581421,
            "f1": 0.876562426158145,
            "classification_report": {
                "chihuahua": {
                    "precision": 0.8128205128205128,
                    "recall": 0.9814241486068112,
                    "f1-score": 0.8892005610098177,
                    "support": 323
                },
                "muffin": {
                    "precision": 0.976,
                    "recall": 0.7697160883280757,
                    "f1-score": 0.8606701940035273,
                    "support": 317
                },
                "micro avg": {
                    "precision": 0.8765625,
                    "recall": 0.8765625,
                    "f1-score": 0.8765625,
                    "support": 640
                },
                "macro avg": {
                    "precision": 0.8944102564102564,
                    "recall": 0.8755701184674434,
                    "f1-score": 0.8749353775066725,
                    "support": 640
                },
                "weighted avg": {
                    "precision": 0.8936453525641024,
                    "recall": 0.8765625,
                    "f1-score": 0.8750691136020144,
                    "support": 640
                },
                "samples avg": {
                    "precision": 0.8765625,
                    "recall": 0.8765625,
                    "f1-score": 0.8765625,
                    "support": 640
                }
            }
        },
        "test": {
            "accuracy": 0.8633818626403809,
            "precision": 0.8633818626403809,
            "recall": 0.8633818626403809,
            "f1": 0.8633818126403837,
            "classification_report": {
                "chihuahua": {
                    "precision": 0.8076256499133448,
                    "recall": 0.9769392033542977,
                    "f1-score": 0.8842504743833017,
                    "support": 477
                },
                "muffin": {
                    "precision": 0.9651898734177216,
                    "recall": 0.7331730769230769,
                    "f1-score": 0.8333333333333334,
                    "support": 416
                },
                "micro avg": {
                    "precision": 0.8633818589025756,
                    "recall": 0.8633818589025756,
                    "f1-score": 0.8633818589025756,
                    "support": 893
                },
                "macro avg": {
                    "precision": 0.8864077616655333,
                    "recall": 0.8550561401386874,
                    "f1-score": 0.8587919038583176,
                    "support": 893
                },
                "weighted avg": {
                    "precision": 0.8810262288358764,
                    "recall": 0.8633818589025756,
                    "f1-score": 0.8605309551483781,
                    "support": 893
                },
                "samples avg": {
                    "precision": 0.8633818589025756,
                    "recall": 0.8633818589025756,
                    "f1-score": 0.8633818589025756,
                    "support": 893
                }
            }
        }
    },
    "training_history": {
        "accuracy": [
            0.6243749856948853,
            0.7712500095367432,
            0.8071874976158142,
            0.8228124976158142,
            0.8440625071525574,
            0.8578125238418579,
            0.8659374713897705,
            0.8793749809265137,
            0.8915625214576721,
            0.909375011920929,
            0.9021875262260437,
            0.9193750023841858,
            0.9346874952316284,
            0.9424999952316284,
            0.9490625262260437,
            0.9634374976158142,
            0.9615625143051147,
            0.9628124833106995,
            0.9599999785423279,
            0.9178125262260437,
            0.956250011920929,
            0.9703124761581421,
            0.9634374976158142,
            0.9762499928474426,
            0.9815624952316284
        ],
        "loss": [
            0.6306090354919434,
            0.4961377680301666,
            0.43352481722831726,
            0.40597987174987793,
            0.3587825894355774,
            0.3302660286426544,
            0.3100473880767822,
            0.29876092076301575,
            0.25858885049819946,
            0.23154011368751526,
            0.23436525464057922,
            0.20170634984970093,
            0.16782480478286743,
            0.15402913093566895,
            0.13539227843284607,
            0.11062546819448471,
            0.10120433568954468,
            0.10496936738491058,
            0.10736443847417831,
            0.18470312654972076,
            0.11535541713237762,
            0.07722921669483185,
            0.09729674458503723,
            0.06425172835588455,
            0.05550643056631088
        ],