{
    "name": "trial_49",
    "start_time": "2024-10-24 15:22:44.635",
    "duration": "0:05:42.849",
    "directory": "/home/krakerlu/github/ImageMLResearch/demo/chihuahua_vs_muffin/experiments/experiment_04/output/trial_49",
    "hyperparameters": {
        "normalization": "standard",
        "batch_size": 128,
        "learning_rate": 0.0001021875120742384
    },
    "figures": {
        "training_history": "/home/krakerlu/github/ImageMLResearch/demo/chihuahua_vs_muffin/experiments/experiment_04/output/trial_49/training_history.png"
    },
    "evaluation_metrics": {
        "train": {
            "accuracy": 0.9437066316604614,
            "precision": 0.9437066316604614,
            "recall": 0.9437066316604614,
            "f1": 0.9437065816604641,
            "classification_report": {
                "chihuahua": {
                    "precision": 0.9981735159817352,
                    "recall": 0.8993417443773999,
                    "f1-score": 0.9461838118597605,
                    "support": 3646
                },
                "muffin": {
                    "precision": 0.8901526489075127,
                    "recall": 0.9979865771812081,
                    "f1-score": 0.9409903496282234,
                    "support": 2980
                },
                "micro avg": {
                    "precision": 0.9437066103229701,
                    "recall": 0.9437066103229701,
                    "f1-score": 0.9437066103229701,
                    "support": 6626
                },
                "macro avg": {
                    "precision": 0.9441630824446239,
                    "recall": 0.948664160779304,
                    "f1-score": 0.9435870807439919,
                    "support": 6626
                },
                "weighted avg": {
                    "precision": 0.9495918401771498,
                    "recall": 0.9437066103229701,
                    "f1-score": 0.9438480863164491,
                    "support": 6626
                },
                "samples avg": {
                    "precision": 0.9437066103229701,
                    "recall": 0.9437066103229701,
                    "f1-score": 0.9437066103229701,
                    "support": 6626
                }
            }
        },
        "val": {
            "accuracy": 0.7771509289741516,
            "precision": 0.7771509289741516,
            "recall": 0.7771509289741516,
            "f1": 0.7771508789741548,
            "classification_report": {
                "chihuahua": {
                    "precision": 0.9594594594594594,
                    "recall": 0.5883977900552486,
                    "f1-score": 0.7294520547945206,
                    "support": 362
                },
                "muffin": {
                    "precision": 0.6940451745379876,
                    "recall": 0.9740634005763689,
                    "f1-score": 0.8105515587529976,
                    "support": 347
                },
                "micro avg": {
                    "precision": 0.7771509167842031,
                    "recall": 0.7771509167842031,
                    "f1-score": 0.7771509167842031,
                    "support": 709
                },
                "macro avg": {
                    "precision": 0.8267523169987235,
                    "recall": 0.7812305953158087,
                    "f1-score": 0.7700018067737591,
                    "support": 709
                },
                "weighted avg": {
                    "precision": 0.8295599434259606,
                    "recall": 0.7771509167842031,
                    "f1-score": 0.7691439135725059,
                    "support": 709
                },
                "samples avg": {
                    "precision": 0.7771509167842031,
                    "recall": 0.7771509167842031,
                    "f1-score": 0.7771509167842031,
                    "support": 709
                }
            }
        },
        "test": {
            "accuracy": 0.7960618734359741,
            "precision": 0.7960618734359741,
            "recall": 0.7960618734359741,
            "f1": 0.7960618234359772,
            "classification_report": {
                "chihuahua": {
                    "precision": 0.9673469387755103,
                    "recall": 0.6336898395721925,
                    "f1-score": 0.7657512116316639,
                    "support": 374
                },
                "muffin": {
                    "precision": 0.7060085836909872,
                    "recall": 0.9762611275964391,
                    "f1-score": 0.8194271481942715,
                    "support": 337
                },
                "micro avg": {
                    "precision": 0.7960618846694796,
                    "recall": 0.7960618846694796,
                    "f1-score": 0.7960618846694796,
                    "support": 711
                },
                "macro avg": {
                    "precision": 0.8366777612332488,
                    "recall": 0.8049754835843158,
                    "f1-score": 0.7925891799129677,
                    "support": 711
                },
                "weighted avg": {
                    "precision": 0.8434777043683594,
                    "recall": 0.7960618846694796,
                    "f1-score": 0.7911925486521968,
                    "support": 711
                },
                "samples avg": {
                    "precision": 0.7960618846694796,
                    "recall": 0.7960618846694796,
                    "f1-score": 0.7960618846694796,
                    "support": 711
                }
            }
        }
    },
    "training_history": {
        "accuracy": [
            0.7132508158683777,
            0.7766374945640564,
            0.8131603002548218,
            0.8456082344055176,
            0.8697555065155029,
            0.8925445079803467,
            0.90235435962677,
            0.9150316715240479,
            0.9201629757881165,
            0.9044672250747681,
            0.9175973534584045,
            0.9340476989746094,
            0.9511017203330994,
            0.9627225995063782,
            0.9717778563499451
        ],
        "loss": [
            0.5498232841491699,
            0.47500884532928467,
            0.4187146723270416,
            0.3618409037590027,
            0.31585511565208435,
            0.27027198672294617,
            0.24239932000637054,
            0.2125624418258667,
            0.2009226679801941,
            0.2286728322505951,
            0.19350263476371765,
            0.1613670289516449,
            0.12198998034000397,
            0.10176444053649902,
            0.08375591784715652
        ],
        "val_accuracy": [
            0.803949236869812,
            0.8110014200210571,
            0.8307475447654724,
            0.8631876111030579,
            0.8476727604866028,
            0.8674188852310181,
            0.8533145189285278,
            0.8631876111030579,
            0.8110014200210571,
            0.8547249436378479,
            0.7743300199508667,
            0.803949236869812,
            0.7968970537185669,
            0.8081805109977722,
            0.7771509289741516
        ],
        "val_loss": [
            0.45191890001296997,
            0.42379432916641235,
            0.38856422901153564,
            0.34245312213897705,
            0.36462831497192383,
            0.3119116425514221,
            0.33646392822265625,
            0.3166450262069702,
            0.42497017979621887,
            0.35223472118377686,
            0.5505449771881104,
            0.5401080846786499,
            0.5929314494132996,
            0.5613329410552979,
            0.7258405089378357
        ]
    }
}