{
    "name": "trial_94",
    "start_time": "2024-10-27 14:15:05.058",
    "duration": "0:05:47.830",
    "directory": "/home/krakerlu/github/ImageMLResearch/demo/chihuahua_vs_muffin/experiments/experiment_04/output/trial_94",
    "hyperparameters": {
        "normalization": "standard",
        "batch_size": 256,
        "learning_rate": 0.00019008372869416744
    },
    "figures": {
        "training_history": "/home/krakerlu/github/ImageMLResearch/demo/chihuahua_vs_muffin/experiments/experiment_04/output/trial_94/training_history.png"
    },
    "evaluation_metrics": {
        "train": {
            "accuracy": 0.9811349511146545,
            "precision": 0.9811349511146545,
            "recall": 0.9811349511146545,
            "f1": 0.9811349011146571,
            "classification_report": {
                "chihuahua": {
                    "precision": 0.9772296015180265,
                    "recall": 0.9887547997805815,
                    "f1-score": 0.9829584185412407,
                    "support": 3646
                },
                "muffin": {
                    "precision": 0.986040177051413,
                    "recall": 0.9718120805369127,
                    "f1-score": 0.9788744296095995,
                    "support": 2980
                },
                "micro avg": {
                    "precision": 0.981134923030486,
                    "recall": 0.981134923030486,
                    "f1-score": 0.981134923030486,
                    "support": 6626
                },
                "macro avg": {
                    "precision": 0.9816348892847198,
                    "recall": 0.980283440158747,
                    "f1-score": 0.98091642407542,
                    "support": 6626
                },
                "weighted avg": {
                    "precision": 0.9811921000223266,
                    "recall": 0.981134923030486,
                    "f1-score": 0.9811216713308134,
                    "support": 6626
                },
                "samples avg": {
                    "precision": 0.981134923030486,
                    "recall": 0.981134923030486,
                    "f1-score": 0.981134923030486,
                    "support": 6626
                }
            }
        },
        "val": {
            "accuracy": 0.8730606436729431,
            "precision": 0.8730606436729431,
            "recall": 0.8730606436729431,
            "f1": 0.873060593672946,
            "classification_report": {
                "chihuahua": {
                    "precision": 0.9503311258278145,
                    "recall": 0.7928176795580111,
                    "f1-score": 0.8644578313253012,
                    "support": 362
                },
                "muffin": {
                    "precision": 0.8157248157248157,
                    "recall": 0.9567723342939481,
                    "f1-score": 0.8806366047745358,
                    "support": 347
                },
                "micro avg": {
                    "precision": 0.8730606488011283,
                    "recall": 0.8730606488011283,
                    "f1-score": 0.8730606488011283,
                    "support": 709
                },
                "macro avg": {
                    "precision": 0.8830279707763151,
                    "recall": 0.8747950069259796,
                    "f1-score": 0.8725472180499185,
                    "support": 709
                },
                "weighted avg": {
                    "precision": 0.8844518739156275,
                    "recall": 0.8730606488011283,
                    "f1-score": 0.8723760744661817,
                    "support": 709
                },
                "samples avg": {
                    "precision": 0.8730606488011283,
                    "recall": 0.8730606488011283,
                    "f1-score": 0.8730606488011283,
                    "support": 709
                }
            }
        },
        "test": {
            "accuracy": 0.8832629919052124,
            "precision": 0.8832629919052124,
            "recall": 0.8832629919052124,
            "f1": 0.8832629419052151,
            "classification_report": {
                "chihuahua": {
                    "precision": 0.9369369369369369,
                    "recall": 0.8342245989304813,
                    "f1-score": 0.8826025459688827,
                    "support": 374
                },
                "muffin": {
                    "precision": 0.8359788359788359,
                    "recall": 0.9376854599406528,
                    "f1-score": 0.8839160839160839,
                    "support": 337
                },
                "micro avg": {
                    "precision": 0.8832630098452883,
                    "recall": 0.8832630098452883,
                    "f1-score": 0.8832630098452883,
                    "support": 711
                },
                "macro avg": {
                    "precision": 0.8864578864578865,
                    "recall": 0.885955029435567,
                    "f1-score": 0.8832593149424832,
                    "support": 711
                },
                "weighted avg": {
                    "precision": 0.8890847850060227,
                    "recall": 0.8832630098452883,
                    "f1-score": 0.8832251370915363,
                    "support": 711
                },
                "samples avg": {
                    "precision": 0.8832630098452883,
                    "recall": 0.8832630098452883,
                    "f1-score": 0.8832630098452883,
                    "support": 711
                }
            }
        }
    },
    "training_history": {
        "accuracy": [
            0.7016299366950989,
            0.7535466551780701,
            0.796106219291687,
            0.8431934714317322,
            0.863416850566864,
            0.886356770992279,
            0.8920917510986328,
            0.9083911776542664,
            0.9106550216674805,
            0.9053727984428406,
            0.9348022937774658,
            0.9340476989746094,
            0.949894368648529,
            0.9622698426246643,
            0.9675520658493042
        ],
        "loss": [
            0.571397066116333,
            0.5046145915985107,
            0.442852258682251,
            0.3714052736759186,
            0.32697364687919617,
            0.2772100865840912,
            0.2648000419139862,
            0.22749494016170502,
            0.2239517867565155,
            0.227467343211174,
            0.16427350044250488,
            0.16352087259292603,
            0.12622486054897308,
            0.10550307482481003,
            0.09138783812522888
        ],
        "val_accuracy": [
            0.7757405042648315,
            0.8251057863235474,
            0.8307475447654724,
            0.8462623357772827,
            0.8476727604866028,
            0.870239794254303,
            0.8688293099403381,
            0.870239794254303,
            0.860366702079773,
            0.8434414863586426,
            0.8265162110328674,
            0.8208744525909424,
            0.8349788188934326,
            0.798307478427887,
            0.8730606436729431
        ],
        "val_loss": [
            0.48158538341522217,
            0.4273715615272522,
            0.3992655575275421,
            0.37894558906555176,
            0.40588250756263733,
            0.31528446078300476,
            0.3576343357563019,
            0.32906389236450195,
            0.35055461525917053,
            0.37177667021751404,
            0.44361642003059387,
            0.42651358246803284,
            0.45079314708709717,
            0.6713917255401611,
            0.38034600019454956
        ]
    }
}