{
    "name": "Trial 1",
    "start_time": "2024-08-01 15:14:27.790",
    "duration": "06.936",
    "directory": "/home/krakerlu/github/ImageMLResearch/demo/mnist_digits_experiment/outputs/Trial_1",
    "hyperparameters": {
        "units1": 128,
        "units2": 64,
        "dropout1": 0.5,
        "dropout2": 0.5,
        "learning_rate": 0.001
    },
    "figures": {
        "model_summary": "/home/krakerlu/github/ImageMLResearch/demo/mnist_digits_experiment/outputs/Trial_1/model_summary.png",
        "training_history": "/home/krakerlu/github/ImageMLResearch/demo/mnist_digits_experiment/outputs/Trial_1/training_history.png",
        "confusion_matrix": "/home/krakerlu/github/ImageMLResearch/demo/mnist_digits_experiment/outputs/Trial_1/confusion_matrix.png",
        "results": "/home/krakerlu/github/ImageMLResearch/demo/mnist_digits_experiment/outputs/Trial_1/results.png"
    },
    "evaluation_metrics": {
        "train": {
            "accuracy": 0.9795464277267456,
            "precision": 0.9418044090270996,
            "recall": 0.8444285988807678,
            "f1": 0.8904622515545755,
            "classification_report": {
                "Digit 0": {
                    "precision": 0.8798759588705729,
                    "recall": 0.9752170767004341,
                    "f1-score": 0.9250965250965251,
                    "support": 5528
                },
                "Digit 1": {
                    "precision": 0.9463981409759876,
                    "recall": 0.9752554278416348,
                    "f1-score": 0.9606101108577718,
                    "support": 6264
                },
                "Digit 2": {
                    "precision": 0.9237985831897377,
                    "recall": 0.8653156384505022,
                    "f1-score": 0.8936012593758681,
                    "support": 5576
                },
                "Digit 3": {
                    "precision": 0.8644986449864499,
                    "recall": 0.891217042081369,
                    "f1-score": 0.8776545438913249,
                    "support": 5727
                },
                "Digit 4": {
                    "precision": 0.8287177845365775,
                    "recall": 0.9481684981684981,
                    "f1-score": 0.8844281199282481,
                    "support": 5460
                },
                "Digit 5": {
                    "precision": 0.9197227191413238,
                    "recall": 0.8147781299524565,
                    "f1-score": 0.8640756302521009,
                    "support": 5048
                },
                "Digit 6": {
                    "precision": 0.9178445229681979,
                    "recall": 0.9418056562726613,
                    "f1-score": 0.9296707229778096,
                    "support": 5516
                },
                "Digit 7": {
                    "precision": 0.889884345984688,
                    "recall": 0.9316166439290586,
                    "f1-score": 0.910272431892027,
                    "support": 5864
                },
                "Digit 8": {
                    "precision": 0.895307570977918,
                    "recall": 0.8332110091743119,
                    "f1-score": 0.8631438889944877,
                    "support": 5450
                },
                "Digit 9": {
                    "precision": 0.9263986385875346,
                    "recall": 0.782288485719418,
                    "f1-score": 0.8482664589014414,
                    "support": 5567
                },
                "micro avg": {
                    "precision": 0.8977321428571429,
                    "recall": 0.8977321428571429,
                    "f1-score": 0.8977321428571429,
                    "support": 56000
                },
                "macro avg": {
                    "precision": 0.8992446910218987,
                    "recall": 0.8958873608290345,
                    "f1-score": 0.8956819692167605,
                    "support": 56000
                },
                "weighted avg": {
                    "precision": 0.8996363564571761,
                    "recall": 0.8977321428571429,
                    "f1-score": 0.8968466010160303,
                    "support": 56000
                },
                "samples avg": {
                    "precision": 0.8977321428571429,
                    "recall": 0.8977321428571429,
                    "f1-score": 0.8977321428571429,
                    "support": 56000
                }
            }
        },
        "val": {
            "accuracy": 0.9793864488601685,
            "precision": 0.9384492635726929,
            "recall": 0.841456413269043,
            "f1": 0.8873100606056042,
            "classification_report": {
                "Digit 0": {
                    "precision": 0.8740157480314961,
                    "recall": 0.9765395894428153,
                    "f1-score": 0.9224376731301939,
                    "support": 682
                },
                "Digit 1": {
                    "precision": 0.9505562422744128,
                    "recall": 0.9808673469387755,
                    "f1-score": 0.965473948524796,
                    "support": 784
                },
                "Digit 2": {
                    "precision": 0.9367283950617284,
                    "recall": 0.8622159090909091,
                    "f1-score": 0.8979289940828402,
                    "support": 704
                },
                "Digit 3": {
                    "precision": 0.8714285714285714,
                    "recall": 0.9030955585464334,
                    "f1-score": 0.8869795109054858,
                    "support": 743
                },
                "Digit 4": {
                    "precision": 0.8187579214195184,
                    "recall": 0.95,
                    "f1-score": 0.8795098706603132,
                    "support": 680
                },
                "Digit 5": {
                    "precision": 0.9210526315789473,
                    "recall": 0.8099173553719008,
                    "f1-score": 0.8619173262972736,
                    "support": 605
                },
                "Digit 6": {
                    "precision": 0.9211309523809523,
                    "recall": 0.9393019726858877,
                    "f1-score": 0.9301277235161532,
                    "support": 659
                },
                "Digit 7": {
                    "precision": 0.8872679045092838,
                    "recall": 0.9369747899159664,
                    "f1-score": 0.9114441416893733,
                    "support": 714
                },
                "Digit 8": {
                    "precision": 0.8924050632911392,
                    "recall": 0.8245614035087719,
                    "f1-score": 0.8571428571428571,
                    "support": 684
                },
                "Digit 9": {
                    "precision": 0.9144736842105263,
                    "recall": 0.7711511789181692,
                    "f1-score": 0.836719337848006,
                    "support": 721
                },
                "micro avg": {
                    "precision": 0.8969323394495413,
                    "recall": 0.8969323394495413,
                    "f1-score": 0.8969323394495413,
                    "support": 6976
                },
                "macro avg": {
                    "precision": 0.8987817114186575,
                    "recall": 0.8954625104419629,
                    "f1-score": 0.8949681383797292,
                    "support": 6976
                },
                "weighted avg": {
                    "precision": 0.8991557414724263,
                    "recall": 0.8969323394495413,
                    "f1-score": 0.8959309339810314,
                    "support": 6976
                },
                "samples avg": {
                    "precision": 0.8969323394495413,
                    "recall": 0.8969323394495413,