{
    "name": "trial_75",
    "start_time": "2024-10-20 12:14:47.589",
    "duration": "22.093",
    "directory": "/home/krakerlu/github/ImageMLResearch/demo/chihuahua_vs_muffin/experiments/experiment_03/output/trial_75",
    "hyperparameters": {
        "units1": 64,
        "kernel_size1": 3,
        "units2": 64,
        "kernel_size2": 7,
        "dense_units": 128,
        "dropout_rate": 0.03495886535891242,
        "learning_rate": 3.618230837361544e-05
    },
    "figures": {
        "model_summary": "/home/krakerlu/github/ImageMLResearch/demo/chihuahua_vs_muffin/experiments/experiment_03/output/trial_75/model_summary.png",
        "confusion_matrix": "/home/krakerlu/github/ImageMLResearch/demo/chihuahua_vs_muffin/experiments/experiment_03/output/trial_75/confusion_matrix.png",
        "training_history": "/home/krakerlu/github/ImageMLResearch/demo/chihuahua_vs_muffin/experiments/experiment_03/output/trial_75/training_history.png"
    },
    "evaluation_metrics": {
        "train": {
            "accuracy": 0.917187511920929,
            "precision": 0.917187511920929,
            "recall": 0.917187511920929,
            "f1": 0.9171874619209317,
            "classification_report": {
                "chihuahua": {
                    "precision": 0.9394117647058824,
                    "recall": 0.9079022171688459,
                    "f1-score": 0.9233882625036137,
                    "support": 1759
                },
                "muffin": {
                    "precision": 0.892,
                    "recall": 0.9285218598195697,
                    "f1-score": 0.9098945936756205,
                    "support": 1441
                },
                "micro avg": {
                    "precision": 0.9171875,
                    "recall": 0.9171875,
                    "f1-score": 0.9171875,
                    "support": 3200
                },
                "macro avg": {
                    "precision": 0.9157058823529411,
                    "recall": 0.9182120384942078,
                    "f1-score": 0.9166414280896171,
                    "support": 3200
                },
                "weighted avg": {
                    "precision": 0.9180616544117648,
                    "recall": 0.9171875,
                    "f1-score": 0.917311894759508,
                    "support": 3200
                },
                "samples avg": {
                    "precision": 0.9171875,
                    "recall": 0.9171875,
                    "f1-score": 0.9171875,
                    "support": 3200
                }
            }
        },
        "val": {
            "accuracy": 0.90625,
            "precision": 0.90625,
            "recall": 0.90625,
            "f1": 0.9062499500000027,
            "classification_report": {
                "chihuahua": {
                    "precision": 0.9174603174603174,
                    "recall": 0.8947368421052632,
                    "f1-score": 0.9059561128526645,
                    "support": 323
                },
                "muffin": {
                    "precision": 0.8953846153846153,
                    "recall": 0.917981072555205,
                    "f1-score": 0.9065420560747663,
                    "support": 317
                },
                "micro avg": {
                    "precision": 0.90625,
                    "recall": 0.90625,
                    "f1-score": 0.90625,
                    "support": 640
                },
                "macro avg": {
                    "precision": 0.9064224664224664,
                    "recall": 0.9063589573302341,
                    "f1-score": 0.9062490844637154,
                    "support": 640
                },
                "weighted avg": {
                    "precision": 0.9065259462759464,
                    "recall": 0.90625,
                    "f1-score": 0.9062463378548617,
                    "support": 640
                },
                "samples avg": {
                    "precision": 0.90625,
                    "recall": 0.90625,
                    "f1-score": 0.90625,
                    "support": 640
                }
            }
        },
        "test": {
            "accuracy": 0.9025756120681763,
            "precision": 0.9025756120681763,
            "recall": 0.9025756120681763,
            "f1": 0.902575562068179,
            "classification_report": {
                "chihuahua": {
                    "precision": 0.9202586206896551,
                    "recall": 0.8951781970649895,
                    "f1-score": 0.9075451647183846,
                    "support": 477
                },
                "muffin": {
                    "precision": 0.8834498834498834,
                    "recall": 0.9110576923076923,
                    "f1-score": 0.8970414201183432,
                    "support": 416
                },
                "micro avg": {
                    "precision": 0.9025755879059351,
                    "recall": 0.9025755879059351,
                    "f1-score": 0.9025755879059351,
                    "support": 893
                },
                "macro avg": {
                    "precision": 0.9018542520697692,
                    "recall": 0.9031179446863409,
                    "f1-score": 0.902293292418364,
                    "support": 893
                },
                "weighted avg": {
                    "precision": 0.9031114373842296,
                    "recall": 0.9025755879059351,
                    "f1-score": 0.9026520429338188,
                    "support": 893
                },
                "samples avg": {
                    "precision": 0.9025755879059351,
                    "recall": 0.9025755879059351,
                    "f1-score": 0.9025755879059351,
                    "support": 893
                }
            }
        }
    },
    "training_history": {
        "accuracy": [
            0.6068750023841858,
            0.739062488079071,
            0.7587500214576721,
            0.7840625047683716,
            0.8028125166893005,
            0.8221874833106995,
            0.8346874713897705,
            0.8559374809265137,
            0.8556249737739563,
            0.862500011920929,
            0.8728125095367432,
            0.8762500286102295,
            0.8831250071525574,
            0.887499988079071,
            0.8865625262260437,
            0.8896874785423279,
            0.8959375023841858,
            0.895312488079071,
            0.9003124833106995,
            0.8999999761581421,
            0.9018750190734863,
            0.9043750166893005,
            0.9071875214576721,
            0.9106249809265137,
            0.9121875166893005
        ],
        "loss": [
            0.6629287004470825,
            0.5642619132995605,
            0.5047536492347717,
            0.4737320840358734,
            0.43623587489128113,
            0.40405359864234924,
            0.3787670135498047,
            0.3515585660934448,
            0.33802855014801025,
            0.32161176204681396,
            0.30302751064300537,
            0.2968367040157318,
            0.2867559790611267,
            0.27843376994132996,
            0.2730552554130554,
            0.267948180437088,
            0.2591988742351532,
            0.25510773062705994,
            0.25009885430336,
            0.2441195249557495,
            0.24046944081783295,
            0.23731184005737305,
            0.23105104267597198,
            0.22553770244121552,
            0.22294433414936066
        ],