{
    "name": "trial_74",
    "start_time": "2024-10-20 12:14:24.360",
    "duration": "22.082",
    "directory": "/home/krakerlu/github/ImageMLResearch/demo/chihuahua_vs_muffin/experiments/experiment_03/output/trial_74",
    "hyperparameters": {
        "units1": 64,
        "kernel_size1": 3,
        "units2": 64,
        "kernel_size2": 7,
        "dense_units": 128,
        "dropout_rate": 0.11706417024548972,
        "learning_rate": 5.477134743619495e-05
    },
    "figures": {
        "model_summary": "/home/krakerlu/github/ImageMLResearch/demo/chihuahua_vs_muffin/experiments/experiment_03/output/trial_74/model_summary.png",
        "confusion_matrix": "/home/krakerlu/github/ImageMLResearch/demo/chihuahua_vs_muffin/experiments/experiment_03/output/trial_74/confusion_matrix.png",
        "training_history": "/home/krakerlu/github/ImageMLResearch/demo/chihuahua_vs_muffin/experiments/experiment_03/output/trial_74/training_history.png"
    },
    "evaluation_metrics": {
        "train": {
            "accuracy": 0.9287499785423279,
            "precision": 0.9287499785423279,
            "recall": 0.9287499785423279,
            "f1": 0.9287499285423305,
            "classification_report": {
                "chihuahua": {
                    "precision": 0.9048122686409307,
                    "recall": 0.9727117680500285,
                    "f1-score": 0.9375342465753425,
                    "support": 1759
                },
                "muffin": {
                    "precision": 0.9633307868601986,
                    "recall": 0.8750867453157529,
                    "f1-score": 0.9170909090909091,
                    "support": 1441
                },
                "micro avg": {
                    "precision": 0.92875,
                    "recall": 0.92875,
                    "f1-score": 0.92875,
                    "support": 3200
                },
                "macro avg": {
                    "precision": 0.9340715277505647,
                    "recall": 0.9238992566828907,
                    "f1-score": 0.9273125778331257,
                    "support": 3200
                },
                "weighted avg": {
                    "precision": 0.9311638888765448,
                    "recall": 0.92875,
                    "f1-score": 0.9283283561643836,
                    "support": 3200
                },
                "samples avg": {
                    "precision": 0.92875,
                    "recall": 0.92875,
                    "f1-score": 0.92875,
                    "support": 3200
                }
            }
        },
        "val": {
            "accuracy": 0.890625,
            "precision": 0.890625,
            "recall": 0.890625,
            "f1": 0.8906249500000027,
            "classification_report": {
                "chihuahua": {
                    "precision": 0.8583569405099151,
                    "recall": 0.9380804953560371,
                    "f1-score": 0.8964497041420119,
                    "support": 323
                },
                "muffin": {
                    "precision": 0.9303135888501742,
                    "recall": 0.8422712933753943,
                    "f1-score": 0.8841059602649006,
                    "support": 317
                },
                "micro avg": {
                    "precision": 0.890625,
                    "recall": 0.890625,
                    "f1-score": 0.890625,
                    "support": 640
                },
                "macro avg": {
                    "precision": 0.8943352646800447,
                    "recall": 0.8901758943657156,
                    "f1-score": 0.8902778322034562,
                    "support": 640
                },
                "weighted avg": {
                    "precision": 0.8939979678909497,
                    "recall": 0.890625,
                    "f1-score": 0.8903356935028803,
                    "support": 640
                },
                "samples avg": {
                    "precision": 0.890625,
                    "recall": 0.890625,
                    "f1-score": 0.890625,
                    "support": 640
                }
            }
        },
        "test": {
            "accuracy": 0.8902575373649597,
            "precision": 0.8902575373649597,
            "recall": 0.8902575373649597,
            "f1": 0.8902574873649625,
            "classification_report": {
                "chihuahua": {
                    "precision": 0.8609523809523809,
                    "recall": 0.9475890985324947,
                    "f1-score": 0.9021956087824351,
                    "support": 477
                },
                "muffin": {
                    "precision": 0.9320652173913043,
                    "recall": 0.8245192307692307,
                    "f1-score": 0.875,
                    "support": 416
                },
                "micro avg": {
                    "precision": 0.8902575587905935,
                    "recall": 0.8902575587905935,
                    "f1-score": 0.8902575587905935,
                    "support": 893
                },
                "macro avg": {
                    "precision": 0.8965087991718426,
                    "recall": 0.8860541646508627,
                    "f1-score": 0.8885978043912175,
                    "support": 893
                },
                "weighted avg": {
                    "precision": 0.8940799732912299,
                    "recall": 0.8902575587905935,
                    "f1-score": 0.8895266577706848,
                    "support": 893
                },
                "samples avg": {
                    "precision": 0.8902575587905935,
                    "recall": 0.8902575587905935,
                    "f1-score": 0.8902575587905935,
                    "support": 893
                }
            }
        }
    },
    "training_history": {
        "accuracy": [
            0.5896875262260437,
            0.7250000238418579,
            0.7709375023841858,
            0.7971875071525574,
            0.8212500214576721,
            0.8399999737739563,
            0.8500000238418579,
            0.8571875095367432,
            0.8659374713897705,
            0.8709375262260437,
            0.8799999952316284,
            0.8774999976158142,
            0.8893749713897705,
            0.8893749713897705,
            0.8943750262260437,
            0.8987500071525574,
            0.8974999785423279,
            0.9075000286102295,
            0.9053124785423279,
            0.9184374809265137,
            0.9087499976158142,
            0.9240624904632568,
            0.9231250286102295,
            0.9231250286102295,
            0.9281250238418579
        ],
        "loss": [
            0.6662052273750305,
            0.5520957708358765,
            0.4943965673446655,
            0.4500666558742523,
            0.40945157408714294,
            0.37984246015548706,
            0.3579903841018677,
            0.34264206886291504,
            0.3234522342681885,
            0.30876851081848145,
            0.29313433170318604,
            0.29762253165245056,
            0.27159565687179565,
            0.26128682494163513,
            0.26347073912620544,
            0.2530994117259979,
            0.25510504841804504,
            0.23020662367343903,
            0.2342115342617035,
            0.21339929103851318,
            0.22912847995758057,
            0.20599937438964844,
            0.2017240673303604,
            0.2023741602897644,
            0.1928648054599762
        ],