{
    "name": "trial_76",
    "start_time": "2024-10-27 12:30:34.870",
    "duration": "0:05:46.854",
    "directory": "/home/krakerlu/github/ImageMLResearch/demo/chihuahua_vs_muffin/experiments/experiment_04/output/trial_76",
    "hyperparameters": {
        "normalization": "standard",
        "batch_size": 128,
        "learning_rate": 5.264597373986665e-05
    },
    "figures": {
        "training_history": "/home/krakerlu/github/ImageMLResearch/demo/chihuahua_vs_muffin/experiments/experiment_04/output/trial_76/training_history.png"
    },
    "evaluation_metrics": {
        "train": {
            "accuracy": 0.9088439345359802,
            "precision": 0.9088439345359802,
            "recall": 0.9088439345359802,
            "f1": 0.908843884535983,
            "classification_report": {
                "chihuahua": {
                    "precision": 0.8612826603325415,
                    "recall": 0.9945145364783324,
                    "f1-score": 0.9231160896130346,
                    "support": 3646
                },
                "muffin": {
                    "precision": 0.9917218543046358,
                    "recall": 0.8040268456375839,
                    "f1-score": 0.888065233506301,
                    "support": 2980
                },
                "micro avg": {
                    "precision": 0.9088439480833082,
                    "recall": 0.9088439480833082,
                    "f1-score": 0.9088439480833082,
                    "support": 6626
                },
                "macro avg": {
                    "precision": 0.9265022573185886,
                    "recall": 0.8992706910579582,
                    "f1-score": 0.9055906615596678,
                    "support": 6626
                },
                "weighted avg": {
                    "precision": 0.9199468314820798,
                    "recall": 0.9088439480833082,
                    "f1-score": 0.9073521971895413,
                    "support": 6626
                },
                "samples avg": {
                    "precision": 0.9088439480833082,
                    "recall": 0.9088439480833082,
                    "f1-score": 0.9088439480833082,
                    "support": 6626
                }
            }
        },
        "val": {
            "accuracy": 0.8772919774055481,
            "precision": 0.8772919774055481,
            "recall": 0.8772919774055481,
            "f1": 0.877291927405551,
            "classification_report": {
                "chihuahua": {
                    "precision": 0.8481012658227848,
                    "recall": 0.925414364640884,
                    "f1-score": 0.8850726552179656,
                    "support": 362
                },
                "muffin": {
                    "precision": 0.9140127388535032,
                    "recall": 0.8270893371757925,
                    "f1-score": 0.8683812405446294,
                    "support": 347
                },
                "micro avg": {
                    "precision": 0.8772919605077574,
                    "recall": 0.8772919605077574,
                    "f1-score": 0.8772919605077574,
                    "support": 709
                },
                "macro avg": {
                    "precision": 0.881057002338144,
                    "recall": 0.8762518509083382,
                    "f1-score": 0.8767269478812976,
                    "support": 709
                },
                "weighted avg": {
                    "precision": 0.880359772369554,
                    "recall": 0.8772919605077574,
                    "f1-score": 0.8769035143270663,
                    "support": 709
                },
                "samples avg": {
                    "precision": 0.8772919605077574,
                    "recall": 0.8772919605077574,
                    "f1-score": 0.8772919605077574,
                    "support": 709
                }
            }
        },
        "test": {
            "accuracy": 0.8846694827079773,
            "precision": 0.8846694827079773,
            "recall": 0.8846694827079773,
            "f1": 0.88466943270798,
            "classification_report": {
                "chihuahua": {
                    "precision": 0.8596059113300493,
                    "recall": 0.9331550802139037,
                    "f1-score": 0.8948717948717949,
                    "support": 374
                },
                "muffin": {
                    "precision": 0.9180327868852459,
                    "recall": 0.8308605341246291,
                    "f1-score": 0.8722741433021807,
                    "support": 337
                },
                "micro avg": {
                    "precision": 0.8846694796061885,
                    "recall": 0.8846694796061885,
                    "f1-score": 0.8846694796061885,
                    "support": 711
                },
                "macro avg": {
                    "precision": 0.8888193491076476,
                    "recall": 0.8820078071692664,
                    "f1-score": 0.8835729690869878,
                    "support": 711
                },
                "weighted avg": {
                    "precision": 0.8872990998843409,
                    "recall": 0.8846694796061885,
                    "f1-score": 0.8841609529885882,
                    "support": 711
                },
                "samples avg": {
                    "precision": 0.8846694796061885,
                    "recall": 0.8846694796061885,
                    "f1-score": 0.8846694796061885,
                    "support": 711
                }
            }
        }
    },
    "training_history": {
        "accuracy": [
            0.6829158067703247,
            0.7577723860740662,
            0.7964081168174744,
            0.820706307888031,
            0.8501358032226562,
            0.8732267022132874,
            0.8886206150054932,
            0.8951101899147034,
            0.9068819880485535,
            0.9120132923126221,
            0.9139752388000488,
            0.9224268198013306,
            0.9307274222373962,
            0.9334440231323242,
            0.940235435962677
        ],
        "loss": [
            0.5853250622749329,
            0.4942286014556885,
            0.447042852640152,
            0.4060521721839905,
            0.3513847589492798,
            0.31118136644363403,
            0.2820185720920563,
            0.2600201666355133,
            0.2362259179353714,
            0.22567079961299896,
            0.21241776645183563,
            0.19698119163513184,
            0.18102140724658966,
            0.16978415846824646,
            0.15267470479011536
        ],
        "val_accuracy": [
            0.7729195952415466,
            0.8110014200210571,
            0.8236953616142273,
            0.7856135368347168,
            0.8180536031723022,
            0.8406205773353577,
            0.8434414863586426,
            0.866008460521698,
            0.8787024021148682,
            0.8857545852661133,
            0.8871650099754333,
            0.8899859189987183,
            0.875881552696228,
            0.8787024021148682,
            0.8772919774055481
        ],
        "val_loss": [
            0.4887179732322693,
            0.4241001009941101,
            0.3849794268608093,
            0.4569290280342102,
            0.40346086025238037,
            0.3617362976074219,
            0.3537854254245758,
            0.31910762190818787,
            0.3085569143295288,
            0.28989970684051514,
            0.2749570906162262,
            0.2785486578941345,
            0.2862749695777893,
            0.29473158717155457,
            0.2903696298599243
        ]
    }
}