{
    "name": "trial_67",
    "start_time": "2024-10-23 08:47:14.337",
    "duration": "20.948",
    "directory": "/home/krakerlu/github/ImageMLResearch/demo/chihuahua_vs_muffin/experiments/experiment_05/output/trial_67",
    "hyperparameters": {
        "dense_units": 512,
        "dropout_rate": 0.4351654716716183,
        "learning_rate": 1.3042658639188106e-05
    },
    "figures": {
        "model_summary": "/home/krakerlu/github/ImageMLResearch/demo/chihuahua_vs_muffin/experiments/experiment_05/output/trial_67/model_summary.png",
        "confusion_matrix": "/home/krakerlu/github/ImageMLResearch/demo/chihuahua_vs_muffin/experiments/experiment_05/output/trial_67/confusion_matrix.png",
        "training_history": "/home/krakerlu/github/ImageMLResearch/demo/chihuahua_vs_muffin/experiments/experiment_05/output/trial_67/training_history.png"
    },
    "evaluation_metrics": {
        "train": {
            "accuracy": 0.9912499785423279,
            "precision": 0.9912499785423279,
            "recall": 0.9912499785423279,
            "f1": 0.9912499285423304,
            "classification_report": {
                "chihuahua": {
                    "precision": 0.9876056338028169,
                    "recall": 0.9965889710062535,
                    "f1-score": 0.9920769666100736,
                    "support": 1759
                },
                "muffin": {
                    "precision": 0.9957894736842106,
                    "recall": 0.9847328244274809,
                    "f1-score": 0.9902302861130495,
                    "support": 1441
                },
                "micro avg": {
                    "precision": 0.99125,
                    "recall": 0.99125,
                    "f1-score": 0.99125,
                    "support": 3200
                },
                "macro avg": {
                    "precision": 0.9916975537435138,
                    "recall": 0.9906608977168672,
                    "f1-score": 0.9911536263615616,
                    "support": 3200
                },
                "weighted avg": {
                    "precision": 0.9912909191994069,
                    "recall": 0.99125,
                    "f1-score": 0.9912453832987574,
                    "support": 3200
                },
                "samples avg": {
                    "precision": 0.99125,
                    "recall": 0.99125,
                    "f1-score": 0.99125,
                    "support": 3200
                }
            }
        },
        "val": {
            "accuracy": 0.9859374761581421,
            "precision": 0.9859374761581421,
            "recall": 0.9859374761581421,
            "f1": 0.9859374261581446,
            "classification_report": {
                "chihuahua": {
                    "precision": 0.9875776397515528,
                    "recall": 0.9845201238390093,
                    "f1-score": 0.986046511627907,
                    "support": 323
                },
                "muffin": {
                    "precision": 0.9842767295597484,
                    "recall": 0.9873817034700315,
                    "f1-score": 0.9858267716535433,
                    "support": 317
                },
                "micro avg": {
                    "precision": 0.9859375,
                    "recall": 0.9859375,
                    "f1-score": 0.9859375,
                    "support": 640
                },
                "macro avg": {
                    "precision": 0.9859271846556505,
                    "recall": 0.9859509136545204,
                    "f1-score": 0.9859366416407251,
                    "support": 640
                },
                "weighted avg": {
                    "precision": 0.9859426576721747,
                    "recall": 0.9859375,
                    "f1-score": 0.9859376716718551,
                    "support": 640
                },
                "samples avg": {
                    "precision": 0.9859375,
                    "recall": 0.9859375,
                    "f1-score": 0.9859375,
                    "support": 640
                }
            }
        },
        "test": {
            "accuracy": 0.978723406791687,
            "precision": 0.978723406791687,
            "recall": 0.978723406791687,
            "f1": 0.9787233567916895,
            "classification_report": {
                "chihuahua": {
                    "precision": 0.975103734439834,
                    "recall": 0.9853249475890985,
                    "f1-score": 0.9801876955161627,
                    "support": 477
                },
                "muffin": {
                    "precision": 0.9829683698296837,
                    "recall": 0.9711538461538461,
                    "f1-score": 0.9770253929866989,
                    "support": 416
                },
                "micro avg": {
                    "precision": 0.9787234042553191,
                    "recall": 0.9787234042553191,
                    "f1-score": 0.9787234042553191,
                    "support": 893
                },
                "macro avg": {
                    "precision": 0.9790360521347589,
                    "recall": 0.9782393968714723,
                    "f1-score": 0.9786065442514308,
                    "support": 893
                },
                "weighted avg": {
                    "precision": 0.9787674391679162,
                    "recall": 0.9787234042553191,
                    "f1-score": 0.9787145512247215,
                    "support": 893
                },
                "samples avg": {
                    "precision": 0.9787234042553191,
                    "recall": 0.9787234042553191,
                    "f1-score": 0.9787234042553191,
                    "support": 893
                }
            }
        }
    },
    "training_history": {
        "accuracy": [
            0.5621874928474426,
            0.7559375166893005,
            0.8612499833106995,
            0.9028124809265137,
            0.9281250238418579,
            0.9362499713897705,
            0.9453125,
            0.9590625166893005,
            0.9537500143051147,
            0.9587500095367432,
            0.9653124809265137,
            0.9712499976158142,
            0.9681249856948853,
            0.9746875166893005,
            0.9740625023841858,
            0.9731249809265137,
            0.9771875143051147,
            0.9815624952316284,
            0.9784374833106995,
            0.9825000166893005,
            0.9825000166893005,
            0.9793750047683716,
            0.9809374809265137,
            0.9815624952316284,
            0.9840624928474426
        ],
        "loss": [
            0.8962339758872986,
            0.5162808895111084,
            0.33526161313056946,
            0.25391867756843567,
            0.1923179179430008,
            0.17186258733272552,
            0.14888519048690796,
            0.12118112295866013,
            0.12527641654014587,
            0.1118227019906044,
            0.0960821732878685,
            0.08811745047569275,
            0.0848555639386177,
            0.07477381080389023,
            0.07771787792444229,
            0.07696879655122757,
            0.06881169974803925,
            0.060900937765836716,
            0.060163713991642,
            0.0597589872777462,
            0.05179351940751076,
            0.054129958152770996,
            0.050248634070158005,
            0.049716852605342865,
            0.04617790877819061
        ],