{
    "name": "trial_88",
    "start_time": "2024-10-20 12:22:05.071",
    "duration": "32.889",
    "directory": "/home/krakerlu/github/ImageMLResearch/demo/chihuahua_vs_muffin/experiments/experiment_03/output/trial_88",
    "hyperparameters": {
        "units1": 128,
        "kernel_size1": 3,
        "units2": 64,
        "kernel_size2": 7,
        "dense_units": 128,
        "dropout_rate": 0.23850497362866155,
        "learning_rate": 4.658600117151529e-05
    },
    "figures": {
        "model_summary": "/home/krakerlu/github/ImageMLResearch/demo/chihuahua_vs_muffin/experiments/experiment_03/output/trial_88/model_summary.png",
        "confusion_matrix": "/home/krakerlu/github/ImageMLResearch/demo/chihuahua_vs_muffin/experiments/experiment_03/output/trial_88/confusion_matrix.png",
        "training_history": "/home/krakerlu/github/ImageMLResearch/demo/chihuahua_vs_muffin/experiments/experiment_03/output/trial_88/training_history.png"
    },
    "evaluation_metrics": {
        "train": {
            "accuracy": 0.9287499785423279,
            "precision": 0.9287499785423279,
            "recall": 0.9287499785423279,
            "f1": 0.9287499285423305,
            "classification_report": {
                "chihuahua": {
                    "precision": 0.9180775532495904,
                    "recall": 0.9556566230812962,
                    "f1-score": 0.9364902506963788,
                    "support": 1759
                },
                "muffin": {
                    "precision": 0.9430241051862673,
                    "recall": 0.8959056210964608,
                    "f1-score": 0.9188612099644128,
                    "support": 1441
                },
                "micro avg": {
                    "precision": 0.92875,
                    "recall": 0.92875,
                    "f1-score": 0.92875,
                    "support": 3200
                },
                "macro avg": {
                    "precision": 0.9305508292179289,
                    "recall": 0.9257811220888785,
                    "f1-score": 0.9276757303303957,
                    "support": 3200
                },
                "weighted avg": {
                    "precision": 0.9293112974185752,
                    "recall": 0.92875,
                    "f1-score": 0.9285516732917654,
                    "support": 3200
                },
                "samples avg": {
                    "precision": 0.92875,
                    "recall": 0.92875,
                    "f1-score": 0.92875,
                    "support": 3200
                }
            }
        },
        "val": {
            "accuracy": 0.901562511920929,
            "precision": 0.901562511920929,
            "recall": 0.901562511920929,
            "f1": 0.9015624619209317,
            "classification_report": {
                "chihuahua": {
                    "precision": 0.8801169590643275,
                    "recall": 0.9318885448916409,
                    "f1-score": 0.9052631578947369,
                    "support": 323
                },
                "muffin": {
                    "precision": 0.9261744966442953,
                    "recall": 0.8706624605678234,
                    "f1-score": 0.8975609756097561,
                    "support": 317
                },
                "micro avg": {
                    "precision": 0.9015625,
                    "recall": 0.9015625,
                    "f1-score": 0.9015625,
                    "support": 640
                },
                "macro avg": {
                    "precision": 0.9031457278543114,
                    "recall": 0.9012755027297321,
                    "f1-score": 0.9014120667522465,
                    "support": 640
                },
                "weighted avg": {
                    "precision": 0.9029298331469053,
                    "recall": 0.9015625,
                    "f1-score": 0.9014481707317075,
                    "support": 640
                },
                "samples avg": {
                    "precision": 0.9015625,
                    "recall": 0.9015625,
                    "f1-score": 0.9015625,
                    "support": 640
                }
            }
        },
        "test": {
            "accuracy": 0.8913773894309998,
            "precision": 0.8913773894309998,
            "recall": 0.8913773894309998,
            "f1": 0.8913773394310025,
            "classification_report": {
                "chihuahua": {
                    "precision": 0.88,
                    "recall": 0.9224318658280922,
                    "f1-score": 0.9007164790174002,
                    "support": 477
                },
                "muffin": {
                    "precision": 0.905852417302799,
                    "recall": 0.8557692307692307,
                    "f1-score": 0.8800988875154512,
                    "support": 416
                },
                "micro avg": {
                    "precision": 0.8913773796192609,
                    "recall": 0.8913773796192609,
                    "f1-score": 0.8913773796192609,
                    "support": 893
                },
                "macro avg": {
                    "precision": 0.8929262086513995,
                    "recall": 0.8891005482986615,
                    "f1-score": 0.8904076832664256,
                    "support": 893
                },
                "weighted avg": {
                    "precision": 0.8920432313527036,
                    "recall": 0.8913773796192609,
                    "f1-score": 0.8911118675226513,
                    "support": 893
                },
                "samples avg": {
                    "precision": 0.8913773796192609,
                    "recall": 0.8913773796192609,
                    "f1-score": 0.8913773796192609,
                    "support": 893
                }
            }
        }
    },
    "training_history": {
        "accuracy": [
            0.6146875023841858,
            0.7240625023841858,
            0.7706249952316284,
            0.7918750047683716,
            0.8153125047683716,
            0.8271874785423279,
            0.8399999737739563,
            0.8500000238418579,
            0.8559374809265137,
            0.8565624952316284,
            0.8590624928474426,
            0.8631250262260437,
            0.8774999976158142,
            0.8774999976158142,
            0.8815624713897705,
            0.8834375143051147,
            0.879687488079071,
            0.8899999856948853,
            0.8996875286102295,
            0.9043750166893005,
            0.9137499928474426,
            0.9106249809265137,
            0.9162499904632568,
            0.9203125238418579,
            0.9209374785423279
        ],
        "loss": [
            0.6666654944419861,
            0.5576105713844299,
            0.4994777739048004,
            0.45710891485214233,
            0.4234450161457062,
            0.3958808183670044,
            0.377620130777359,
            0.3670611083507538,
            0.35243305563926697,
            0.34178388118743896,
            0.34614402055740356,
            0.33348244428634644,
            0.30662858486175537,
            0.3001756966114044,
            0.2896740436553955,
            0.2865801155567169,
            0.2888144850730896,
            0.2623099982738495,
            0.24915792047977448,
            0.24487513303756714,
            0.23364423215389252,
            0.23064149916172028,
            0.22203488647937775,
            0.21938514709472656,
            0.20879867672920227
        ],