{
    "name": "trial_51",
    "start_time": "2024-10-23 08:41:07.737",
    "duration": "21.018",
    "directory": "/home/krakerlu/github/ImageMLResearch/demo/chihuahua_vs_muffin/experiments/experiment_05/output/trial_51",
    "hyperparameters": {
        "dense_units": 128,
        "dropout_rate": 0.48740510209775534,
        "learning_rate": 9.222321316683178e-05
    },
    "figures": {
        "model_summary": "/home/krakerlu/github/ImageMLResearch/demo/chihuahua_vs_muffin/experiments/experiment_05/output/trial_51/model_summary.png",
        "confusion_matrix": "/home/krakerlu/github/ImageMLResearch/demo/chihuahua_vs_muffin/experiments/experiment_05/output/trial_51/confusion_matrix.png",
        "training_history": "/home/krakerlu/github/ImageMLResearch/demo/chihuahua_vs_muffin/experiments/experiment_05/output/trial_51/training_history.png"
    },
    "evaluation_metrics": {
        "train": {
            "accuracy": 0.9996874928474426,
            "precision": 0.9996874928474426,
            "recall": 0.9996874928474426,
            "f1": 0.9996874428474452,
            "classification_report": {
                "chihuahua": {
                    "precision": 1.0,
                    "recall": 0.9994314951677089,
                    "f1-score": 0.9997156667614444,
                    "support": 1759
                },
                "muffin": {
                    "precision": 0.9993065187239945,
                    "recall": 1.0,
                    "f1-score": 0.9996531390912244,
                    "support": 1441
                },
                "micro avg": {
                    "precision": 0.9996875,
                    "recall": 0.9996875,
                    "f1-score": 0.9996875,
                    "support": 3200
                },
                "macro avg": {
                    "precision": 0.9996532593619972,
                    "recall": 0.9997157475838545,
                    "f1-score": 0.9996844029263344,
                    "support": 3200
                },
                "weighted avg": {
                    "precision": 0.9996877167128987,
                    "recall": 0.9996875,
                    "f1-score": 0.9996875097699484,
                    "support": 3200
                },
                "samples avg": {
                    "precision": 0.9996875,
                    "recall": 0.9996875,
                    "f1-score": 0.9996875,
                    "support": 3200
                }
            }
        },
        "val": {
            "accuracy": 0.989062488079071,
            "precision": 0.989062488079071,
            "recall": 0.989062488079071,
            "f1": 0.9890624380790736,
            "classification_report": {
                "chihuahua": {
                    "precision": 0.9876543209876543,
                    "recall": 0.9907120743034056,
                    "f1-score": 0.9891808346213292,
                    "support": 323
                },
                "muffin": {
                    "precision": 0.990506329113924,
                    "recall": 0.9873817034700315,
                    "f1-score": 0.9889415481832543,
                    "support": 317
                },
                "micro avg": {
                    "precision": 0.9890625,
                    "recall": 0.9890625,
                    "f1-score": 0.9890625,
                    "support": 640
                },
                "macro avg": {
                    "precision": 0.9890803250507891,
                    "recall": 0.9890468888867185,
                    "f1-score": 0.9890611914022918,
                    "support": 640
                },
                "weighted avg": {
                    "precision": 0.9890669562626971,
                    "recall": 0.9890625,
                    "f1-score": 0.9890623130574703,
                    "support": 640
                },
                "samples avg": {
                    "precision": 0.9890625,
                    "recall": 0.9890625,
                    "f1-score": 0.9890625,
                    "support": 640
                }
            }
        },
        "test": {
            "accuracy": 0.9832026958465576,
            "precision": 0.9832026958465576,
            "recall": 0.9832026958465576,
            "f1": 0.9832026458465601,
            "classification_report": {
                "chihuahua": {
                    "precision": 0.979253112033195,
                    "recall": 0.989517819706499,
                    "f1-score": 0.9843587069864442,
                    "support": 477
                },
                "muffin": {
                    "precision": 0.9878345498783455,
                    "recall": 0.9759615384615384,
                    "f1-score": 0.9818621523579202,
                    "support": 416
                },
                "micro avg": {
                    "precision": 0.9832026875699889,
                    "recall": 0.9832026875699889,
                    "f1-score": 0.9832026875699889,
                    "support": 893
                },
                "macro avg": {
                    "precision": 0.9835438309557702,
                    "recall": 0.9827396790840187,
                    "f1-score": 0.9831104296721822,
                    "support": 893
                },
                "weighted avg": {
                    "precision": 0.9832507359341833,
                    "recall": 0.9832026875699889,
                    "f1-score": 0.9831956983353065,
                    "support": 893
                },
                "samples avg": {
                    "precision": 0.9832026875699889,
                    "recall": 0.9832026875699889,
                    "f1-score": 0.9832026875699889,
                    "support": 893
                }
            }
        }
    },
    "training_history": {
        "accuracy": [
            0.6775000095367432,
            0.9175000190734863,
            0.9518749713897705,
            0.964062511920929,
            0.9740625023841858,
            0.9784374833106995,
            0.9771875143051147,
            0.9800000190734863,
            0.9837499856948853,
            0.984375,
            0.9865624904632568,
            0.984375,
            0.9868749976158142,
            0.989062488079071,
            0.9925000071525574,
            0.9931250214576721,
            0.9925000071525574,
            0.9918749928474426,
            0.9943749904632568,
            0.9921875,
            0.9931250214576721,
            0.9931250214576721,
            0.9962499737739563,
            0.996874988079071,
            0.996874988079071
        ],
        "loss": [
            0.6794542074203491,
            0.20366157591342926,
            0.12800899147987366,
            0.09163382649421692,
            0.07440780103206635,
            0.06304308027029037,
            0.0625346302986145,
            0.055476631969213486,
            0.046718746423721313,
            0.045733317732810974,
            0.03814586251974106,
            0.042535651475191116,
            0.03378317505121231,
            0.03467930853366852,
            0.02592826634645462,
            0.024618713185191154,
            0.025480756536126137,
            0.02435803972184658,
            0.023106755688786507,
            0.02211121842265129,
            0.019521934911608696,
            0.02102411538362503,
            0.014360939152538776,
            0.01396217942237854,
            0.014567268081009388
        ],