{
    "name": "trial_46",
    "start_time": "2024-10-23 08:39:14.623",
    "duration": "21.188",
    "directory": "/home/krakerlu/github/ImageMLResearch/demo/chihuahua_vs_muffin/experiments/experiment_05/output/trial_46",
    "hyperparameters": {
        "dense_units": 256,
        "dropout_rate": 0.4707118638297069,
        "learning_rate": 5.631849360621576e-05
    },
    "figures": {
        "model_summary": "/home/krakerlu/github/ImageMLResearch/demo/chihuahua_vs_muffin/experiments/experiment_05/output/trial_46/model_summary.png",
        "confusion_matrix": "/home/krakerlu/github/ImageMLResearch/demo/chihuahua_vs_muffin/experiments/experiment_05/output/trial_46/confusion_matrix.png",
        "training_history": "/home/krakerlu/github/ImageMLResearch/demo/chihuahua_vs_muffin/experiments/experiment_05/output/trial_46/training_history.png"
    },
    "evaluation_metrics": {
        "train": {
            "accuracy": 0.9993749856948853,
            "precision": 0.9993749856948853,
            "recall": 0.9993749856948853,
            "f1": 0.9993749356948878,
            "classification_report": {
                "chihuahua": {
                    "precision": 0.9994314951677089,
                    "recall": 0.9994314951677089,
                    "f1-score": 0.9994314951677089,
                    "support": 1759
                },
                "muffin": {
                    "precision": 0.9993060374739764,
                    "recall": 0.9993060374739764,
                    "f1-score": 0.9993060374739764,
                    "support": 1441
                },
                "micro avg": {
                    "precision": 0.999375,
                    "recall": 0.999375,
                    "f1-score": 0.999375,
                    "support": 3200
                },
                "macro avg": {
                    "precision": 0.9993687663208426,
                    "recall": 0.9993687663208426,
                    "f1-score": 0.9993687663208426,
                    "support": 3200
                },
                "weighted avg": {
                    "precision": 0.999375,
                    "recall": 0.999375,
                    "f1-score": 0.999375,
                    "support": 3200
                },
                "samples avg": {
                    "precision": 0.999375,
                    "recall": 0.999375,
                    "f1-score": 0.999375,
                    "support": 3200
                }
            }
        },
        "val": {
            "accuracy": 0.9859374761581421,
            "precision": 0.9859374761581421,
            "recall": 0.9859374761581421,
            "f1": 0.9859374261581446,
            "classification_report": {
                "chihuahua": {
                    "precision": 0.9845679012345679,
                    "recall": 0.9876160990712074,
                    "f1-score": 0.9860896445131375,
                    "support": 323
                },
                "muffin": {
                    "precision": 0.9873417721518988,
                    "recall": 0.9842271293375394,
                    "f1-score": 0.985781990521327,
                    "support": 317
                },
                "micro avg": {
                    "precision": 0.9859375,
                    "recall": 0.9859375,
                    "f1-score": 0.9859375,
                    "support": 640
                },
                "macro avg": {
                    "precision": 0.9859548366932334,
                    "recall": 0.9859216142043734,
                    "f1-score": 0.9859358175172322,
                    "support": 640
                },
                "weighted avg": {
                    "precision": 0.9859418341733084,
                    "recall": 0.9859375,
                    "f1-score": 0.9859372596453188,
                    "support": 640
                },
                "samples avg": {
                    "precision": 0.9859375,
                    "recall": 0.9859375,
                    "f1-score": 0.9859375,
                    "support": 640
                }
            }
        },
        "test": {
            "accuracy": 0.9888017773628235,
            "precision": 0.9888017773628235,
            "recall": 0.9888017773628235,
            "f1": 0.988801727362826,
            "classification_report": {
                "chihuahua": {
                    "precision": 0.9874739039665971,
                    "recall": 0.9916142557651991,
                    "f1-score": 0.9895397489539749,
                    "support": 477
                },
                "muffin": {
                    "precision": 0.9903381642512077,
                    "recall": 0.9855769230769231,
                    "f1-score": 0.9879518072289156,
                    "support": 416
                },
                "micro avg": {
                    "precision": 0.9888017917133258,
                    "recall": 0.9888017917133258,
                    "f1-score": 0.9888017917133258,
                    "support": 893
                },
                "macro avg": {
                    "precision": 0.9889060341089024,
                    "recall": 0.9885955894210612,
                    "f1-score": 0.9887457780914453,
                    "support": 893
                },
                "weighted avg": {
                    "precision": 0.9888082066299767,
                    "recall": 0.9888017917133258,
                    "f1-score": 0.9888000135031074,
                    "support": 893
                },
                "samples avg": {
                    "precision": 0.9888017917133258,
                    "recall": 0.9888017917133258,
                    "f1-score": 0.9888017917133258,
                    "support": 893
                }
            }
        }
    },
    "training_history": {
        "accuracy": [
            0.6953125,
            0.9046875238418579,
            0.9581249952316284,
            0.9637500047683716,
            0.9709374904632568,
            0.9762499928474426,
            0.9750000238418579,
            0.9803125262260437,
            0.9837499856948853,
            0.984375,
            0.9840624928474426,
            0.984375,
            0.9884374737739563,
            0.9903125166893005,
            0.9871875047683716,
            0.9903125166893005,
            0.9928125143051147,
            0.9921875,
            0.9928125143051147,
            0.9918749928474426,
            0.9943749904632568,
            0.9950000047683716,
            0.9931250214576721,
            0.9959375262260437,
            0.9937499761581421
        ],
        "loss": [
            0.6682570576667786,
            0.2295362502336502,
            0.12804032862186432,
            0.1014777347445488,
            0.0852506160736084,
            0.07342074811458588,
            0.06992491334676743,
            0.05788225680589676,
            0.04835331067442894,
            0.04825255274772644,
            0.047802142798900604,
            0.040022630244493484,
            0.03427593782544136,
            0.028823088854551315,
            0.03218857944011688,
            0.027824735268950462,
            0.025387488305568695,
            0.024205157533288002,
            0.022605298087000847,
            0.025261608883738518,
            0.018255939707159996,
            0.019813330844044685,
            0.01781836710870266,
            0.01577029377222061,
            0.01717386581003666
        ],