{
    "name": "trial_80",
    "start_time": "2024-10-23 08:52:15.140",
    "duration": "20.895",
    "directory": "/home/krakerlu/github/ImageMLResearch/demo/chihuahua_vs_muffin/experiments/experiment_05/output/trial_80",
    "hyperparameters": {
        "dense_units": 512,
        "dropout_rate": 0.33567484538066134,
        "learning_rate": 2.6247992542590503e-05
    },
    "figures": {
        "model_summary": "/home/krakerlu/github/ImageMLResearch/demo/chihuahua_vs_muffin/experiments/experiment_05/output/trial_80/model_summary.png",
        "confusion_matrix": "/home/krakerlu/github/ImageMLResearch/demo/chihuahua_vs_muffin/experiments/experiment_05/output/trial_80/confusion_matrix.png",
        "training_history": "/home/krakerlu/github/ImageMLResearch/demo/chihuahua_vs_muffin/experiments/experiment_05/output/trial_80/training_history.png"
    },
    "evaluation_metrics": {
        "train": {
            "accuracy": 0.9978125095367432,
            "precision": 0.9978125095367432,
            "recall": 0.9978125095367432,
            "f1": 0.9978124595367457,
            "classification_report": {
                "chihuahua": {
                    "precision": 0.9965986394557823,
                    "recall": 0.9994314951677089,
                    "f1-score": 0.9980130570536475,
                    "support": 1759
                },
                "muffin": {
                    "precision": 0.9993036211699164,
                    "recall": 0.9958362248438585,
                    "f1-score": 0.9975669099756691,
                    "support": 1441
                },
                "micro avg": {
                    "precision": 0.9978125,
                    "recall": 0.9978125,
                    "f1-score": 0.9978125,
                    "support": 3200
                },
                "macro avg": {
                    "precision": 0.9979511303128494,
                    "recall": 0.9976338600057837,
                    "f1-score": 0.9977899835146583,
                    "support": 3200
                },
                "weighted avg": {
                    "precision": 0.9978167265339283,
                    "recall": 0.9978125,
                    "f1-score": 0.9978121514475953,
                    "support": 3200
                },
                "samples avg": {
                    "precision": 0.9978125,
                    "recall": 0.9978125,
                    "f1-score": 0.9978125,
                    "support": 3200
                }
            }
        },
        "val": {
            "accuracy": 0.989062488079071,
            "precision": 0.989062488079071,
            "recall": 0.989062488079071,
            "f1": 0.9890624380790736,
            "classification_report": {
                "chihuahua": {
                    "precision": 0.9876543209876543,
                    "recall": 0.9907120743034056,
                    "f1-score": 0.9891808346213292,
                    "support": 323
                },
                "muffin": {
                    "precision": 0.990506329113924,
                    "recall": 0.9873817034700315,
                    "f1-score": 0.9889415481832543,
                    "support": 317
                },
                "micro avg": {
                    "precision": 0.9890625,
                    "recall": 0.9890625,
                    "f1-score": 0.9890625,
                    "support": 640
                },
                "macro avg": {
                    "precision": 0.9890803250507891,
                    "recall": 0.9890468888867185,
                    "f1-score": 0.9890611914022918,
                    "support": 640
                },
                "weighted avg": {
                    "precision": 0.9890669562626971,
                    "recall": 0.9890625,
                    "f1-score": 0.9890623130574703,
                    "support": 640
                },
                "samples avg": {
                    "precision": 0.9890625,
                    "recall": 0.9890625,
                    "f1-score": 0.9890625,
                    "support": 640
                }
            }
        },
        "test": {
            "accuracy": 0.9820828437805176,
            "precision": 0.9820828437805176,
            "recall": 0.9820828437805176,
            "f1": 0.9820827937805201,
            "classification_report": {
                "chihuahua": {
                    "precision": 0.9792099792099792,
                    "recall": 0.9874213836477987,
                    "f1-score": 0.9832985386221295,
                    "support": 477
                },
                "muffin": {
                    "precision": 0.9854368932038835,
                    "recall": 0.9759615384615384,
                    "f1-score": 0.9806763285024155,
                    "support": 416
                },
                "micro avg": {
                    "precision": 0.9820828667413214,
                    "recall": 0.9820828667413214,
                    "f1-score": 0.9820828667413214,
                    "support": 893
                },
                "macro avg": {
                    "precision": 0.9823234362069313,
                    "recall": 0.9816914610546685,
                    "f1-score": 0.9819874335622725,
                    "support": 893
                },
                "weighted avg": {
                    "precision": 0.982110758853276,
                    "recall": 0.9820828667413214,
                    "f1-score": 0.9820769939303029,
                    "support": 893
                },
                "samples avg": {
                    "precision": 0.9820828667413214,
                    "recall": 0.9820828667413214,
                    "f1-score": 0.9820828667413214,
                    "support": 893
                }
            }
        }
    },
    "training_history": {
        "accuracy": [
            0.6346874833106995,
            0.8956249952316284,
            0.9503124952316284,
            0.9615625143051147,
            0.971875011920929,
            0.971875011920929,
            0.9759374856948853,
            0.981249988079071,
            0.9825000166893005,
            0.9825000166893005,
            0.9862499833106995,
            0.9865624904632568,
            0.9884374737739563,
            0.9887499809265137,
            0.987500011920929,
            0.9903125166893005,
            0.989062488079071,
            0.9937499761581421,
            0.9909374713897705,
            0.9921875,
            0.9931250214576721,
            0.9950000047683716,
            0.995312511920929,
            0.9934375286102295,
            0.9950000047683716
        ],
        "loss": [
            0.7077622413635254,
            0.27037233114242554,
            0.1594839245080948,
            0.11762136220932007,
            0.09262794256210327,
            0.08120832592248917,
            0.07308230549097061,
            0.06238076090812683,
            0.05490059778094292,
            0.05295775458216667,
            0.04537277668714523,
            0.04215312376618385,
            0.040258072316646576,
            0.038170382380485535,
            0.03670993074774742,
            0.03125275298953056,
            0.033102039247751236,
            0.02333829551935196,
            0.02846563421189785,
            0.02696939930319786,
            0.023306354880332947,
            0.020871272310614586,
            0.021651504561305046,
            0.02035975642502308,
            0.01986708492040634
        ],