{
    "name": "trial_74",
    "start_time": "2024-10-27 12:18:56.647",
    "duration": "0:05:48.431",
    "directory": "/home/krakerlu/github/ImageMLResearch/demo/chihuahua_vs_muffin/experiments/experiment_04/output/trial_74",
    "hyperparameters": {
        "normalization": "standard",
        "batch_size": 128,
        "learning_rate": 6.020347466434934e-05
    },
    "figures": {
        "training_history": "/home/krakerlu/github/ImageMLResearch/demo/chihuahua_vs_muffin/experiments/experiment_04/output/trial_74/training_history.png"
    },
    "evaluation_metrics": {
        "train": {
            "accuracy": 0.9465740919113159,
            "precision": 0.9465740919113159,
            "recall": 0.9465740919113159,
            "f1": 0.9465740419113186,
            "classification_report": {
                "chihuahua": {
                    "precision": 0.9209718670076726,
                    "recall": 0.9876577070762479,
                    "f1-score": 0.9531498147167814,
                    "support": 3646
                },
                "muffin": {
                    "precision": 0.9834315169366715,
                    "recall": 0.8963087248322148,
                    "f1-score": 0.9378511235955056,
                    "support": 2980
                },
                "micro avg": {
                    "precision": 0.9465741020223363,
                    "recall": 0.9465741020223363,
                    "f1-score": 0.9465741020223363,
                    "support": 6626
                },
                "macro avg": {
                    "precision": 0.9522016919721721,
                    "recall": 0.9419832159542314,
                    "f1-score": 0.9455004691561435,
                    "support": 6626
                },
                "weighted avg": {
                    "precision": 0.9490626845127158,
                    "recall": 0.9465741020223363,
                    "f1-score": 0.9462693288216106,
                    "support": 6626
                },
                "samples avg": {
                    "precision": 0.9465741020223363,
                    "recall": 0.9465741020223363,
                    "f1-score": 0.9465741020223363,
                    "support": 6626
                }
            }
        },
        "val": {
            "accuracy": 0.8843441605567932,
            "precision": 0.8843441605567932,
            "recall": 0.8843441605567932,
            "f1": 0.884344110556796,
            "classification_report": {
                "chihuahua": {
                    "precision": 0.9142011834319527,
                    "recall": 0.8535911602209945,
                    "f1-score": 0.8828571428571429,
                    "support": 362
                },
                "muffin": {
                    "precision": 0.8571428571428571,
                    "recall": 0.9164265129682997,
                    "f1-score": 0.8857938718662952,
                    "support": 347
                },
                "micro avg": {
                    "precision": 0.8843441466854725,
                    "recall": 0.8843441466854725,
                    "f1-score": 0.8843441466854725,
                    "support": 709
                },
                "macro avg": {
                    "precision": 0.8856720202874049,
                    "recall": 0.8850088365946471,
                    "f1-score": 0.8843255073617191,
                    "support": 709
                },
                "weighted avg": {
                    "precision": 0.8862755991973742,
                    "recall": 0.8843441466854725,
                    "f1-score": 0.88429444182213,
                    "support": 709
                },
                "samples avg": {
                    "precision": 0.8843441466854725,
                    "recall": 0.8843441466854725,
                    "f1-score": 0.8843441466854725,
                    "support": 709
                }
            }
        },
        "test": {
            "accuracy": 0.8888888955116272,
            "precision": 0.8888888955116272,
            "recall": 0.8888888955116272,
            "f1": 0.8888888455116299,
            "classification_report": {
                "chihuahua": {
                    "precision": 0.9131652661064426,
                    "recall": 0.8716577540106952,
                    "f1-score": 0.8919288645690835,
                    "support": 374
                },
                "muffin": {
                    "precision": 0.864406779661017,
                    "recall": 0.9080118694362018,
                    "f1-score": 0.8856729377713459,
                    "support": 337
                },
                "micro avg": {
                    "precision": 0.8888888888888888,
                    "recall": 0.8888888888888888,
                    "f1-score": 0.8888888888888888,
                    "support": 711
                },
                "macro avg": {
                    "precision": 0.8887860228837298,
                    "recall": 0.8898348117234485,
                    "f1-score": 0.8888009011702147,
                    "support": 711
                },
                "weighted avg": {
                    "precision": 0.8900547036140256,
                    "recall": 0.8888888888888888,
                    "f1-score": 0.888963678449762,
                    "support": 711
                },
                "samples avg": {
                    "precision": 0.8888888888888888,
                    "recall": 0.8888888888888888,
                    "f1-score": 0.8888888888888888,
                    "support": 711
                }
            }
        }
    },
    "training_history": {
        "accuracy": [
            0.7057048082351685,
            0.7687895894050598,
            0.8087835907936096,
            0.8300634026527405,
            0.8608511686325073,
            0.8751886487007141,
            0.8886206150054932,
            0.9031089544296265,
            0.9065801501274109,
            0.9062783122062683,
            0.914578914642334,
            0.9246906042098999,
            0.9351041316986084,
            0.9382734894752502,
            0.9446121454238892
        ],
        "loss": [
            0.5668206214904785,
            0.4894201159477234,
            0.4357123374938965,
            0.3934876024723053,
            0.3331433832645416,
            0.30248525738716125,
            0.2801607549190521,
            0.24764782190322876,
            0.23488081991672516,
            0.2305753082036972,
            0.20969964563846588,
            0.19382232427597046,
            0.1696397215127945,
            0.1619950532913208,
            0.1462324559688568
        ],
        "val_accuracy": [
            0.7856135368347168,
            0.8180536031723022,
            0.8293371200561523,
            0.8081805109977722,
            0.8321579694747925,
            0.8406205773353577,
            0.8519040942192078,
            0.8476727604866028,
            0.861777126789093,
            0.8688293099403381,
            0.8984485268592834,
            0.8815232515335083,
            0.8885754346847534,
            0.8871650099754333,
            0.8843441605567932
        ],
        "val_loss": [
            0.46877413988113403,
            0.43327876925468445,
            0.3790924549102783,
            0.4216513931751251,
            0.4057026207447052,
            0.3587607443332672,
            0.3553124964237213,
            0.36989158391952515,
            0.3313518762588501,
            0.33429741859436035,
            0.27678167819976807,
            0.2860192358493805,
            0.2828294336795807,
            0.27185362577438354,
            0.29630589485168457
        ]
    }
}