{
    "name": "trial_59",
    "start_time": "2024-10-27 10:50:51.689",
    "duration": "0:05:46.611",
    "directory": "/home/krakerlu/github/ImageMLResearch/demo/chihuahua_vs_muffin/experiments/experiment_04/output/trial_59",
    "hyperparameters": {
        "normalization": "standard",
        "batch_size": 128,
        "learning_rate": 8.909048954015925e-05
    },
    "figures": {
        "training_history": "/home/krakerlu/github/ImageMLResearch/demo/chihuahua_vs_muffin/experiments/experiment_04/output/trial_59/training_history.png"
    },
    "evaluation_metrics": {
        "train": {
            "accuracy": 0.9784183502197266,
            "precision": 0.9784183502197266,
            "recall": 0.9784183502197266,
            "f1": 0.9784183002197291,
            "classification_report": {
                "chihuahua": {
                    "precision": 0.9750474640629238,
                    "recall": 0.9860120680197477,
                    "f1-score": 0.9804991135960726,
                    "support": 3646
                },
                "muffin": {
                    "precision": 0.9826471588975842,
                    "recall": 0.9691275167785235,
                    "f1-score": 0.9758405136002704,
                    "support": 2980
                },
                "micro avg": {
                    "precision": 0.978418351946876,
                    "recall": 0.978418351946876,
                    "f1-score": 0.978418351946876,
                    "support": 6626
                },
                "macro avg": {
                    "precision": 0.9788473114802541,
                    "recall": 0.9775697923991356,
                    "f1-score": 0.9781698135981715,
                    "support": 6626
                },
                "weighted avg": {
                    "precision": 0.97846537692246,
                    "recall": 0.978418351946876,
                    "f1-score": 0.9784039388318875,
                    "support": 6626
                },
                "samples avg": {
                    "precision": 0.978418351946876,
                    "recall": 0.978418351946876,
                    "f1-score": 0.978418351946876,
                    "support": 6626
                }
            }
        },
        "val": {
            "accuracy": 0.8688293099403381,
            "precision": 0.8688293099403381,
            "recall": 0.8688293099403381,
            "f1": 0.868829259940341,
            "classification_report": {
                "chihuahua": {
                    "precision": 0.9242902208201893,
                    "recall": 0.8093922651933702,
                    "f1-score": 0.8630338733431517,
                    "support": 362
                },
                "muffin": {
                    "precision": 0.8239795918367347,
                    "recall": 0.930835734870317,
                    "f1-score": 0.8741542625169147,
                    "support": 347
                },
                "micro avg": {
                    "precision": 0.8688293370944993,
                    "recall": 0.8688293370944993,
                    "f1-score": 0.8688293370944993,
                    "support": 709
                },
                "macro avg": {
                    "precision": 0.874134906328462,
                    "recall": 0.8701140000318436,
                    "f1-score": 0.8685940679300332,
                    "support": 709
                },
                "weighted avg": {
                    "precision": 0.8751960201752546,
                    "recall": 0.8688293370944993,
                    "f1-score": 0.8684764333478002,
                    "support": 709
                },
                "samples avg": {
                    "precision": 0.8688293370944993,
                    "recall": 0.8688293370944993,
                    "f1-score": 0.8688293370944993,
                    "support": 709
                }
            }
        },
        "test": {
            "accuracy": 0.8691983222961426,
            "precision": 0.8691983222961426,
            "recall": 0.8691983222961426,
            "f1": 0.8691982722961454,
            "classification_report": {
                "chihuahua": {
                    "precision": 0.9096209912536443,
                    "recall": 0.8342245989304813,
                    "f1-score": 0.8702928870292888,
                    "support": 374
                },
                "muffin": {
                    "precision": 0.8315217391304348,
                    "recall": 0.9080118694362018,
                    "f1-score": 0.8680851063829788,
                    "support": 337
                },
                "micro avg": {
                    "precision": 0.869198312236287,
                    "recall": 0.869198312236287,
                    "f1-score": 0.869198312236287,
                    "support": 711
                },
                "macro avg": {
                    "precision": 0.8705713651920395,
                    "recall": 0.8711182341833416,
                    "f1-score": 0.8691889967061337,
                    "support": 711
                },
                "weighted avg": {
                    "precision": 0.8726034835665535,
                    "recall": 0.869198312236287,
                    "f1-score": 0.8692464424754117,
                    "support": 711
                },
                "samples avg": {
                    "precision": 0.869198312236287,
                    "recall": 0.869198312236287,
                    "f1-score": 0.869198312236287,
                    "support": 711
                }
            }
        }
    },
    "training_history": {
        "accuracy": [
            0.7176275253295898,
            0.8051614761352539,
            0.8434953093528748,
            0.8619076609611511,
            0.8803199529647827,
            0.8846966624259949,
            0.9052218794822693,
            0.9121642112731934,
            0.9252942800521851,
            0.9334440231323242,
            0.9435557126998901,
            0.9376698136329651,
            0.9444612264633179,
            0.9455176591873169,
            0.9550256729125977
        ],
        "loss": [
            0.5516073107719421,
            0.43539655208587646,
            0.36761805415153503,
            0.3327132761478424,
            0.2952665686607361,
            0.2804108262062073,
            0.24197284877300262,
            0.22327923774719238,
            0.19344070553779602,
            0.17464880645275116,
            0.15118709206581116,
            0.15913166105747223,
            0.14759376645088196,
            0.14196951687335968,
            0.11628619581460953
        ],
        "val_accuracy": [
            0.794076144695282,
            0.7870239615440369,
            0.8392101526260376,
            0.8377997279167175,
            0.8462623357772827,
            0.8279266357421875,
            0.8251057863235474,
            0.8194640278816223,
            0.8772919774055481,
            0.8307475447654724,
            0.798307478427887,
            0.8744710683822632,
            0.8434414863586426,
            0.8420310020446777,
            0.8688293099403381
        ],
        "val_loss": [
            0.46589091420173645,
            0.4893220365047455,
            0.3731473684310913,
            0.3965604901313782,
            0.3957535922527313,
            0.4048229157924652,
            0.4224262833595276,
            0.4482312500476837,
            0.33212020993232727,
            0.4221682846546173,
            0.5670896172523499,
            0.36375170946121216,
            0.4111989140510559,
            0.4033603072166443,
            0.36000946164131165
        ]
    }
}