{
    "name": "trial_86",
    "start_time": "2024-10-20 12:20:59.167",
    "duration": "30.120",
    "directory": "/home/krakerlu/github/ImageMLResearch/demo/chihuahua_vs_muffin/experiments/experiment_03/output/trial_86",
    "hyperparameters": {
        "units1": 128,
        "kernel_size1": 3,
        "units2": 64,
        "kernel_size2": 5,
        "dense_units": 256,
        "dropout_rate": 0.08085252713315207,
        "learning_rate": 0.00010667985375957958
    },
    "figures": {
        "model_summary": "/home/krakerlu/github/ImageMLResearch/demo/chihuahua_vs_muffin/experiments/experiment_03/output/trial_86/model_summary.png",
        "confusion_matrix": "/home/krakerlu/github/ImageMLResearch/demo/chihuahua_vs_muffin/experiments/experiment_03/output/trial_86/confusion_matrix.png",
        "training_history": "/home/krakerlu/github/ImageMLResearch/demo/chihuahua_vs_muffin/experiments/experiment_03/output/trial_86/training_history.png"
    },
    "evaluation_metrics": {
        "train": {
            "accuracy": 0.9743750095367432,
            "precision": 0.9743750095367432,
            "recall": 0.9743750095367432,
            "f1": 0.9743749595367457,
            "classification_report": {
                "chihuahua": {
                    "precision": 0.9609675645959318,
                    "recall": 0.9937464468447982,
                    "f1-score": 0.9770821688093907,
                    "support": 1759
                },
                "muffin": {
                    "precision": 0.9920347574221579,
                    "recall": 0.9507286606523248,
                    "f1-score": 0.9709425939050319,
                    "support": 1441
                },
                "micro avg": {
                    "precision": 0.974375,
                    "recall": 0.974375,
                    "f1-score": 0.974375,
                    "support": 3200
                },
                "macro avg": {
                    "precision": 0.9765011610090448,
                    "recall": 0.9722375537485615,
                    "f1-score": 0.9740123813572112,
                    "support": 3200
                },
                "weighted avg": {
                    "precision": 0.9749575098654917,
                    "recall": 0.974375,
                    "f1-score": 0.9743174414852718,
                    "support": 3200
                },
                "samples avg": {
                    "precision": 0.974375,
                    "recall": 0.974375,
                    "f1-score": 0.974375,
                    "support": 3200
                }
            }
        },
        "val": {
            "accuracy": 0.8890625238418579,
            "precision": 0.8890625238418579,
            "recall": 0.8890625238418579,
            "f1": 0.8890624738418607,
            "classification_report": {
                "chihuahua": {
                    "precision": 0.8579545454545454,
                    "recall": 0.934984520123839,
                    "f1-score": 0.8948148148148148,
                    "support": 323
                },
                "muffin": {
                    "precision": 0.9270833333333334,
                    "recall": 0.8422712933753943,
                    "f1-score": 0.8826446280991735,
                    "support": 317
                },
                "micro avg": {
                    "precision": 0.8890625,
                    "recall": 0.8890625,
                    "f1-score": 0.8890625,
                    "support": 640
                },
                "macro avg": {
                    "precision": 0.8925189393939394,
                    "recall": 0.8886279067496167,
                    "f1-score": 0.8887297214569942,
                    "support": 640
                },
                "weighted avg": {
                    "precision": 0.8921948982007576,
                    "recall": 0.8890625,
                    "f1-score": 0.8887867692072238,
                    "support": 640
                },
                "samples avg": {
                    "precision": 0.8890625,
                    "recall": 0.8890625,
                    "f1-score": 0.8890625,
                    "support": 640
                }
            }
        },
        "test": {
            "accuracy": 0.9014557600021362,
            "precision": 0.9014557600021362,
            "recall": 0.9014557600021362,
            "f1": 0.901455710002139,
            "classification_report": {
                "chihuahua": {
                    "precision": 0.8733205374280231,
                    "recall": 0.9538784067085954,
                    "f1-score": 0.9118236472945892,
                    "support": 477
                },
                "muffin": {
                    "precision": 0.9408602150537635,
                    "recall": 0.8413461538461539,
                    "f1-score": 0.8883248730964467,
                    "support": 416
                },
                "micro avg": {
                    "precision": 0.9014557670772676,
                    "recall": 0.9014557670772676,
                    "f1-score": 0.9014557670772676,
                    "support": 893
                },
                "macro avg": {
                    "precision": 0.9070903762408933,
                    "recall": 0.8976122802773746,
                    "f1-score": 0.900074260195518,
                    "support": 893
                },
                "weighted avg": {
                    "precision": 0.9047835899390062,
                    "recall": 0.9014557670772676,
                    "f1-score": 0.9008768499077725,
                    "support": 893
                },
                "samples avg": {
                    "precision": 0.9014557670772676,
                    "recall": 0.9014557670772676,
                    "f1-score": 0.9014557670772676,
                    "support": 893
                }
            }
        }
    },
    "training_history": {
        "accuracy": [
            0.6449999809265137,
            0.7840625047683716,
            0.8274999856948853,
            0.8415625095367432,
            0.8668749928474426,
            0.8734375238418579,
            0.8778125047683716,
            0.895312488079071,
            0.9006249904632568,
            0.8949999809265137,
            0.9071875214576721,
            0.9212499856948853,
            0.9296875,
            0.9334375262260437,
            0.9418749809265137,
            0.9449999928474426,
            0.9506250023841858,
            0.9546874761581421,
            0.9612500071525574,
            0.964062511920929,
            0.9565625190734863,
            0.9556249976158142,
            0.9237499833106995,
            0.9512500166893005,
            0.9596874713897705
        ],
        "loss": [
            0.6242880821228027,
            0.465266615152359,
            0.39515936374664307,
            0.35790881514549255,
            0.3170260787010193,
            0.299330472946167,
            0.28593260049819946,
            0.259899377822876,
            0.2428404688835144,
            0.24795053899288177,
            0.2275714874267578,
            0.1987760215997696,
            0.18399624526500702,
            0.17392458021640778,
            0.15992099046707153,
            0.1506708264350891,
            0.1373002678155899,
            0.12593045830726624,
            0.11276113241910934,
            0.10750041157007217,
            0.11453022062778473,
            0.12512430548667908,
            0.1858604997396469,
            0.1333172768354416,
            0.11757064610719681
        ],