{
    "name": "trial_92",
    "start_time": "2024-10-27 14:03:29.505",
    "duration": "0:05:47.064",
    "directory": "/home/krakerlu/github/ImageMLResearch/demo/chihuahua_vs_muffin/experiments/experiment_04/output/trial_92",
    "hyperparameters": {
        "normalization": "standard",
        "batch_size": 128,
        "learning_rate": 5.259118895331817e-05
    },
    "figures": {
        "training_history": "/home/krakerlu/github/ImageMLResearch/demo/chihuahua_vs_muffin/experiments/experiment_04/output/trial_92/training_history.png"
    },
    "evaluation_metrics": {
        "train": {
            "accuracy": 0.9592514634132385,
            "precision": 0.9592514634132385,
            "recall": 0.9592514634132385,
            "f1": 0.959251413413241,
            "classification_report": {
                "chihuahua": {
                    "precision": 0.9670724958494743,
                    "recall": 0.9585847504114098,
                    "f1-score": 0.9628099173553719,
                    "support": 3646
                },
                "muffin": {
                    "precision": 0.949867197875166,
                    "recall": 0.9600671140939597,
                    "f1-score": 0.9549399198931909,
                    "support": 2980
                },
                "micro avg": {
                    "precision": 0.9592514337458496,
                    "recall": 0.9592514337458496,
                    "f1-score": 0.9592514337458496,
                    "support": 6626
                },
                "macro avg": {
                    "precision": 0.9584698468623202,
                    "recall": 0.9593259322526848,
                    "f1-score": 0.9588749186242814,
                    "support": 6626
                },
                "weighted avg": {
                    "precision": 0.9593345260391154,
                    "recall": 0.9592514337458496,
                    "f1-score": 0.9592704376636576,
                    "support": 6626
                },
                "samples avg": {
                    "precision": 0.9592514337458496,
                    "recall": 0.9592514337458496,
                    "f1-score": 0.9592514337458496,
                    "support": 6626
                }
            }
        },
        "val": {
            "accuracy": 0.8504936695098877,
            "precision": 0.8504936695098877,
            "recall": 0.8504936695098877,
            "f1": 0.8504936195098906,
            "classification_report": {
                "chihuahua": {
                    "precision": 0.9571428571428572,
                    "recall": 0.7403314917127072,
                    "f1-score": 0.8348909657320872,
                    "support": 362
                },
                "muffin": {
                    "precision": 0.7808857808857809,
                    "recall": 0.9654178674351584,
                    "f1-score": 0.8634020618556701,
                    "support": 347
                },
                "micro avg": {
                    "precision": 0.8504936530324401,
                    "recall": 0.8504936530324401,
                    "f1-score": 0.8504936530324401,
                    "support": 709
                },
                "macro avg": {
                    "precision": 0.869014319014319,
                    "recall": 0.8528746795739328,
                    "f1-score": 0.8491465137938787,
                    "support": 709
                },
                "weighted avg": {
                    "precision": 0.8708788155896761,
                    "recall": 0.8504936530324401,
                    "f1-score": 0.8488449154568873,
                    "support": 709
                },
                "samples avg": {
                    "precision": 0.8504936530324401,
                    "recall": 0.8504936530324401,
                    "f1-score": 0.8504936530324401,
                    "support": 709
                }
            }
        },
        "test": {
            "accuracy": 0.8706047534942627,
            "precision": 0.8706047534942627,
            "recall": 0.8706047534942627,
            "f1": 0.8706047034942656,
            "classification_report": {
                "chihuahua": {
                    "precision": 0.9519230769230769,
                    "recall": 0.7941176470588235,
                    "f1-score": 0.8658892128279884,
                    "support": 374
                },
                "muffin": {
                    "precision": 0.8070175438596491,
                    "recall": 0.9554896142433235,
                    "f1-score": 0.875,
                    "support": 337
                },
                "micro avg": {
                    "precision": 0.870604781997187,
                    "recall": 0.870604781997187,
                    "f1-score": 0.870604781997187,
                    "support": 711
                },
                "macro avg": {
                    "precision": 0.879470310391363,
                    "recall": 0.8748036306510735,
                    "f1-score": 0.8704446064139941,
                    "support": 711
                },
                "weighted avg": {
                    "precision": 0.8832407075245183,
                    "recall": 0.870604781997187,
                    "f1-score": 0.8702075465508687,
                    "support": 711
                },
                "samples avg": {
                    "precision": 0.870604781997187,
                    "recall": 0.870604781997187,
                    "f1-score": 0.870604781997187,
                    "support": 711
                }
            }
        }
    },
    "training_history": {
        "accuracy": [
            0.7176275253295898,
            0.797766387462616,
            0.8324781060218811,
            0.8478720188140869,
            0.8724721074104309,
            0.8782070875167847,
            0.8895261287689209,
            0.9009960889816284,
            0.9074856638908386,
            0.9133715629577637,
            0.9180501103401184,
            0.9287654757499695,
            0.9296709895133972,
            0.9304255843162537,
            0.9393299221992493
        ],
        "loss": [
            0.5544058084487915,
            0.4460831582546234,
            0.3826180696487427,
            0.3576880097389221,
            0.30685076117515564,
            0.2947765588760376,
            0.27330926060676575,
            0.250266969203949,
            0.23771540820598602,
            0.21872955560684204,
            0.20843324065208435,
            0.18925292789936066,
            0.18535567820072174,
            0.18089520931243896,
            0.16085679829120636
        ],
        "val_accuracy": [
            0.7968970537185669,
            0.803949236869812,
            0.8321579694747925,
            0.8166431784629822,
            0.8335683941841125,
            0.8589562773704529,
            0.8589562773704529,
            0.8631876111030579,
            0.871650218963623,
            0.871650218963623,
            0.8589562773704529,
            0.871650218963623,
            0.8293371200561523,
            0.8843441605567932,
            0.8504936695098877
        ],
        "val_loss": [
            0.4641455411911011,
            0.43933260440826416,
            0.37335845828056335,
            0.4239881932735443,
            0.4141734540462494,
            0.3480827808380127,
            0.3624994158744812,
            0.33959218859672546,
            0.319282591342926,
            0.3169788420200348,
            0.3449493944644928,
            0.29515349864959717,
            0.40201717615127563,
            0.28851231932640076,
            0.3540363311767578
        ]
    }
}