{
    "name": "trial_55",
    "start_time": "2024-10-20 12:04:33.744",
    "duration": "33.289",
    "directory": "/home/krakerlu/github/ImageMLResearch/demo/chihuahua_vs_muffin/experiments/experiment_03/output/trial_55",
    "hyperparameters": {
        "units1": 128,
        "kernel_size1": 3,
        "units2": 64,
        "kernel_size2": 7,
        "dense_units": 256,
        "dropout_rate": 0.2645726878902979,
        "learning_rate": 0.00010340639501222415
    },
    "figures": {
        "model_summary": "/home/krakerlu/github/ImageMLResearch/demo/chihuahua_vs_muffin/experiments/experiment_03/output/trial_55/model_summary.png",
        "confusion_matrix": "/home/krakerlu/github/ImageMLResearch/demo/chihuahua_vs_muffin/experiments/experiment_03/output/trial_55/confusion_matrix.png",
        "training_history": "/home/krakerlu/github/ImageMLResearch/demo/chihuahua_vs_muffin/experiments/experiment_03/output/trial_55/training_history.png"
    },
    "evaluation_metrics": {
        "train": {
            "accuracy": 0.9609375,
            "precision": 0.9609375,
            "recall": 0.9609375,
            "f1": 0.9609374500000025,
            "classification_report": {
                "chihuahua": {
                    "precision": 0.9503858875413451,
                    "recall": 0.9801023308698124,
                    "f1-score": 0.9650153932269802,
                    "support": 1759
                },
                "muffin": {
                    "precision": 0.9747474747474747,
                    "recall": 0.9375433726578765,
                    "f1-score": 0.9557835160948002,
                    "support": 1441
                },
                "micro avg": {
                    "precision": 0.9609375,
                    "recall": 0.9609375,
                    "f1-score": 0.9609375,
                    "support": 3200
                },
                "macro avg": {
                    "precision": 0.9625666811444099,
                    "recall": 0.9588228517638444,
                    "f1-score": 0.9603994546608902,
                    "support": 3200
                },
                "weighted avg": {
                    "precision": 0.9613562147801054,
                    "recall": 0.9609375,
                    "f1-score": 0.9608581635558955,
                    "support": 3200
                },
                "samples avg": {
                    "precision": 0.9609375,
                    "recall": 0.9609375,
                    "f1-score": 0.9609375,
                    "support": 3200
                }
            }
        },
        "val": {
            "accuracy": 0.893750011920929,
            "precision": 0.893750011920929,
            "recall": 0.893750011920929,
            "f1": 0.8937499619209317,
            "classification_report": {
                "chihuahua": {
                    "precision": 0.8717201166180758,
                    "recall": 0.9256965944272446,
                    "f1-score": 0.8978978978978979,
                    "support": 323
                },
                "muffin": {
                    "precision": 0.9191919191919192,
                    "recall": 0.861198738170347,
                    "f1-score": 0.8892508143322475,
                    "support": 317
                },
                "micro avg": {
                    "precision": 0.89375,
                    "recall": 0.89375,
                    "f1-score": 0.89375,
                    "support": 640
                },
                "macro avg": {
                    "precision": 0.8954560179049975,
                    "recall": 0.8934476662987958,
                    "f1-score": 0.8935743561150726,
                    "support": 640
                },
                "weighted avg": {
                    "precision": 0.8952334938304325,
                    "recall": 0.89375,
                    "f1-score": 0.8936148893192867,
                    "support": 640
                },
                "samples avg": {
                    "precision": 0.89375,
                    "recall": 0.89375,
                    "f1-score": 0.89375,
                    "support": 640
                }
            }
        },
        "test": {
            "accuracy": 0.9048152565956116,
            "precision": 0.9048152565956116,
            "recall": 0.9048152565956116,
            "f1": 0.9048152065956143,
            "classification_report": {
                "chihuahua": {
                    "precision": 0.8828125,
                    "recall": 0.9475890985324947,
                    "f1-score": 0.9140546006066734,
                    "support": 477
                },
                "muffin": {
                    "precision": 0.9343832020997376,
                    "recall": 0.8557692307692307,
                    "f1-score": 0.8933500627352572,
                    "support": 416
                },
                "micro avg": {
                    "precision": 0.9048152295632699,
                    "recall": 0.9048152295632699,
                    "f1-score": 0.9048152295632699,
                    "support": 893
                },
                "macro avg": {
                    "precision": 0.9085978510498688,
                    "recall": 0.9016791646508627,
                    "f1-score": 0.9037023316709654,
                    "support": 893
                },
                "weighted avg": {
                    "precision": 0.90683647768588,
                    "recall": 0.9048152295632699,
                    "f1-score": 0.9044094855400338,
                    "support": 893
                },
                "samples avg": {
                    "precision": 0.9048152295632699,
                    "recall": 0.9048152295632699,
                    "f1-score": 0.9048152295632699,
                    "support": 893
                }
            }
        }
    },
    "training_history": {
        "accuracy": [
            0.6478124856948853,
            0.7581250071525574,
            0.8081250190734863,
            0.8343750238418579,
            0.8428124785423279,
            0.8650000095367432,
            0.8643749952316284,
            0.8721874952316284,
            0.8700000047683716,
            0.8931249976158142,
            0.8959375023841858,
            0.8962500095367432,
            0.9034374952316284,
            0.9053124785423279,
            0.9059374928474426,
            0.9143750071525574,
            0.9100000262260437,
            0.9146875143051147,
            0.9331250190734863,
            0.9128124713897705,
            0.9259374737739563,
            0.9346874952316284,
            0.9278125166893005,
            0.9078124761581421,
            0.9465625286102295
        ],
        "loss": [
            0.6203470826148987,
            0.5017402172088623,
            0.43747931718826294,
            0.3969963490962982,
            0.36643216013908386,
            0.3408467173576355,
            0.3314433991909027,
            0.30881237983703613,
            0.3126746714115143,
            0.26444685459136963,
            0.2611966133117676,
            0.2577819526195526,
            0.23884019255638123,
            0.2362179011106491,
            0.23433290421962738,
            0.21871787309646606,
            0.2257763296365738,
            0.2151942253112793,
            0.17937256395816803,
            0.2124643325805664,
            0.1906886249780655,
            0.17997686564922333,
            0.1858990341424942,
            0.22241543233394623,
            0.14005626738071442
        ],