{
    "name": "trial_24",
    "start_time": "2024-10-24 12:58:20.754",
    "duration": "0:05:41.696",
    "directory": "/home/krakerlu/github/ImageMLResearch/demo/chihuahua_vs_muffin/experiments/experiment_04/output/trial_24",
    "hyperparameters": {
        "normalization": "standard",
        "batch_size": 128,
        "learning_rate": 6.038010386044716e-05
    },
    "figures": {
        "training_history": "/home/krakerlu/github/ImageMLResearch/demo/chihuahua_vs_muffin/experiments/experiment_04/output/trial_24/training_history.png"
    },
    "evaluation_metrics": {
        "train": {
            "accuracy": 0.9500452876091003,
            "precision": 0.9500452876091003,
            "recall": 0.9500452876091003,
            "f1": 0.950045237609103,
            "classification_report": {
                "chihuahua": {
                    "precision": 0.9435375970029435,
                    "recall": 0.9670872188699945,
                    "f1-score": 0.9551672761749966,
                    "support": 3646
                },
                "muffin": {
                    "precision": 0.9584631360332295,
                    "recall": 0.9291946308724832,
                    "f1-score": 0.9436019764866246,
                    "support": 2980
                },
                "micro avg": {
                    "precision": 0.9500452761847268,
                    "recall": 0.9500452761847268,
                    "f1-score": 0.9500452761847268,
                    "support": 6626
                },
                "macro avg": {
                    "precision": 0.9510003665180865,
                    "recall": 0.9481409248712389,
                    "f1-score": 0.9493846263308106,
                    "support": 6626
                },
                "weighted avg": {
                    "precision": 0.9502502601949525,
                    "recall": 0.9500452761847268,
                    "f1-score": 0.9499658585668848,
                    "support": 6626
                },
                "samples avg": {
                    "precision": 0.9500452761847268,
                    "recall": 0.9500452761847268,
                    "f1-score": 0.9500452761847268,
                    "support": 6626
                }
            }
        },
        "val": {
            "accuracy": 0.8674188852310181,
            "precision": 0.8674188852310181,
            "recall": 0.8674188852310181,
            "f1": 0.8674188352310209,
            "classification_report": {
                "chihuahua": {
                    "precision": 0.9407894736842105,
                    "recall": 0.7900552486187845,
                    "f1-score": 0.8588588588588588,
                    "support": 362
                },
                "muffin": {
                    "precision": 0.8123456790123457,
                    "recall": 0.9481268011527377,
                    "f1-score": 0.875,
                    "support": 347
                },
                "micro avg": {
                    "precision": 0.8674188998589563,
                    "recall": 0.8674188998589563,
                    "f1-score": 0.8674188998589563,
                    "support": 709
                },
                "macro avg": {
                    "precision": 0.8765675763482781,
                    "recall": 0.8690910248857611,
                    "f1-score": 0.8669294294294294,
                    "support": 709
                },
                "weighted avg": {
                    "precision": 0.8779262906783754,
                    "recall": 0.8674188998589563,
                    "f1-score": 0.8667586839307573,
                    "support": 709
                },
                "samples avg": {
                    "precision": 0.8674188998589563,
                    "recall": 0.8674188998589563,
                    "f1-score": 0.8674188998589563,
                    "support": 709
                }
            }
        },
        "test": {
            "accuracy": 0.8790435791015625,
            "precision": 0.8790435791015625,
            "recall": 0.8790435791015625,
            "f1": 0.8790435291015654,
            "classification_report": {
                "chihuahua": {
                    "precision": 0.941717791411043,
                    "recall": 0.820855614973262,
                    "f1-score": 0.8771428571428571,
                    "support": 374
                },
                "muffin": {
                    "precision": 0.825974025974026,
                    "recall": 0.9436201780415431,
                    "f1-score": 0.8808864265927978,
                    "support": 337
                },
                "micro avg": {
                    "precision": 0.8790436005625879,
                    "recall": 0.8790436005625879,
                    "f1-score": 0.8790436005625879,
                    "support": 711
                },
                "macro avg": {
                    "precision": 0.8838459086925345,
                    "recall": 0.8822378965074025,
                    "f1-score": 0.8790146418678275,
                    "support": 711
                },
                "weighted avg": {
                    "precision": 0.8868575256553823,
                    "recall": 0.8790436005625879,
                    "f1-score": 0.8789172353490879,
                    "support": 711
                },
                "samples avg": {
                    "precision": 0.8790436005625879,
                    "recall": 0.8790436005625879,
                    "f1-score": 0.8790436005625879,
                    "support": 711
                }
            }
        }
    },
    "training_history": {
        "accuracy": [
            0.7146090865135193,
            0.7745246291160583,
            0.8259885311126709,
            0.8495321273803711,
            0.8670389652252197,
            0.8828855752944946,
            0.8940537571907043,
            0.8961666226387024,
            0.9059764742851257,
            0.9147298336029053,
            0.9210684895515442,
            0.923181414604187,
            0.9281617999076843,
            0.9337458610534668,
            0.9207666516304016
        ],
        "loss": [
            0.5565842390060425,
            0.48156827688217163,
            0.4006994068622589,
            0.355173259973526,
            0.3209017813205719,
            0.28979209065437317,
            0.272182434797287,
            0.2593112885951996,
            0.2346440553665161,
            0.2213907092809677,
            0.20149999856948853,
            0.198460191488266,
            0.1823425441980362,
            0.17306554317474365,
            0.1946798712015152
        ],
        "val_accuracy": [
            0.798307478427887,
            0.8236953616142273,
            0.8279266357421875,
            0.8251057863235474,
            0.8392101526260376,
            0.8547249436378479,
            0.8645980358123779,
            0.8575458526611328,
            0.8561354279518127,
            0.8420310020446777,
            0.8645980358123779,
            0.8970381021499634,
            0.9055007100105286,
            0.9012693762779236,
            0.8674188852310181
        ],
        "val_loss": [
            0.4569927752017975,
            0.4011135399341583,
            0.40273329615592957,
            0.41325682401657104,
            0.39550861716270447,
            0.34008482098579407,
            0.3138425350189209,
            0.3339177370071411,
            0.32678210735321045,
            0.35677725076675415,
            0.3178654909133911,
            0.2631455063819885,
            0.2514822483062744,
            0.25241565704345703,
            0.2971586287021637
        ]
    }
}