{
    "name": "trial_35",
    "start_time": "2024-10-20 11:53:19.891",
    "duration": "38.597",
    "directory": "/home/krakerlu/github/ImageMLResearch/demo/chihuahua_vs_muffin/experiments/experiment_03/output/trial_35",
    "hyperparameters": {
        "units1": 128,
        "kernel_size1": 3,
        "units2": 64,
        "kernel_size2": 7,
        "dense_units": 128,
        "dropout_rate": 0.14602546304919894,
        "learning_rate": 6.826021418260614e-05
    },
    "figures": {
        "model_summary": "/home/krakerlu/github/ImageMLResearch/demo/chihuahua_vs_muffin/experiments/experiment_03/output/trial_35/model_summary.png",
        "confusion_matrix": "/home/krakerlu/github/ImageMLResearch/demo/chihuahua_vs_muffin/experiments/experiment_03/output/trial_35/confusion_matrix.png",
        "training_history": "/home/krakerlu/github/ImageMLResearch/demo/chihuahua_vs_muffin/experiments/experiment_03/output/trial_35/training_history.png"
    },
    "evaluation_metrics": {
        "train": {
            "accuracy": 0.9443749785423279,
            "precision": 0.9443749785423279,
            "recall": 0.9443749785423279,
            "f1": 0.9443749285423305,
            "classification_report": {
                "chihuahua": {
                    "precision": 0.9398998330550918,
                    "recall": 0.9602046617396248,
                    "f1-score": 0.9499437570303711,
                    "support": 1759
                },
                "muffin": {
                    "precision": 0.9501069137562367,
                    "recall": 0.9250520471894518,
                    "f1-score": 0.9374120956399438,
                    "support": 1441
                },
                "micro avg": {
                    "precision": 0.944375,
                    "recall": 0.944375,
                    "f1-score": 0.944375,
                    "support": 3200
                },
                "macro avg": {
                    "precision": 0.9450033734056642,
                    "recall": 0.9426283544645383,
                    "f1-score": 0.9436779263351575,
                    "support": 3200
                },
                "weighted avg": {
                    "precision": 0.9444962090833261,
                    "recall": 0.944375,
                    "f1-score": 0.9443005932604943,
                    "support": 3200
                },
                "samples avg": {
                    "precision": 0.944375,
                    "recall": 0.944375,
                    "f1-score": 0.944375,
                    "support": 3200
                }
            }
        },
        "val": {
            "accuracy": 0.9046875238418579,
            "precision": 0.9046875238418579,
            "recall": 0.9046875238418579,
            "f1": 0.9046874738418607,
            "classification_report": {
                "chihuahua": {
                    "precision": 0.8945783132530121,
                    "recall": 0.9195046439628483,
                    "f1-score": 0.9068702290076336,
                    "support": 323
                },
                "muffin": {
                    "precision": 0.9155844155844156,
                    "recall": 0.889589905362776,
                    "f1-score": 0.9024,
                    "support": 317
                },
                "micro avg": {
                    "precision": 0.9046875,
                    "recall": 0.9046875,
                    "f1-score": 0.9046875,
                    "support": 640
                },
                "macro avg": {
                    "precision": 0.9050813644187139,
                    "recall": 0.9045472746628122,
                    "f1-score": 0.9046351145038167,
                    "support": 640
                },
                "weighted avg": {
                    "precision": 0.9049828983140354,
                    "recall": 0.9046875,
                    "f1-score": 0.90465606870229,
                    "support": 640
                },
                "samples avg": {
                    "precision": 0.9046875,
                    "recall": 0.9046875,
                    "f1-score": 0.9046875,
                    "support": 640
                }
            }
        },
        "test": {
            "accuracy": 0.9048152565956116,
            "precision": 0.9048152565956116,
            "recall": 0.9048152565956116,
            "f1": 0.9048152065956143,
            "classification_report": {
                "chihuahua": {
                    "precision": 0.8888888888888888,
                    "recall": 0.939203354297694,
                    "f1-score": 0.9133537206931702,
                    "support": 477
                },
                "muffin": {
                    "precision": 0.9254498714652957,
                    "recall": 0.8653846153846154,
                    "f1-score": 0.8944099378881988,
                    "support": 416
                },
                "micro avg": {
                    "precision": 0.9048152295632699,
                    "recall": 0.9048152295632699,
                    "f1-score": 0.9048152295632699,
                    "support": 893
                },
                "macro avg": {
                    "precision": 0.9071693801770923,
                    "recall": 0.9022939848411546,
                    "f1-score": 0.9038818292906845,
                    "support": 893
                },
                "weighted avg": {
                    "precision": 0.9059206568080213,
                    "recall": 0.9048152295632699,
                    "f1-score": 0.9045288453887266,
                    "support": 893
                },
                "samples avg": {
                    "precision": 0.9048152295632699,
                    "recall": 0.9048152295632699,
                    "f1-score": 0.9048152295632699,
                    "support": 893
                }
            }
        }
    },
    "training_history": {
        "accuracy": [
            0.6349999904632568,
            0.7459375262260437,
            0.7846875190734863,
            0.8153125047683716,
            0.8321874737739563,
            0.8393750190734863,
            0.8559374809265137,
            0.8634374737739563,
            0.8662499785423279,
            0.8793749809265137,
            0.8793749809265137,
            0.8843749761581421,
            0.8931249976158142,
            0.895312488079071,
            0.901562511920929,
            0.9012500047683716,
            0.9065625071525574,
            0.9118750095367432,
            0.9159374833106995,
            0.9206249713897705,
            0.9240624904632568,
            0.9256250262260437,
            0.9315624833106995,
            0.9393749833106995,
            0.940625011920929
        ],
        "loss": [
            0.6365157961845398,
            0.5218454003334045,
            0.4609988331794739,
            0.4134887456893921,
            0.3905368447303772,
            0.38041573762893677,
            0.34248000383377075,
            0.33038708567619324,
            0.32018181681632996,
            0.30028215050697327,
            0.2873821258544922,
            0.285681813955307,
            0.26493600010871887,
            0.2545820474624634,
            0.25105589628219604,
            0.24364417791366577,
            0.2306535691022873,
            0.21892797946929932,
            0.21164530515670776,
            0.20383012294769287,
            0.1952894926071167,
            0.19287478923797607,
            0.18080566823482513,
            0.16613443195819855,
            0.16393700242042542
        ],