{
    "name": "trial_71",
    "start_time": "2024-10-23 08:48:46.194",
    "duration": "20.842",
    "directory": "/home/krakerlu/github/ImageMLResearch/demo/chihuahua_vs_muffin/experiments/experiment_05/output/trial_71",
    "hyperparameters": {
        "dense_units": 512,
        "dropout_rate": 0.20404534679600567,
        "learning_rate": 1.65588951200883e-05
    },
    "figures": {
        "model_summary": "/home/krakerlu/github/ImageMLResearch/demo/chihuahua_vs_muffin/experiments/experiment_05/output/trial_71/model_summary.png",
        "confusion_matrix": "/home/krakerlu/github/ImageMLResearch/demo/chihuahua_vs_muffin/experiments/experiment_05/output/trial_71/confusion_matrix.png",
        "training_history": "/home/krakerlu/github/ImageMLResearch/demo/chihuahua_vs_muffin/experiments/experiment_05/output/trial_71/training_history.png"
    },
    "evaluation_metrics": {
        "train": {
            "accuracy": 0.9943749904632568,
            "precision": 0.9943749904632568,
            "recall": 0.9943749904632568,
            "f1": 0.9943749404632594,
            "classification_report": {
                "chihuahua": {
                    "precision": 0.9932011331444759,
                    "recall": 0.9965889710062535,
                    "f1-score": 0.9948921679909194,
                    "support": 1759
                },
                "muffin": {
                    "precision": 0.9958188153310105,
                    "recall": 0.9916724496877168,
                    "f1-score": 0.9937413073713491,
                    "support": 1441
                },
                "micro avg": {
                    "precision": 0.994375,
                    "recall": 0.994375,
                    "f1-score": 0.994375,
                    "support": 3200
                },
                "macro avg": {
                    "precision": 0.9945099742377432,
                    "recall": 0.9941307103469852,
                    "f1-score": 0.9943167376811343,
                    "support": 3200
                },
                "weighted avg": {
                    "precision": 0.9943799081540997,
                    "recall": 0.994375,
                    "f1-score": 0.9943739210681691,
                    "support": 3200
                },
                "samples avg": {
                    "precision": 0.994375,
                    "recall": 0.994375,
                    "f1-score": 0.994375,
                    "support": 3200
                }
            }
        },
        "val": {
            "accuracy": 0.9859374761581421,
            "precision": 0.9859374761581421,
            "recall": 0.9859374761581421,
            "f1": 0.9859374261581446,
            "classification_report": {
                "chihuahua": {
                    "precision": 0.9845679012345679,
                    "recall": 0.9876160990712074,
                    "f1-score": 0.9860896445131375,
                    "support": 323
                },
                "muffin": {
                    "precision": 0.9873417721518988,
                    "recall": 0.9842271293375394,
                    "f1-score": 0.985781990521327,
                    "support": 317
                },
                "micro avg": {
                    "precision": 0.9859375,
                    "recall": 0.9859375,
                    "f1-score": 0.9859375,
                    "support": 640
                },
                "macro avg": {
                    "precision": 0.9859548366932334,
                    "recall": 0.9859216142043734,
                    "f1-score": 0.9859358175172322,
                    "support": 640
                },
                "weighted avg": {
                    "precision": 0.9859418341733084,
                    "recall": 0.9859375,
                    "f1-score": 0.9859372596453188,
                    "support": 640
                },
                "samples avg": {
                    "precision": 0.9859375,
                    "recall": 0.9859375,
                    "f1-score": 0.9859375,
                    "support": 640
                }
            }
        },
        "test": {
            "accuracy": 0.9820828437805176,
            "precision": 0.9820828437805176,
            "recall": 0.9820828437805176,
            "f1": 0.9820827937805201,
            "classification_report": {
                "chihuahua": {
                    "precision": 0.9792099792099792,
                    "recall": 0.9874213836477987,
                    "f1-score": 0.9832985386221295,
                    "support": 477
                },
                "muffin": {
                    "precision": 0.9854368932038835,
                    "recall": 0.9759615384615384,
                    "f1-score": 0.9806763285024155,
                    "support": 416
                },
                "micro avg": {
                    "precision": 0.9820828667413214,
                    "recall": 0.9820828667413214,
                    "f1-score": 0.9820828667413214,
                    "support": 893
                },
                "macro avg": {
                    "precision": 0.9823234362069313,
                    "recall": 0.9816914610546685,
                    "f1-score": 0.9819874335622725,
                    "support": 893
                },
                "weighted avg": {
                    "precision": 0.982110758853276,
                    "recall": 0.9820828667413214,
                    "f1-score": 0.9820769939303029,
                    "support": 893
                },
                "samples avg": {
                    "precision": 0.9820828667413214,
                    "recall": 0.9820828667413214,
                    "f1-score": 0.9820828667413214,
                    "support": 893
                }
            }
        }
    },
    "training_history": {
        "accuracy": [
            0.6850000023841858,
            0.8787500262260437,
            0.9434375166893005,
            0.9553124904632568,
            0.9681249856948853,
            0.9706249833106995,
            0.9728124737739563,
            0.9762499928474426,
            0.9787499904632568,
            0.9806249737739563,
            0.9821875095367432,
            0.9834374785423279,
            0.9846875071525574,
            0.9856250286102295,
            0.9853125214576721,
            0.9834374785423279,
            0.9871875047683716,
            0.9887499809265137,
            0.987500011920929,
            0.9900000095367432,
            0.9909374713897705,
            0.9900000095367432,
            0.9921875,
            0.9928125143051147,
            0.9915624856948853
        ],
        "loss": [
            0.6006508469581604,
            0.3008158802986145,
            0.19151338934898376,
            0.14571380615234375,
            0.11340860277414322,
            0.10224760323762894,
            0.08908882737159729,
            0.08031988143920898,
            0.07129691541194916,
            0.06238703802227974,
            0.06101134791970253,
            0.05529342219233513,
            0.053063612431287766,
            0.05154373124241829,
            0.04846281558275223,
            0.04609047248959541,
            0.04320301488041878,
            0.04066474363207817,
            0.03890277445316315,
            0.034424591809511185,
            0.03455142676830292,
            0.03219733387231827,
            0.03051251731812954,
            0.027854448184370995,
            0.030286433175206184
        ],