{
    "name": "trial_68",
    "start_time": "2024-10-20 12:11:38.449",
    "duration": "29.435",
    "directory": "/home/krakerlu/github/ImageMLResearch/demo/chihuahua_vs_muffin/experiments/experiment_03/output/trial_68",
    "hyperparameters": {
        "units1": 128,
        "kernel_size1": 3,
        "units2": 64,
        "kernel_size2": 5,
        "dense_units": 128,
        "dropout_rate": 0.13109653104502805,
        "learning_rate": 8.754733467486343e-05
    },
    "figures": {
        "model_summary": "/home/krakerlu/github/ImageMLResearch/demo/chihuahua_vs_muffin/experiments/experiment_03/output/trial_68/model_summary.png",
        "confusion_matrix": "/home/krakerlu/github/ImageMLResearch/demo/chihuahua_vs_muffin/experiments/experiment_03/output/trial_68/confusion_matrix.png",
        "training_history": "/home/krakerlu/github/ImageMLResearch/demo/chihuahua_vs_muffin/experiments/experiment_03/output/trial_68/training_history.png"
    },
    "evaluation_metrics": {
        "train": {
            "accuracy": 0.9103124737739563,
            "precision": 0.9103124737739563,
            "recall": 0.9103124737739563,
            "f1": 0.910312423773959,
            "classification_report": {
                "chihuahua": {
                    "precision": 0.9785435630689207,
                    "recall": 0.8555997725980671,
                    "f1-score": 0.9129511677282378,
                    "support": 1759
                },
                "muffin": {
                    "precision": 0.8471720818291215,
                    "recall": 0.9770992366412213,
                    "f1-score": 0.9075088623912343,
                    "support": 1441
                },
                "micro avg": {
                    "precision": 0.9103125,
                    "recall": 0.9103125,
                    "f1-score": 0.9103125,
                    "support": 3200
                },
                "macro avg": {
                    "precision": 0.9128578224490211,
                    "recall": 0.9163495046196442,
                    "f1-score": 0.910230015059736,
                    "support": 3200
                },
                "weighted avg": {
                    "precision": 0.9193853429231237,
                    "recall": 0.9103125,
                    "f1-score": 0.9105004296061685,
                    "support": 3200
                },
                "samples avg": {
                    "precision": 0.9103125,
                    "recall": 0.9103125,
                    "f1-score": 0.9103125,
                    "support": 3200
                }
            }
        },
        "val": {
            "accuracy": 0.879687488079071,
            "precision": 0.879687488079071,
            "recall": 0.879687488079071,
            "f1": 0.8796874380790739,
            "classification_report": {
                "chihuahua": {
                    "precision": 0.9392857142857143,
                    "recall": 0.8142414860681114,
                    "f1-score": 0.8723051409618574,
                    "support": 323
                },
                "muffin": {
                    "precision": 0.8333333333333334,
                    "recall": 0.9463722397476341,
                    "f1-score": 0.8862629246676514,
                    "support": 317
                },
                "micro avg": {
                    "precision": 0.8796875,
                    "recall": 0.8796875,
                    "f1-score": 0.8796875,
                    "support": 640
                },
                "macro avg": {
                    "precision": 0.8863095238095238,
                    "recall": 0.8803068629078727,
                    "f1-score": 0.8792840328147544,
                    "support": 640
                },
                "weighted avg": {
                    "precision": 0.8868061755952382,
                    "recall": 0.8796875,
                    "f1-score": 0.8792186057036335,
                    "support": 640
                },
                "samples avg": {
                    "precision": 0.8796875,
                    "recall": 0.8796875,
                    "f1-score": 0.8796875,
                    "support": 640
                }
            }
        },
        "test": {
            "accuracy": 0.8880178928375244,
            "precision": 0.8880178928375244,
            "recall": 0.8880178928375244,
            "f1": 0.8880178428375272,
            "classification_report": {
                "chihuahua": {
                    "precision": 0.9393939393939394,
                    "recall": 0.8448637316561844,
                    "f1-score": 0.8896247240618101,
                    "support": 477
                },
                "muffin": {
                    "precision": 0.8405172413793104,
                    "recall": 0.9375,
                    "f1-score": 0.8863636363636364,
                    "support": 416
                },
                "micro avg": {
                    "precision": 0.8880179171332587,
                    "recall": 0.8880179171332587,
                    "f1-score": 0.8880179171332587,
                    "support": 893
                },
                "macro avg": {
                    "precision": 0.889955590386625,
                    "recall": 0.8911818658280922,
                    "f1-score": 0.8879941802127232,
                    "support": 893
                },
                "weighted avg": {
                    "precision": 0.8933326780567774,
                    "recall": 0.8880179171332587,
                    "f1-score": 0.8881055611475435,
                    "support": 893
                },
                "samples avg": {
                    "precision": 0.8880179171332587,
                    "recall": 0.8880179171332587,
                    "f1-score": 0.8880179171332587,
                    "support": 893
                }
            }
        }
    },
    "training_history": {
        "accuracy": [
            0.6156250238418579,
            0.7428125143051147,
            0.7853124737739563,
            0.8149999976158142,
            0.8378124833106995,
            0.8518750071525574,
            0.8565624952316284,
            0.8609374761581421,
            0.8762500286102295,
            0.8740624785423279,
            0.8759375214576721,
            0.8896874785423279,
            0.8921874761581421,
            0.9006249904632568,
            0.9028124809265137,
            0.9090625047683716,
            0.9071875214576721,
            0.9134374856948853,
            0.9240624904632568,
            0.9200000166893005,
            0.926562488079071,
            0.9203125238418579,
            0.9271875023841858,
            0.9353125095367432,
            0.9368749856948853
        ],
        "loss": [
            0.6457715630531311,
            0.5210926532745361,
            0.4601428508758545,
            0.412275493144989,
            0.37369346618652344,
            0.35099542140960693,
            0.3324549198150635,
            0.329352468252182,
            0.3004988729953766,
            0.2974131107330322,
            0.2947216331958771,
            0.2725326418876648,
            0.2655433714389801,
            0.24919141829013824,
            0.24403737485408783,
            0.23237460851669312,
            0.2269783765077591,
            0.22033877670764923,
            0.20586928725242615,
            0.20216922461986542,
            0.1937216967344284,
            0.2006567120552063,
            0.1909342259168625,
            0.17118820548057556,
            0.17151793837547302
        ],