{
    "name": "trial_13",
    "start_time": "2024-10-24 11:55:06.896",
    "duration": "0:05:41.707",
    "directory": "/home/krakerlu/github/ImageMLResearch/demo/chihuahua_vs_muffin/experiments/experiment_04/output/trial_13",
    "hyperparameters": {
        "normalization": "standard",
        "batch_size": 128,
        "learning_rate": 9.819422880680574e-05
    },
    "figures": {
        "training_history": "/home/krakerlu/github/ImageMLResearch/demo/chihuahua_vs_muffin/experiments/experiment_04/output/trial_13/training_history.png"
    },
    "evaluation_metrics": {
        "train": {
            "accuracy": 0.9797766208648682,
            "precision": 0.9797766208648682,
            "recall": 0.9797766208648682,
            "f1": 0.9797765708648707,
            "classification_report": {
                "chihuahua": {
                    "precision": 0.9861572535991141,
                    "recall": 0.9769610532089962,
                    "f1-score": 0.981537613667677,
                    "support": 3646
                },
                "muffin": {
                    "precision": 0.9721300597213006,
                    "recall": 0.9832214765100671,
                    "f1-score": 0.9776443109776443,
                    "support": 2980
                },
                "micro avg": {
                    "precision": 0.9797766374886809,
                    "recall": 0.9797766374886809,
                    "f1-score": 0.9797766374886809,
                    "support": 6626
                },
                "macro avg": {
                    "precision": 0.9791436566602074,
                    "recall": 0.9800912648595317,
                    "f1-score": 0.9795909623226606,
                    "support": 6626
                },
                "weighted avg": {
                    "precision": 0.9798486152417516,
                    "recall": 0.9797766374886809,
                    "f1-score": 0.9797866263425491,
                    "support": 6626
                },
                "samples avg": {
                    "precision": 0.9797766374886809,
                    "recall": 0.9797766374886809,
                    "f1-score": 0.9797766374886809,
                    "support": 6626
                }
            }
        },
        "val": {
            "accuracy": 0.8519040942192078,
            "precision": 0.8519040942192078,
            "recall": 0.8519040942192078,
            "f1": 0.8519040442192106,
            "classification_report": {
                "chihuahua": {
                    "precision": 0.9540636042402827,
                    "recall": 0.7458563535911602,
                    "f1-score": 0.8372093023255814,
                    "support": 362
                },
                "muffin": {
                    "precision": 0.784037558685446,
                    "recall": 0.962536023054755,
                    "f1-score": 0.8641655886157826,
                    "support": 347
                },
                "micro avg": {
                    "precision": 0.8519040902679831,
                    "recall": 0.8519040902679831,
                    "f1-score": 0.8519040902679831,
                    "support": 709
                },
                "macro avg": {
                    "precision": 0.8690505814628644,
                    "recall": 0.8541961883229576,
                    "f1-score": 0.8506874454706821,
                    "support": 709
                },
                "weighted avg": {
                    "precision": 0.8708491644553344,
                    "recall": 0.8519040902679831,
                    "f1-score": 0.8504022943463146,
                    "support": 709
                },
                "samples avg": {
                    "precision": 0.8519040902679831,
                    "recall": 0.8519040902679831,
                    "f1-score": 0.8519040902679831,
                    "support": 709
                }
            }
        },
        "test": {
            "accuracy": 0.8509141802787781,
            "precision": 0.8509141802787781,
            "recall": 0.8509141802787781,
            "f1": 0.8509141302787809,
            "classification_report": {
                "chihuahua": {
                    "precision": 0.9407894736842105,
                    "recall": 0.7647058823529411,
                    "f1-score": 0.8436578171091446,
                    "support": 374
                },
                "muffin": {
                    "precision": 0.7837837837837838,
                    "recall": 0.9465875370919882,
                    "f1-score": 0.8575268817204301,
                    "support": 337
                },
                "micro avg": {
                    "precision": 0.8509142053445851,
                    "recall": 0.8509142053445851,
                    "f1-score": 0.8509142053445851,
                    "support": 711
                },
                "macro avg": {
                    "precision": 0.8622866287339972,
                    "recall": 0.8556467097224647,
                    "f1-score": 0.8505923494147873,
                    "support": 711
                },
                "weighted avg": {
                    "precision": 0.8663718682039802,
                    "recall": 0.8509142053445851,
                    "f1-score": 0.8502314806450141,
                    "support": 711
                },
                "samples avg": {
                    "precision": 0.8509142053445851,
                    "recall": 0.8509142053445851,
                    "f1-score": 0.8509142053445851,
                    "support": 711
                }
            }
        }
    },
    "training_history": {
        "accuracy": [
            0.7112888693809509,
            0.7822215557098389,
            0.8250830173492432,
            0.8593419790267944,
            0.8786598443984985,
            0.8976758122444153,
            0.9160881638526917,
            0.923181414604187,
            0.9302746653556824,
            0.9414427876472473,
            0.9485360980033875,
            0.9515544772148132,
            0.9578931331634521,
            0.9473286867141724,
            0.9234832525253296
        ],
        "loss": [
            0.5477893948554993,
            0.4647998809814453,
            0.39505961537361145,
            0.34073832631111145,
            0.2866707146167755,
            0.25170108675956726,
            0.21752171218395233,
            0.19847850501537323,
            0.17860381305217743,
            0.15250705182552338,
            0.1356581449508667,
            0.12392818927764893,
            0.11491981893777847,
            0.1306680142879486,
            0.18694926798343658
        ],
        "val_accuracy": [
            0.7870239615440369,
            0.8208744525909424,
            0.8476727604866028,
            0.8476727604866028,
            0.8307475447654724,
            0.8363893032073975,
            0.8645980358123779,
            0.871650218963623,
            0.8801128268241882,
            0.8363893032073975,
            0.8688293099403381,
            0.8575458526611328,
            0.8744710683822632,
            0.8829337358474731,
            0.8519040942192078
        ],
        "val_loss": [
            0.46057838201522827,
            0.40068408846855164,
            0.36186662316322327,
            0.36682838201522827,
            0.41672584414482117,
            0.42668387293815613,
            0.35889387130737305,
            0.31899482011795044,
            0.32872137427330017,
            0.45880135893821716,
            0.3932698667049408,
            0.42374566197395325,
            0.34167322516441345,
            0.3003215789794922,
            0.3629843294620514
        ]
    }
}