{
    "name": "trial_23",
    "start_time": "2024-10-17 15:52:46.242",
    "duration": "09.768",
    "directory": "/home/krakerlu/github/ImageMLResearch/demo/chihuahua_vs_muffin/experiments/experiment_02/output/trial_23",
    "hyperparameters": {
        "units1": 32,
        "kernel_size1": 3,
        "units2": 128,
        "kernel_size2": 7,
        "units3": 64,
        "learning_rate": 0.00048805555424876064
    },
    "figures": {
        "model_summary": "/home/krakerlu/github/ImageMLResearch/demo/chihuahua_vs_muffin/experiments/experiment_02/output/trial_23/model_summary.png",
        "confusion_matrix": "/home/krakerlu/github/ImageMLResearch/demo/chihuahua_vs_muffin/experiments/experiment_02/output/trial_23/confusion_matrix.png",
        "training_history": "/home/krakerlu/github/ImageMLResearch/demo/chihuahua_vs_muffin/experiments/experiment_02/output/trial_23/training_history.png"
    },
    "evaluation_metrics": {
        "train": {
            "accuracy": 0.6237499713897705,
            "precision": 0.6237499713897705,
            "recall": 0.6237499713897705,
            "f1": 0.6237499213897745,
            "classification_report": {
                "chihuahua": {
                    "precision": 0.59760816039395,
                    "recall": 0.9658897100625355,
                    "f1-score": 0.738374619730552,
                    "support": 1759
                },
                "muffin": {
                    "precision": 0.8319327731092437,
                    "recall": 0.20610687022900764,
                    "f1-score": 0.3303670745272525,
                    "support": 1441
                },
                "micro avg": {
                    "precision": 0.62375,
                    "recall": 0.62375,
                    "f1-score": 0.62375,
                    "support": 3200
                },
                "macro avg": {
                    "precision": 0.7147704667515968,
                    "recall": 0.5859982901457716,
                    "f1-score": 0.5343708471289023,
                    "support": 3200
                },
                "weighted avg": {
                    "precision": 0.7031274625573057,
                    "recall": 0.62375,
                    "f1-score": 0.5546437220311912,
                    "support": 3200
                },
                "samples avg": {
                    "precision": 0.62375,
                    "recall": 0.62375,
                    "f1-score": 0.62375,
                    "support": 3200
                }
            }
        },
        "val": {
            "accuracy": 0.574999988079071,
            "precision": 0.574999988079071,
            "recall": 0.574999988079071,
            "f1": 0.5749999380790753,
            "classification_report": {
                "chihuahua": {
                    "precision": 0.5457809694793537,
                    "recall": 0.9411764705882353,
                    "f1-score": 0.6909090909090909,
                    "support": 323
                },
                "muffin": {
                    "precision": 0.7710843373493976,
                    "recall": 0.20189274447949526,
                    "f1-score": 0.32,
                    "support": 317
                },
                "micro avg": {
                    "precision": 0.575,
                    "recall": 0.575,
                    "f1-score": 0.575,
                    "support": 640
                },
                "macro avg": {
                    "precision": 0.6584326534143756,
                    "recall": 0.5715346075338653,
                    "f1-score": 0.5054545454545455,
                    "support": 640
                },
                "weighted avg": {
                    "precision": 0.6573765438774849,
                    "recall": 0.575,
                    "f1-score": 0.5071931818181818,
                    "support": 640
                },
                "samples avg": {
                    "precision": 0.575,
                    "recall": 0.575,
                    "f1-score": 0.575,
                    "support": 640
                }
            }
        },
        "test": {
            "accuracy": 0.6024636030197144,
            "precision": 0.6024636030197144,
            "recall": 0.6024636030197144,
            "f1": 0.6024635530197184,
            "classification_report": {
                "chihuahua": {
                    "precision": 0.5782051282051283,
                    "recall": 0.9454926624737946,
                    "f1-score": 0.7175815433571997,
                    "support": 477
                },
                "muffin": {
                    "precision": 0.7699115044247787,
                    "recall": 0.2091346153846154,
                    "f1-score": 0.32892249527410206,
                    "support": 416
                },
                "micro avg": {
                    "precision": 0.6024636058230683,
                    "recall": 0.6024636058230683,
                    "f1-score": 0.6024636058230683,
                    "support": 893
                },
                "macro avg": {
                    "precision": 0.6740583163149535,
                    "recall": 0.577313638929205,
                    "f1-score": 0.5232520193156509,
                    "support": 893
                },
                "weighted avg": {
                    "precision": 0.6675106741260404,
                    "recall": 0.6024636058230683,
                    "f1-score": 0.5365264884831027,
                    "support": 893
                },
                "samples avg": {
                    "precision": 0.6024636058230683,
                    "recall": 0.6024636058230683,
                    "f1-score": 0.6024636058230683,
                    "support": 893
                }
            }
        }
    },
    "training_history": {
        "accuracy": [
            0.5637500286102295,
            0.7403125166893005,
            0.8215625286102295,
            0.8543750047683716
        ],
        "loss": [
            0.8148207664489746,
            0.5355088710784912,
            0.40055161714553833,
            0.3350299000740051
        ],
        "val_accuracy": [
            0.574999988079071,
            0.7906249761581421,
            0.8421875238418579,
            0.870312511920929
        ],
        "val_loss": [
            0.6612362861633301,
            0.4581330716609955,
            0.3888707160949707,
            0.33411839604377747
        ]
    }
}