{
    "name": "trial_2",
    "start_time": "2024-10-17 15:49:28.317",
    "duration": "09.081",
    "directory": "/home/krakerlu/github/ImageMLResearch/demo/chihuahua_vs_muffin/experiments/experiment_02/output/trial_2",
    "hyperparameters": {
        "units1": 64,
        "kernel_size1": 7,
        "units2": 64,
        "kernel_size2": 5,
        "units3": 256,
        "learning_rate": 4.0433209401555656e-05
    },
    "figures": {
        "model_summary": "/home/krakerlu/github/ImageMLResearch/demo/chihuahua_vs_muffin/experiments/experiment_02/output/trial_2/model_summary.png",
        "confusion_matrix": "/home/krakerlu/github/ImageMLResearch/demo/chihuahua_vs_muffin/experiments/experiment_02/output/trial_2/confusion_matrix.png",
        "training_history": "/home/krakerlu/github/ImageMLResearch/demo/chihuahua_vs_muffin/experiments/experiment_02/output/trial_2/training_history.png"
    },
    "evaluation_metrics": {
        "train": {
            "accuracy": 0.7371875047683716,
            "precision": 0.7371875047683716,
            "recall": 0.7371875047683716,
            "f1": 0.737187454768375,
            "classification_report": {
                "chihuahua": {
                    "precision": 0.7677946324387398,
                    "recall": 0.748152359295054,
                    "f1-score": 0.7578462424416931,
                    "support": 1759
                },
                "muffin": {
                    "precision": 0.7018842530282638,
                    "recall": 0.7238029146426093,
                    "f1-score": 0.7126750939528528,
                    "support": 1441
                },
                "micro avg": {
                    "precision": 0.7371875,
                    "recall": 0.7371875,
                    "f1-score": 0.7371875,
                    "support": 3200
                },
                "macro avg": {
                    "precision": 0.7348394427335019,
                    "recall": 0.7359776369688316,
                    "f1-score": 0.7352606681972729,
                    "support": 3200
                },
                "weighted avg": {
                    "precision": 0.7381143647104598,
                    "recall": 0.7371875,
                    "f1-score": 0.7375051096378121,
                    "support": 3200
                },
                "samples avg": {
                    "precision": 0.7371875,
                    "recall": 0.7371875,
                    "f1-score": 0.7371875,
                    "support": 3200
                }
            }
        },
        "val": {
            "accuracy": 0.6968749761581421,
            "precision": 0.6968749761581421,
            "recall": 0.6968749761581421,
            "f1": 0.6968749261581456,
            "classification_report": {
                "chihuahua": {
                    "precision": 0.6972477064220184,
                    "recall": 0.7058823529411765,
                    "f1-score": 0.7015384615384616,
                    "support": 323
                },
                "muffin": {
                    "precision": 0.6964856230031949,
                    "recall": 0.6876971608832808,
                    "f1-score": 0.692063492063492,
                    "support": 317
                },
                "micro avg": {
                    "precision": 0.696875,
                    "recall": 0.696875,
                    "f1-score": 0.696875,
                    "support": 640
                },
                "macro avg": {
                    "precision": 0.6968666647126067,
                    "recall": 0.6967897569122287,
                    "f1-score": 0.6968009768009769,
                    "support": 640
                },
                "weighted avg": {
                    "precision": 0.6968702369786324,
                    "recall": 0.6968750000000001,
                    "f1-score": 0.6968453907203906,
                    "support": 640
                },
                "samples avg": {
                    "precision": 0.696875,
                    "recall": 0.696875,
                    "f1-score": 0.696875,
                    "support": 640
                }
            }
        },
        "test": {
            "accuracy": 0.7122060656547546,
            "precision": 0.7122060656547546,
            "recall": 0.7122060656547546,
            "f1": 0.7122060156547582,
            "classification_report": {
                "chihuahua": {
                    "precision": 0.7477477477477478,
                    "recall": 0.6960167714884696,
                    "f1-score": 0.7209554831704669,
                    "support": 477
                },
                "muffin": {
                    "precision": 0.6770601336302895,
                    "recall": 0.7307692307692307,
                    "f1-score": 0.7028901734104046,
                    "support": 416
                },
                "micro avg": {
                    "precision": 0.7122060470324748,
                    "recall": 0.7122060470324748,
                    "f1-score": 0.7122060470324748,
                    "support": 893
                },
                "macro avg": {
                    "precision": 0.7124039406890186,
                    "recall": 0.7133930011288502,
                    "f1-score": 0.7119228282904357,
                    "support": 893
                },
                "weighted avg": {
                    "precision": 0.7148182432988534,
                    "recall": 0.7122060470324748,
                    "f1-score": 0.712539840549878,
                    "support": 893
                },
                "samples avg": {
                    "precision": 0.7122060470324748,
                    "recall": 0.7122060470324748,
                    "f1-score": 0.7122060470324748,
                    "support": 893
                }
            }
        }
    },
    "training_history": {
        "accuracy": [
            0.6100000143051147,
            0.75,
            0.7959374785423279,
            0.8212500214576721
        ],
        "loss": [
            0.6655716896057129,
            0.5275253653526306,
            0.45459601283073425,
            0.4066755771636963
        ],
        "val_accuracy": [
            0.6968749761581421,
            0.7406250238418579,
            0.8031250238418579,
            0.8218749761581421
        ],
        "val_loss": [
            0.5973048806190491,
            0.5170159339904785,
            0.4529268145561218,
            0.4107535779476166
        ]
    }
}