{
    "name": "trial_2",
    "start_time": "2024-10-20 11:38:38.652",
    "duration": "36.979",
    "directory": "/home/krakerlu/github/ImageMLResearch/demo/chihuahua_vs_muffin/experiments/experiment_03/output/trial_2",
    "hyperparameters": {
        "units1": 128,
        "kernel_size1": 7,
        "units2": 16,
        "kernel_size2": 7,
        "dense_units": 512,
        "dropout_rate": 0.18092229453422404,
        "learning_rate": 3.026831279306953e-05
    },
    "figures": {
        "model_summary": "/home/krakerlu/github/ImageMLResearch/demo/chihuahua_vs_muffin/experiments/experiment_03/output/trial_2/model_summary.png",
        "confusion_matrix": "/home/krakerlu/github/ImageMLResearch/demo/chihuahua_vs_muffin/experiments/experiment_03/output/trial_2/confusion_matrix.png",
        "training_history": "/home/krakerlu/github/ImageMLResearch/demo/chihuahua_vs_muffin/experiments/experiment_03/output/trial_2/training_history.png"
    },
    "evaluation_metrics": {
        "train": {
            "accuracy": 0.8778125047683716,
            "precision": 0.8778125047683716,
            "recall": 0.8778125047683716,
            "f1": 0.8778124547683744,
            "classification_report": {
                "chihuahua": {
                    "precision": 0.8533057851239669,
                    "recall": 0.939169982944855,
                    "f1-score": 0.8941813261163735,
                    "support": 1759
                },
                "muffin": {
                    "precision": 0.9153481012658228,
                    "recall": 0.8029146426092991,
                    "f1-score": 0.855452865064695,
                    "support": 1441
                },
                "micro avg": {
                    "precision": 0.8778125,
                    "recall": 0.8778125,
                    "f1-score": 0.8778125,
                    "support": 3200
                },
                "macro avg": {
                    "precision": 0.8843269431948948,
                    "recall": 0.871042312777077,
                    "f1-score": 0.8748170955905342,
                    "support": 3200
                },
                "weighted avg": {
                    "precision": 0.8812442156115964,
                    "recall": 0.8778125,
                    "f1-score": 0.8767414159990394,
                    "support": 3200
                },
                "samples avg": {
                    "precision": 0.8778125,
                    "recall": 0.8778125,
                    "f1-score": 0.8778125,
                    "support": 3200
                }
            }
        },
        "val": {
            "accuracy": 0.856249988079071,
            "precision": 0.856249988079071,
            "recall": 0.856249988079071,
            "f1": 0.8562499380790739,
            "classification_report": {
                "chihuahua": {
                    "precision": 0.8217270194986073,
                    "recall": 0.913312693498452,
                    "f1-score": 0.8651026392961877,
                    "support": 323
                },
                "muffin": {
                    "precision": 0.900355871886121,
                    "recall": 0.7981072555205048,
                    "f1-score": 0.8461538461538461,
                    "support": 317
                },
                "micro avg": {
                    "precision": 0.85625,
                    "recall": 0.85625,
                    "f1-score": 0.85625,
                    "support": 640
                },
                "macro avg": {
                    "precision": 0.8610414456923641,
                    "recall": 0.8557099745094784,
                    "f1-score": 0.8556282427250169,
                    "support": 640
                },
                "weighted avg": {
                    "precision": 0.8606728729467978,
                    "recall": 0.85625,
                    "f1-score": 0.8557170651928716,
                    "support": 640
                },
                "samples avg": {
                    "precision": 0.85625,
                    "recall": 0.85625,
                    "f1-score": 0.85625,
                    "support": 640
                }
            }
        },
        "test": {
            "accuracy": 0.8600224256515503,
            "precision": 0.8600224256515503,
            "recall": 0.8600224256515503,
            "f1": 0.8600223756515532,
            "classification_report": {
                "chihuahua": {
                    "precision": 0.8247232472324724,
                    "recall": 0.9371069182389937,
                    "f1-score": 0.8773307163886163,
                    "support": 477
                },
                "muffin": {
                    "precision": 0.9145299145299145,
                    "recall": 0.7716346153846154,
                    "f1-score": 0.8370273794002607,
                    "support": 416
                },
                "micro avg": {
                    "precision": 0.8600223964165733,
                    "recall": 0.8600223964165733,
                    "f1-score": 0.8600223964165733,
                    "support": 893
                },
                "macro avg": {
                    "precision": 0.8696265808811934,
                    "recall": 0.8543707668118046,
                    "f1-score": 0.8571790478944386,
                    "support": 893
                },
                "weighted avg": {
                    "precision": 0.8665592758951107,
                    "recall": 0.8600223964165733,
                    "f1-score": 0.8585555896392815,
                    "support": 893
                },
                "samples avg": {
                    "precision": 0.8600223964165733,
                    "recall": 0.8600223964165733,
                    "f1-score": 0.8600223964165733,
                    "support": 893
                }
            }
        }
    },
    "training_history": {
        "accuracy": [
            0.5743749737739563,
            0.6968749761581421,
            0.7518749833106995,
            0.7759374976158142,
            0.7928125262260437,
            0.7996875047683716,
            0.8128125071525574,
            0.8224999904632568,
            0.823437511920929,
            0.8293750286102295,
            0.8371875286102295,
            0.8443750143051147,
            0.8378124833106995,
            0.8431249856948853,
            0.8453124761581421,
            0.8506249785423279,
            0.8571875095367432,
            0.8496875166893005,
            0.8609374761581421,
            0.8671875,
            0.8725000023841858,
            0.870312511920929,
            0.8715624809265137,
            0.8771874904632568,
            0.8818749785423279
        ],
        "loss": [
            0.6788336038589478,
            0.6080771684646606,
            0.5196763277053833,
            0.483831524848938,
            0.4597972631454468,
            0.4491729438304901,
            0.42818382382392883,
            0.4114719033241272,
            0.4136579930782318,
            0.39585980772972107,
            0.38501763343811035,
            0.3779193162918091,
            0.37534385919570923,
            0.36684679985046387,
            0.36233803629875183,
            0.3518627882003784,
            0.3466074466705322,
            0.3471318781375885,
            0.3318663537502289,
            0.32477128505706787,
            0.31912052631378174,
            0.3137131631374359,
            0.30539122223854065,
            0.30066871643066406,
            0.2932625710964203
        ],