{
    "name": "trial_7",
    "start_time": "2024-10-26 19:31:06.009",
    "duration": "0:05:47.644",
    "directory": "/home/krakerlu/github/ImageMLResearch/demo/chihuahua_vs_muffin/experiments/experiment_04/output/trial_7",
    "hyperparameters": {
        "normalization": "standard",
        "batch_size": 128,
        "learning_rate": 7.101980406624568e-05
    },
    "figures": {
        "training_history": "/home/krakerlu/github/ImageMLResearch/demo/chihuahua_vs_muffin/experiments/experiment_04/output/trial_7/training_history.png"
    },
    "evaluation_metrics": {
        "train": {
            "accuracy": 0.96589195728302,
            "precision": 0.96589195728302,
            "recall": 0.96589195728302,
            "f1": 0.9658919072830225,
            "classification_report": {
                "chihuahua": {
                    "precision": 0.9747362576346474,
                    "recall": 0.9629731212287438,
                    "f1-score": 0.9688189845474614,
                    "support": 3646
                },
                "muffin": {
                    "precision": 0.9553571428571429,
                    "recall": 0.9694630872483222,
                    "f1-score": 0.9623584277148568,
                    "support": 2980
                },
                "micro avg": {
                    "precision": 0.9658919408391187,
                    "recall": 0.9658919408391187,
                    "f1-score": 0.9658919408391187,
                    "support": 6626
                },
                "macro avg": {
                    "precision": 0.9650467002458951,
                    "recall": 0.9662181042385329,
                    "f1-score": 0.9655887061311591,
                    "support": 6626
                },
                "weighted avg": {
                    "precision": 0.9660206279882598,
                    "recall": 0.9658919408391187,
                    "f1-score": 0.9659133915258553,
                    "support": 6626
                },
                "samples avg": {
                    "precision": 0.9658919408391187,
                    "recall": 0.9658919408391187,
                    "f1-score": 0.9658919408391187,
                    "support": 6626
                }
            }
        },
        "val": {
            "accuracy": 0.8575458526611328,
            "precision": 0.8575458526611328,
            "recall": 0.8575458526611328,
            "f1": 0.8575458026611357,
            "classification_report": {
                "chihuahua": {
                    "precision": 0.9393939393939394,
                    "recall": 0.7707182320441989,
                    "f1-score": 0.8467374810318664,
                    "support": 362
                },
                "muffin": {
                    "precision": 0.7985436893203883,
                    "recall": 0.9481268011527377,
                    "f1-score": 0.8669301712779973,
                    "support": 347
                },
                "micro avg": {
                    "precision": 0.8575458392101551,
                    "recall": 0.8575458392101551,
                    "f1-score": 0.8575458392101551,
                    "support": 709
                },
                "macro avg": {
                    "precision": 0.8689688143571639,
                    "recall": 0.8594225165984684,
                    "f1-score": 0.8568338261549319,
                    "support": 709
                },
                "weighted avg": {
                    "precision": 0.8704587676372085,
                    "recall": 0.8575458392101551,
                    "f1-score": 0.856620222238365,
                    "support": 709
                },
                "samples avg": {
                    "precision": 0.8575458392101551,
                    "recall": 0.8575458392101551,
                    "f1-score": 0.8575458392101551,
                    "support": 709
                }
            }
        },
        "test": {
            "accuracy": 0.8621659874916077,
            "precision": 0.8621659874916077,
            "recall": 0.8621659874916077,
            "f1": 0.8621659374916105,
            "classification_report": {
                "chihuahua": {
                    "precision": 0.9509803921568627,
                    "recall": 0.7780748663101604,
                    "f1-score": 0.8558823529411764,
                    "support": 374
                },
                "muffin": {
                    "precision": 0.7950617283950617,
                    "recall": 0.9554896142433235,
                    "f1-score": 0.8679245283018868,
                    "support": 337
                },
                "micro avg": {
                    "precision": 0.8621659634317862,
                    "recall": 0.8621659634317862,
                    "f1-score": 0.8621659634317862,
                    "support": 711
                },
                "macro avg": {
                    "precision": 0.8730210602759623,
                    "recall": 0.866782240276742,
                    "f1-score": 0.8619034406215316,
                    "support": 711
                },
                "weighted avg": {
                    "precision": 0.8770780156621695,
                    "recall": 0.8621659634317862,
                    "f1-score": 0.8615901069447761,
                    "support": 711
                },
                "samples avg": {
                    "precision": 0.8621659634317862,
                    "recall": 0.8621659634317862,
                    "f1-score": 0.8621659634317862,
                    "support": 711
                }
            }
        }
    },
    "training_history": {
        "accuracy": [
            0.7087231874465942,
            0.7761847376823425,
            0.8163295984268188,
            0.83881676197052,
            0.8715665340423584,
            0.8868095278739929,
            0.8943555951118469,
            0.903410792350769,
            0.913522481918335,
            0.9230304956436157,
            0.9191065430641174,
            0.9157863259315491,
            0.9311801791191101,
            0.9428010582923889,
            0.9538183212280273
        ],
        "loss": [
            0.5569552779197693,
            0.4732999801635742,
            0.4271166920661926,
            0.3771438002586365,
            0.3189340829849243,
            0.28673097491264343,
            0.2645314335823059,
            0.24438458681106567,
            0.2224738597869873,
            0.20497779548168182,
            0.21246105432510376,
            0.20665088295936584,
            0.18134629726409912,
            0.15022437274456024,
            0.13103057444095612
        ],
        "val_accuracy": [
            0.7912552952766418,
            0.8236953616142273,
            0.8448519110679626,
            0.8490832448005676,
            0.8222849369049072,
            0.8025388121604919,
            0.8194640278816223,
            0.8772919774055481,
            0.8815232515335083,
            0.8956276178359985,
            0.8998589515686035,
            0.8476727604866028,
            0.8462623357772827,
            0.8561354279518127,
            0.8575458526611328
        ],
        "val_loss": [
            0.45346182584762573,
            0.3942745327949524,
            0.36140522360801697,
            0.3575974106788635,
            0.42299798130989075,
            0.4665021300315857,
            0.4241941571235657,
            0.29193779826164246,
            0.2777450382709503,
            0.25940176844596863,
            0.2631334364414215,
            0.3877226412296295,
            0.40659257769584656,
            0.3791685402393341,
            0.36353349685668945
        ]
    }
}