{
    "name": "trial_88",
    "start_time": "2024-10-23 08:55:22.448",
    "duration": "21.151",
    "directory": "/home/krakerlu/github/ImageMLResearch/demo/chihuahua_vs_muffin/experiments/experiment_05/output/trial_88",
    "hyperparameters": {
        "dense_units": 512,
        "dropout_rate": 0.37132090000481177,
        "learning_rate": 3.177687855006244e-05
    },
    "figures": {
        "model_summary": "/home/krakerlu/github/ImageMLResearch/demo/chihuahua_vs_muffin/experiments/experiment_05/output/trial_88/model_summary.png",
        "confusion_matrix": "/home/krakerlu/github/ImageMLResearch/demo/chihuahua_vs_muffin/experiments/experiment_05/output/trial_88/confusion_matrix.png",
        "training_history": "/home/krakerlu/github/ImageMLResearch/demo/chihuahua_vs_muffin/experiments/experiment_05/output/trial_88/training_history.png"
    },
    "evaluation_metrics": {
        "train": {
            "accuracy": 0.9987499713897705,
            "precision": 0.9987499713897705,
            "recall": 0.9987499713897705,
            "f1": 0.998749921389773,
            "classification_report": {
                "chihuahua": {
                    "precision": 0.9982964224872232,
                    "recall": 0.9994314951677089,
                    "f1-score": 0.9988636363636364,
                    "support": 1759
                },
                "muffin": {
                    "precision": 0.9993050729673384,
                    "recall": 0.9979181124219292,
                    "f1-score": 0.9986111111111111,
                    "support": 1441
                },
                "micro avg": {
                    "precision": 0.99875,
                    "recall": 0.99875,
                    "f1-score": 0.99875,
                    "support": 3200
                },
                "macro avg": {
                    "precision": 0.9988007477272808,
                    "recall": 0.998674803794819,
                    "f1-score": 0.9987373737373737,
                    "support": 3200
                },
                "weighted avg": {
                    "precision": 0.9987506304065501,
                    "recall": 0.99875,
                    "f1-score": 0.9987499210858587,
                    "support": 3200
                },
                "samples avg": {
                    "precision": 0.99875,
                    "recall": 0.99875,
                    "f1-score": 0.99875,
                    "support": 3200
                }
            }
        },
        "val": {
            "accuracy": 0.987500011920929,
            "precision": 0.987500011920929,
            "recall": 0.987500011920929,
            "f1": 0.9874999619209315,
            "classification_report": {
                "chihuahua": {
                    "precision": 0.9906542056074766,
                    "recall": 0.9845201238390093,
                    "f1-score": 0.9875776397515528,
                    "support": 323
                },
                "muffin": {
                    "precision": 0.9843260188087775,
                    "recall": 0.9905362776025236,
                    "f1-score": 0.9874213836477987,
                    "support": 317
                },
                "micro avg": {
                    "precision": 0.9875,
                    "recall": 0.9875,
                    "f1-score": 0.9875,
                    "support": 640
                },
                "macro avg": {
                    "precision": 0.987490112208127,
                    "recall": 0.9875282007207664,
                    "f1-score": 0.9874995116996758,
                    "support": 640
                },
                "weighted avg": {
                    "precision": 0.9875197755837458,
                    "recall": 0.9875,
                    "f1-score": 0.9875002441501621,
                    "support": 640
                },
                "samples avg": {
                    "precision": 0.9875,
                    "recall": 0.9875,
                    "f1-score": 0.9875,
                    "support": 640
                }
            }
        },
        "test": {
            "accuracy": 0.9820828437805176,
            "precision": 0.9820828437805176,
            "recall": 0.9820828437805176,
            "f1": 0.9820827937805201,
            "classification_report": {
                "chihuahua": {
                    "precision": 0.9792099792099792,
                    "recall": 0.9874213836477987,
                    "f1-score": 0.9832985386221295,
                    "support": 477
                },
                "muffin": {
                    "precision": 0.9854368932038835,
                    "recall": 0.9759615384615384,
                    "f1-score": 0.9806763285024155,
                    "support": 416
                },
                "micro avg": {
                    "precision": 0.9820828667413214,
                    "recall": 0.9820828667413214,
                    "f1-score": 0.9820828667413214,
                    "support": 893
                },
                "macro avg": {
                    "precision": 0.9823234362069313,
                    "recall": 0.9816914610546685,
                    "f1-score": 0.9819874335622725,
                    "support": 893
                },
                "weighted avg": {
                    "precision": 0.982110758853276,
                    "recall": 0.9820828667413214,
                    "f1-score": 0.9820769939303029,
                    "support": 893
                },
                "samples avg": {
                    "precision": 0.9820828667413214,
                    "recall": 0.9820828667413214,
                    "f1-score": 0.9820828667413214,
                    "support": 893
                }
            }
        }
    },
    "training_history": {
        "accuracy": [
            0.7134374976158142,
            0.9225000143051147,
            0.956250011920929,
            0.9659374952316284,
            0.9768750071525574,
            0.9790624976158142,
            0.9803125262260437,
            0.9865624904632568,
            0.9846875071525574,
            0.9871875047683716,
            0.9850000143051147,
            0.9893749952316284,
            0.9903125166893005,
            0.9918749928474426,
            0.9900000095367432,
            0.9915624856948853,
            0.9931250214576721,
            0.9918749928474426,
            0.9931250214576721,
            0.9934375286102295,
            0.9940624833106995,
            0.9928125143051147,
            0.9934375286102295,
            0.9946874976158142,
            0.996874988079071
        ],
        "loss": [
            0.5813451409339905,
            0.22038131952285767,
            0.13370496034622192,
            0.09916564077138901,
            0.07790160924196243,
            0.06941577047109604,
            0.06456495076417923,
            0.05342903733253479,
            0.04836137592792511,
            0.0445685014128685,
            0.04294941574335098,
            0.0373615063726902,
            0.03252413868904114,
            0.03218108043074608,
            0.03408348560333252,
            0.028585312888026237,
            0.025934765115380287,
            0.023094387724995613,
            0.022499365732073784,
            0.022158818319439888,
            0.021724430844187737,
            0.021124782040715218,
            0.02057698182761669,
            0.01865573413670063,
            0.0155751658603549
        ],