{
    "name": "trial_33",
    "start_time": "2024-10-23 08:34:22.247",
    "duration": "20.776",
    "directory": "/home/krakerlu/github/ImageMLResearch/demo/chihuahua_vs_muffin/experiments/experiment_05/output/trial_33",
    "hyperparameters": {
        "dense_units": 512,
        "dropout_rate": 0.2180607039962844,
        "learning_rate": 5.267201197600086e-05
    },
    "figures": {
        "model_summary": "/home/krakerlu/github/ImageMLResearch/demo/chihuahua_vs_muffin/experiments/experiment_05/output/trial_33/model_summary.png",
        "confusion_matrix": "/home/krakerlu/github/ImageMLResearch/demo/chihuahua_vs_muffin/experiments/experiment_05/output/trial_33/confusion_matrix.png",
        "training_history": "/home/krakerlu/github/ImageMLResearch/demo/chihuahua_vs_muffin/experiments/experiment_05/output/trial_33/training_history.png"
    },
    "evaluation_metrics": {
        "train": {
            "accuracy": 0.9996874928474426,
            "precision": 0.9996874928474426,
            "recall": 0.9996874928474426,
            "f1": 0.9996874428474452,
            "classification_report": {
                "chihuahua": {
                    "precision": 1.0,
                    "recall": 0.9994314951677089,
                    "f1-score": 0.9997156667614444,
                    "support": 1759
                },
                "muffin": {
                    "precision": 0.9993065187239945,
                    "recall": 1.0,
                    "f1-score": 0.9996531390912244,
                    "support": 1441
                },
                "micro avg": {
                    "precision": 0.9996875,
                    "recall": 0.9996875,
                    "f1-score": 0.9996875,
                    "support": 3200
                },
                "macro avg": {
                    "precision": 0.9996532593619972,
                    "recall": 0.9997157475838545,
                    "f1-score": 0.9996844029263344,
                    "support": 3200
                },
                "weighted avg": {
                    "precision": 0.9996877167128987,
                    "recall": 0.9996875,
                    "f1-score": 0.9996875097699484,
                    "support": 3200
                },
                "samples avg": {
                    "precision": 0.9996875,
                    "recall": 0.9996875,
                    "f1-score": 0.9996875,
                    "support": 3200
                }
            }
        },
        "val": {
            "accuracy": 0.987500011920929,
            "precision": 0.987500011920929,
            "recall": 0.987500011920929,
            "f1": 0.9874999619209315,
            "classification_report": {
                "chihuahua": {
                    "precision": 0.9876160990712074,
                    "recall": 0.9876160990712074,
                    "f1-score": 0.9876160990712074,
                    "support": 323
                },
                "muffin": {
                    "precision": 0.9873817034700315,
                    "recall": 0.9873817034700315,
                    "f1-score": 0.9873817034700315,
                    "support": 317
                },
                "micro avg": {
                    "precision": 0.9875,
                    "recall": 0.9875,
                    "f1-score": 0.9875,
                    "support": 640
                },
                "macro avg": {
                    "precision": 0.9874989012706195,
                    "recall": 0.9874989012706195,
                    "f1-score": 0.9874989012706195,
                    "support": 640
                },
                "weighted avg": {
                    "precision": 0.9875,
                    "recall": 0.9875,
                    "f1-score": 0.9875,
                    "support": 640
                },
                "samples avg": {
                    "precision": 0.9875,
                    "recall": 0.9875,
                    "f1-score": 0.9875,
                    "support": 640
                }
            }
        },
        "test": {
            "accuracy": 0.9888017773628235,
            "precision": 0.9888017773628235,
            "recall": 0.9888017773628235,
            "f1": 0.988801727362826,
            "classification_report": {
                "chihuahua": {
                    "precision": 0.989517819706499,
                    "recall": 0.989517819706499,
                    "f1-score": 0.989517819706499,
                    "support": 477
                },
                "muffin": {
                    "precision": 0.9879807692307693,
                    "recall": 0.9879807692307693,
                    "f1-score": 0.9879807692307693,
                    "support": 416
                },
                "micro avg": {
                    "precision": 0.9888017917133258,
                    "recall": 0.9888017917133258,
                    "f1-score": 0.9888017917133258,
                    "support": 893
                },
                "macro avg": {
                    "precision": 0.9887492944686341,
                    "recall": 0.9887492944686341,
                    "f1-score": 0.9887492944686341,
                    "support": 893
                },
                "weighted avg": {
                    "precision": 0.9888017917133258,
                    "recall": 0.9888017917133258,
                    "f1-score": 0.9888017917133258,
                    "support": 893
                },
                "samples avg": {
                    "precision": 0.9888017917133258,
                    "recall": 0.9888017917133258,
                    "f1-score": 0.9888017917133258,
                    "support": 893
                }
            }
        }
    },
    "training_history": {
        "accuracy": [
            0.7653124928474426,
            0.9665625095367432,
            0.979687511920929,
            0.9834374785423279,
            0.9850000143051147,
            0.9896875023841858,
            0.9896875023841858,
            0.9906250238418579,
            0.9937499761581421,
            0.9959375262260437,
            0.9943749904632568,
            0.9971874952316284,
            0.9962499737739563,
            0.9984375238418579,
            0.9981250166893005,
            0.9981250166893005,
            0.9996874928474426,
            0.9987499713897705,
            0.9987499713897705,
            0.9993749856948853,
            0.9984375238418579,
            0.9993749856948853,
            0.9996874928474426,
            0.9996874928474426,
            1.0
        ],
        "loss": [
            0.470011830329895,
            0.10749908536672592,
            0.0684560015797615,
            0.05632617324590683,
            0.04630160331726074,
            0.0364566370844841,
            0.03389617055654526,
            0.029867878183722496,
            0.023742293938994408,
            0.021246561780571938,
            0.02070232480764389,
            0.01786205731332302,
            0.016364172101020813,
            0.013970854692161083,
            0.013095926493406296,
            0.012798604555428028,
            0.010253838263452053,
            0.01044657826423645,
            0.008648037910461426,
            0.0075107235461473465,
            0.008960616774857044,
            0.007586794905364513,
            0.006643861066550016,
            0.006007290445268154,
            0.005913606844842434
        ],