{
    "name": "trial_19",
    "start_time": "2024-10-20 11:46:17.751",
    "duration": "25.226",
    "directory": "/home/krakerlu/github/ImageMLResearch/demo/chihuahua_vs_muffin/experiments/experiment_03/output/trial_19",
    "hyperparameters": {
        "units1": 128,
        "kernel_size1": 3,
        "units2": 64,
        "kernel_size2": 3,
        "dense_units": 256,
        "dropout_rate": 0.04303270956003625,
        "learning_rate": 1.9288492323532306e-05
    },
    "figures": {
        "model_summary": "/home/krakerlu/github/ImageMLResearch/demo/chihuahua_vs_muffin/experiments/experiment_03/output/trial_19/model_summary.png",
        "confusion_matrix": "/home/krakerlu/github/ImageMLResearch/demo/chihuahua_vs_muffin/experiments/experiment_03/output/trial_19/confusion_matrix.png",
        "training_history": "/home/krakerlu/github/ImageMLResearch/demo/chihuahua_vs_muffin/experiments/experiment_03/output/trial_19/training_history.png"
    },
    "evaluation_metrics": {
        "train": {
            "accuracy": 0.901562511920929,
            "precision": 0.901562511920929,
            "recall": 0.901562511920929,
            "f1": 0.9015624619209317,
            "classification_report": {
                "chihuahua": {
                    "precision": 0.8928182807399347,
                    "recall": 0.9329164297896532,
                    "f1-score": 0.9124270225187656,
                    "support": 1759
                },
                "muffin": {
                    "precision": 0.9133627019089574,
                    "recall": 0.8632893823733518,
                    "f1-score": 0.8876204067070995,
                    "support": 1441
                },
                "micro avg": {
                    "precision": 0.9015625,
                    "recall": 0.9015625,
                    "f1-score": 0.9015625,
                    "support": 3200
                },
                "macro avg": {
                    "precision": 0.9030904913244461,
                    "recall": 0.8981029060815025,
                    "f1-score": 0.9000237146129326,
                    "support": 3200
                },
                "weighted avg": {
                    "precision": 0.9020696903976102,
                    "recall": 0.9015625,
                    "f1-score": 0.9012562933360746,
                    "support": 3200
                },
                "samples avg": {
                    "precision": 0.9015625,
                    "recall": 0.9015625,
                    "f1-score": 0.9015625,
                    "support": 3200
                }
            }
        },
        "val": {
            "accuracy": 0.890625,
            "precision": 0.890625,
            "recall": 0.890625,
            "f1": 0.8906249500000027,
            "classification_report": {
                "chihuahua": {
                    "precision": 0.8688046647230321,
                    "recall": 0.9226006191950464,
                    "f1-score": 0.8948948948948949,
                    "support": 323
                },
                "muffin": {
                    "precision": 0.9158249158249159,
                    "recall": 0.8580441640378549,
                    "f1-score": 0.8859934853420195,
                    "support": 317
                },
                "micro avg": {
                    "precision": 0.890625,
                    "recall": 0.890625,
                    "f1-score": 0.890625,
                    "support": 640
                },
                "macro avg": {
                    "precision": 0.892314790273974,
                    "recall": 0.8903223916164507,
                    "f1-score": 0.8904441901184572,
                    "support": 640
                },
                "weighted avg": {
                    "precision": 0.8920943828469339,
                    "recall": 0.890625,
                    "f1-score": 0.8904859154757363,
                    "support": 640
                },
                "samples avg": {
                    "precision": 0.890625,
                    "recall": 0.890625,
                    "f1-score": 0.890625,
                    "support": 640
                }
            }
        },
        "test": {
            "accuracy": 0.8734602332115173,
            "precision": 0.8734602332115173,
            "recall": 0.8734602332115173,
            "f1": 0.8734601832115202,
            "classification_report": {
                "chihuahua": {
                    "precision": 0.8596837944664032,
                    "recall": 0.9119496855345912,
                    "f1-score": 0.8850457782299085,
                    "support": 477
                },
                "muffin": {
                    "precision": 0.8914728682170543,
                    "recall": 0.8293269230769231,
                    "f1-score": 0.8592777085927771,
                    "support": 416
                },
                "micro avg": {
                    "precision": 0.8734602463605823,
                    "recall": 0.8734602463605823,
                    "f1-score": 0.8734602463605823,
                    "support": 893
                },
                "macro avg": {
                    "precision": 0.8755783313417287,
                    "recall": 0.8706383043057572,
                    "f1-score": 0.8721617434113428,
                    "support": 893
                },
                "weighted avg": {
                    "precision": 0.8744925903009729,
                    "recall": 0.8734602463605823,
                    "f1-score": 0.8730418398547163,
                    "support": 893
                },
                "samples avg": {
                    "precision": 0.8734602463605823,
                    "recall": 0.8734602463605823,
                    "f1-score": 0.8734602463605823,
                    "support": 893
                }
            }
        }
    },
    "training_history": {
        "accuracy": [
            0.5659375190734863,
            0.6628124713897705,
            0.7231249809265137,
            0.745312511920929,
            0.7659375071525574,
            0.7865625023841858,
            0.7987499833106995,
            0.8087499737739563,
            0.8209375143051147,
            0.828125,
            0.8362500071525574,
            0.8431249856948853,
            0.8443750143051147,
            0.8534374833106995,
            0.8581249713897705,
            0.8662499785423279,
            0.8728125095367432,
            0.8734375238418579,
            0.8809375166893005,
            0.8784375190734863,
            0.8840625286102295,
            0.8865625262260437,
            0.8924999833106995,
            0.8890625238418579,
            0.8921874761581421
        ],
        "loss": [
            0.6784621477127075,
            0.6446943879127502,
            0.5908904075622559,
            0.5416114330291748,
            0.5061529278755188,
            0.47748348116874695,
            0.4521285891532898,
            0.4301110804080963,
            0.4107123911380768,
            0.393092542886734,
            0.37919020652770996,
            0.3667644262313843,
            0.3521852195262909,
            0.34171903133392334,
            0.33017513155937195,
            0.3215480446815491,
            0.313093900680542,
            0.30556830763816833,
            0.3013978600502014,
            0.29382988810539246,
            0.2871900200843811,
            0.28074562549591064,
            0.2736409306526184,
            0.2705300450325012,
            0.26643913984298706
        ],