{
    "name": "trial_34",
    "start_time": "2024-10-24 13:55:50.007",
    "duration": "0:05:43.490",
    "directory": "/home/krakerlu/github/ImageMLResearch/demo/chihuahua_vs_muffin/experiments/experiment_04/output/trial_34",
    "hyperparameters": {
        "normalization": "standard",
        "batch_size": 128,
        "learning_rate": 5.940230058742866e-05
    },
    "figures": {
        "training_history": "/home/krakerlu/github/ImageMLResearch/demo/chihuahua_vs_muffin/experiments/experiment_04/output/trial_34/training_history.png"
    },
    "evaluation_metrics": {
        "train": {
            "accuracy": 0.9141261577606201,
            "precision": 0.9141261577606201,
            "recall": 0.9141261577606201,
            "f1": 0.9141261077606229,
            "classification_report": {
                "chihuahua": {
                    "precision": 0.8697428502763759,
                    "recall": 0.9925946242457487,
                    "f1-score": 0.9271166901498655,
                    "support": 3646
                },
                "muffin": {
                    "precision": 0.9890466531440162,
                    "recall": 0.8181208053691276,
                    "f1-score": 0.8955004591368227,
                    "support": 2980
                },
                "micro avg": {
                    "precision": 0.9141261696347721,
                    "recall": 0.9141261696347721,
                    "f1-score": 0.9141261696347721,
                    "support": 6626
                },
                "macro avg": {
                    "precision": 0.929394751710196,
                    "recall": 0.9053577148074381,
                    "f1-score": 0.9113085746433441,
                    "support": 6626
                },
                "weighted avg": {
                    "precision": 0.9233989523810496,
                    "recall": 0.9141261696347721,
                    "f1-score": 0.9128974978137855,
                    "support": 6626
                },
                "samples avg": {
                    "precision": 0.9141261696347721,
                    "recall": 0.9141261696347721,
                    "f1-score": 0.9141261696347721,
                    "support": 6626
                }
            }
        },
        "val": {
            "accuracy": 0.8984485268592834,
            "precision": 0.8984485268592834,
            "recall": 0.8984485268592834,
            "f1": 0.8984484768592862,
            "classification_report": {
                "chihuahua": {
                    "precision": 0.9215116279069767,
                    "recall": 0.8756906077348067,
                    "f1-score": 0.8980169971671388,
                    "support": 362
                },
                "muffin": {
                    "precision": 0.8767123287671232,
                    "recall": 0.9221902017291066,
                    "f1-score": 0.898876404494382,
                    "support": 347
                },
                "micro avg": {
                    "precision": 0.8984485190409027,
                    "recall": 0.8984485190409027,
                    "f1-score": 0.8984485190409027,
                    "support": 709
                },
                "macro avg": {
                    "precision": 0.89911197833705,
                    "recall": 0.8989404047319567,
                    "f1-score": 0.8984467008307604,
                    "support": 709
                },
                "weighted avg": {
                    "precision": 0.8995858778342981,
                    "recall": 0.8984485190409027,
                    "f1-score": 0.898437609780049,
                    "support": 709
                },
                "samples avg": {
                    "precision": 0.8984485190409027,
                    "recall": 0.8984485190409027,
                    "f1-score": 0.8984485190409027,
                    "support": 709
                }
            }
        },
        "test": {
            "accuracy": 0.9071729779243469,
            "precision": 0.9071729779243469,
            "recall": 0.9071729779243469,
            "f1": 0.9071729279243497,
            "classification_report": {
                "chihuahua": {
                    "precision": 0.9184782608695652,
                    "recall": 0.9037433155080213,
                    "f1-score": 0.9110512129380054,
                    "support": 374
                },
                "muffin": {
                    "precision": 0.8950437317784257,
                    "recall": 0.9109792284866469,
                    "f1-score": 0.9029411764705882,
                    "support": 337
                },
                "micro avg": {
                    "precision": 0.9071729957805907,
                    "recall": 0.9071729957805907,
                    "f1-score": 0.9071729957805907,
                    "support": 711
                },
                "macro avg": {
                    "precision": 0.9067609963239954,
                    "recall": 0.9073612719973341,
                    "f1-score": 0.9069961947042968,
                    "support": 711
                },
                "weighted avg": {
                    "precision": 0.9073707555197564,
                    "recall": 0.9071729957805907,
                    "f1-score": 0.9072072153437444,
                    "support": 711
                },
                "samples avg": {
                    "precision": 0.9071729957805907,
                    "recall": 0.9071729957805907,
                    "f1-score": 0.9071729957805907,
                    "support": 711
                }
            }
        }
    },
    "training_history": {
        "accuracy": [
            0.6891035437583923,
            0.7692424058914185,
            0.8007847666740417,
            0.8274977207183838,
            0.8493812084197998,
            0.8738303780555725,
            0.8871113657951355,
            0.893751859664917,
            0.9041653871536255,
            0.9064292311668396,
            0.9147298336029053,
            0.9254451990127563,
            0.9296709895133972,
            0.9340476989746094,
            0.9376698136329651
        ],
        "loss": [
            0.5741776823997498,
            0.4885023534297943,
            0.43842747807502747,
            0.39829978346824646,
            0.3592528700828552,
            0.31072190403938293,
            0.28099799156188965,
            0.25973570346832275,
            0.24254004657268524,
            0.22863847017288208,
            0.21796837449073792,
            0.19490650296211243,
            0.18393738567829132,
            0.17076542973518372,
            0.16162443161010742
        ],
        "val_accuracy": [
            0.7870239615440369,
            0.8124118447303772,
            0.8363893032073975,
            0.8392101526260376,
            0.8265162110328674,
            0.8377997279167175,
            0.8349788188934326,
            0.8476727604866028,
            0.8462623357772827,
            0.8406205773353577,
            0.8772919774055481,
            0.8645980358123779,
            0.870239794254303,
            0.8871650099754333,
            0.8984485268592834
        ],
        "val_loss": [
            0.478168785572052,
            0.41486653685569763,
            0.37027639150619507,
            0.3707970976829529,
            0.42081084847450256,
            0.4094492197036743,
            0.42874646186828613,
            0.3825171887874603,
            0.40947023034095764,
            0.4049566686153412,
            0.292651504278183,
            0.34364810585975647,
            0.31967785954475403,
            0.278713196516037,
            0.270073801279068
        ]
    }
}