{
    "name": "trial_16",
    "start_time": "2024-10-20 11:45:05.758",
    "duration": "22.981",
    "directory": "/home/krakerlu/github/ImageMLResearch/demo/chihuahua_vs_muffin/experiments/experiment_03/output/trial_16",
    "hyperparameters": {
        "units1": 64,
        "kernel_size1": 5,
        "units2": 64,
        "kernel_size2": 5,
        "dense_units": 512,
        "dropout_rate": 0.4354897051769737,
        "learning_rate": 0.00036409835704126833
    },
    "figures": {
        "model_summary": "/home/krakerlu/github/ImageMLResearch/demo/chihuahua_vs_muffin/experiments/experiment_03/output/trial_16/model_summary.png",
        "confusion_matrix": "/home/krakerlu/github/ImageMLResearch/demo/chihuahua_vs_muffin/experiments/experiment_03/output/trial_16/confusion_matrix.png",
        "training_history": "/home/krakerlu/github/ImageMLResearch/demo/chihuahua_vs_muffin/experiments/experiment_03/output/trial_16/training_history.png"
    },
    "evaluation_metrics": {
        "train": {
            "accuracy": 0.9871875047683716,
            "precision": 0.9871875047683716,
            "recall": 0.9871875047683716,
            "f1": 0.9871874547683741,
            "classification_report": {
                "chihuahua": {
                    "precision": 0.9782850779510023,
                    "recall": 0.9988629903354178,
                    "f1-score": 0.9884669479606188,
                    "support": 1759
                },
                "muffin": {
                    "precision": 0.9985754985754985,
                    "recall": 0.9729354614850798,
                    "f1-score": 0.9855887521968365,
                    "support": 1441
                },
                "micro avg": {
                    "precision": 0.9871875,
                    "recall": 0.9871875,
                    "f1-score": 0.9871875,
                    "support": 3200
                },
                "macro avg": {
                    "precision": 0.9884302882632504,
                    "recall": 0.9858992259102488,
                    "f1-score": 0.9870278500787277,
                    "support": 3200
                },
                "weighted avg": {
                    "precision": 0.9874221079884709,
                    "recall": 0.9871875,
                    "f1-score": 0.9871708604307406,
                    "support": 3200
                },
                "samples avg": {
                    "precision": 0.9871875,
                    "recall": 0.9871875,
                    "f1-score": 0.9871875,
                    "support": 3200
                }
            }
        },
        "val": {
            "accuracy": 0.870312511920929,
            "precision": 0.870312511920929,
            "recall": 0.870312511920929,
            "f1": 0.8703124619209318,
            "classification_report": {
                "chihuahua": {
                    "precision": 0.8243243243243243,
                    "recall": 0.9442724458204335,
                    "f1-score": 0.8802308802308803,
                    "support": 323
                },
                "muffin": {
                    "precision": 0.9333333333333333,
                    "recall": 0.7949526813880127,
                    "f1-score": 0.858603066439523,
                    "support": 317
                },
                "micro avg": {
                    "precision": 0.8703125,
                    "recall": 0.8703125,
                    "f1-score": 0.8703125,
                    "support": 640
                },
                "macro avg": {
                    "precision": 0.8788288288288288,
                    "recall": 0.8696125636042231,
                    "f1-score": 0.8694169733352016,
                    "support": 640
                },
                "weighted avg": {
                    "precision": 0.8783178490990992,
                    "recall": 0.8703125,
                    "f1-score": 0.8695183537123488,
                    "support": 640
                },
                "samples avg": {
                    "precision": 0.8703125,
                    "recall": 0.8703125,
                    "f1-score": 0.8703125,
                    "support": 640
                }
            }
        },
        "test": {
            "accuracy": 0.8857782483100891,
            "precision": 0.8857782483100891,
            "recall": 0.8857782483100891,
            "f1": 0.8857781983100919,
            "classification_report": {
                "chihuahua": {
                    "precision": 0.8415300546448088,
                    "recall": 0.9685534591194969,
                    "f1-score": 0.9005847953216374,
                    "support": 477
                },
                "muffin": {
                    "precision": 0.9563953488372093,
                    "recall": 0.7908653846153846,
                    "f1-score": 0.8657894736842106,
                    "support": 416
                },
                "micro avg": {
                    "precision": 0.8857782754759238,
                    "recall": 0.8857782754759238,
                    "f1-score": 0.8857782754759238,
                    "support": 893
                },
                "macro avg": {
                    "precision": 0.8989627017410091,
                    "recall": 0.8797094218674407,
                    "f1-score": 0.883187134502924,
                    "support": 893
                },
                "weighted avg": {
                    "precision": 0.8950395309987155,
                    "recall": 0.8857782754759238,
                    "f1-score": 0.8843755525431721,
                    "support": 893
                },
                "samples avg": {
                    "precision": 0.8857782754759238,
                    "recall": 0.8857782754759238,
                    "f1-score": 0.8857782754759238,
                    "support": 893
                }
            }
        }
    },
    "training_history": {
        "accuracy": [
            0.6240624785423279,
            0.7721874713897705,
            0.8140624761581421,
            0.8362500071525574,
            0.8612499833106995,
            0.8731250166893005,
            0.8865625262260437,
            0.8993750214576721,
            0.917187511920929,
            0.9315624833106995,
            0.9340624809265137,
            0.9040625095367432,
            0.9381250143051147,
            0.9546874761581421,
            0.9553124904632568,
            0.9634374976158142,
            0.953125,
            0.9709374904632568,
            0.9818750023841858,
            0.9868749976158142,
            0.9915624856948853,
            0.9900000095367432,
            0.9921875,
            0.9915624856948853,
            0.9900000095367432
        ],
        "loss": [
            0.6337250471115112,
            0.48625946044921875,
            0.4226333498954773,
            0.392964243888855,
            0.33970966935157776,
            0.3069991171360016,
            0.2813759744167328,
            0.2437015175819397,
            0.21112674474716187,
            0.1836424320936203,
            0.16857826709747314,
            0.23302853107452393,
            0.1571059226989746,
            0.12150586396455765,
            0.12378601729869843,
            0.09899578243494034,
            0.11634843051433563,
            0.07585469633340836,
            0.054376568645238876,
            0.03661588579416275,
            0.024163559079170227,
            0.026731038466095924,
            0.026363501325249672,
            0.02514462172985077,
            0.03311894088983536
        ],