{
    "name": "trial_29",
    "start_time": "2024-10-23 08:32:49.995",
    "duration": "22.463",
    "directory": "/home/krakerlu/github/ImageMLResearch/demo/chihuahua_vs_muffin/experiments/experiment_05/output/trial_29",
    "hyperparameters": {
        "dense_units": 512,
        "dropout_rate": 0.46173954185919874,
        "learning_rate": 3.6306078734837315e-05
    },
    "figures": {
        "model_summary": "/home/krakerlu/github/ImageMLResearch/demo/chihuahua_vs_muffin/experiments/experiment_05/output/trial_29/model_summary.png",
        "confusion_matrix": "/home/krakerlu/github/ImageMLResearch/demo/chihuahua_vs_muffin/experiments/experiment_05/output/trial_29/confusion_matrix.png",
        "training_history": "/home/krakerlu/github/ImageMLResearch/demo/chihuahua_vs_muffin/experiments/experiment_05/output/trial_29/training_history.png"
    },
    "evaluation_metrics": {
        "train": {
            "accuracy": 0.9993749856948853,
            "precision": 0.9993749856948853,
            "recall": 0.9993749856948853,
            "f1": 0.9993749356948878,
            "classification_report": {
                "chihuahua": {
                    "precision": 1.0,
                    "recall": 0.9988629903354178,
                    "f1-score": 0.9994311717861206,
                    "support": 1759
                },
                "muffin": {
                    "precision": 0.9986139986139986,
                    "recall": 1.0,
                    "f1-score": 0.9993065187239945,
                    "support": 1441
                },
                "micro avg": {
                    "precision": 0.999375,
                    "recall": 0.999375,
                    "f1-score": 0.999375,
                    "support": 3200
                },
                "macro avg": {
                    "precision": 0.9993069993069993,
                    "recall": 0.9994314951677089,
                    "f1-score": 0.9993688452550575,
                    "support": 3200
                },
                "weighted avg": {
                    "precision": 0.9993758662508663,
                    "recall": 0.999375,
                    "f1-score": 0.9993750389540819,
                    "support": 3200
                },
                "samples avg": {
                    "precision": 0.999375,
                    "recall": 0.999375,
                    "f1-score": 0.999375,
                    "support": 3200
                }
            }
        },
        "val": {
            "accuracy": 0.989062488079071,
            "precision": 0.989062488079071,
            "recall": 0.989062488079071,
            "f1": 0.9890624380790736,
            "classification_report": {
                "chihuahua": {
                    "precision": 0.9906832298136646,
                    "recall": 0.9876160990712074,
                    "f1-score": 0.9891472868217054,
                    "support": 323
                },
                "muffin": {
                    "precision": 0.9874213836477987,
                    "recall": 0.9905362776025236,
                    "f1-score": 0.988976377952756,
                    "support": 317
                },
                "micro avg": {
                    "precision": 0.9890625,
                    "recall": 0.9890625,
                    "f1-score": 0.9890625,
                    "support": 640
                },
                "macro avg": {
                    "precision": 0.9890523067307317,
                    "recall": 0.9890761883368655,
                    "f1-score": 0.9890618323872307,
                    "support": 640
                },
                "weighted avg": {
                    "precision": 0.9890675966346342,
                    "recall": 0.9890625,
                    "f1-score": 0.9890626335225537,
                    "support": 640
                },
                "samples avg": {
                    "precision": 0.9890625,
                    "recall": 0.9890625,
                    "f1-score": 0.9890625,
                    "support": 640
                }
            }
        },
        "test": {
            "accuracy": 0.9854423403739929,
            "precision": 0.9854423403739929,
            "recall": 0.9854423403739929,
            "f1": 0.9854422903739954,
            "classification_report": {
                "chihuahua": {
                    "precision": 0.9833333333333333,
                    "recall": 0.989517819706499,
                    "f1-score": 0.9864158829676071,
                    "support": 477
                },
                "muffin": {
                    "precision": 0.9878934624697336,
                    "recall": 0.9807692307692307,
                    "f1-score": 0.9843184559710495,
                    "support": 416
                },
                "micro avg": {
                    "precision": 0.9854423292273237,
                    "recall": 0.9854423292273237,
                    "f1-score": 0.9854423292273237,
                    "support": 893
                },
                "macro avg": {
                    "precision": 0.9856133979015335,
                    "recall": 0.9851435252378649,
                    "f1-score": 0.9853671694693282,
                    "support": 893
                },
                "weighted avg": {
                    "precision": 0.9854576488100886,
                    "recall": 0.9854423292273237,
                    "f1-score": 0.9854388061136675,
                    "support": 893
                },
                "samples avg": {
                    "precision": 0.9854423292273237,
                    "recall": 0.9854423292273237,
                    "f1-score": 0.9854423292273237,
                    "support": 893
                }
            }
        }
    },
    "training_history": {
        "accuracy": [
            0.714062511920929,
            0.9215624928474426,
            0.9587500095367432,
            0.9662500023841858,
            0.971875011920929,
            0.9746875166893005,
            0.9775000214576721,
            0.9821875095367432,
            0.9828125238418579,
            0.9865624904632568,
            0.9853125214576721,
            0.9900000095367432,
            0.9884374737739563,
            0.9909374713897705,
            0.9915624856948853,
            0.9912499785423279,
            0.9912499785423279,
            0.9931250214576721,
            0.9928125143051147,
            0.9900000095367432,
            0.9937499761581421,
            0.9940624833106995,
            0.9950000047683716,
            0.9925000071525574,
            0.996874988079071
        ],
        "loss": [
            0.6050946116447449,
            0.2099779099225998,
            0.12488848716020584,
            0.09580541402101517,
            0.08450382947921753,
            0.07052061706781387,
            0.06466878950595856,
            0.05534883588552475,
            0.050983328372240067,
            0.04085683822631836,
            0.045440033078193665,
            0.03706083446741104,
            0.035855282098054886,
            0.030548911541700363,
            0.02884710393846035,
            0.029267527163028717,
            0.02897811122238636,
            0.02784661017358303,
            0.02358202449977398,
            0.025406690314412117,
            0.020799171179533005,
            0.019806258380413055,
            0.021082548424601555,
            0.02015632949769497,
            0.015561724081635475
        ],