{
    "name": "trial_77",
    "start_time": "2024-10-17 16:30:19.477",
    "duration": "19.321",
    "directory": "/home/krakerlu/github/ImageMLResearch/demo/chihuahua_vs_muffin/experiments/experiment_02/output/trial_77",
    "hyperparameters": {
        "units1": 64,
        "kernel_size1": 3,
        "units2": 128,
        "kernel_size2": 3,
        "units3": 128,
        "learning_rate": 0.0002665747531231815
    },
    "figures": {
        "model_summary": "/home/krakerlu/github/ImageMLResearch/demo/chihuahua_vs_muffin/experiments/experiment_02/output/trial_77/model_summary.png",
        "confusion_matrix": "/home/krakerlu/github/ImageMLResearch/demo/chihuahua_vs_muffin/experiments/experiment_02/output/trial_77/confusion_matrix.png",
        "training_history": "/home/krakerlu/github/ImageMLResearch/demo/chihuahua_vs_muffin/experiments/experiment_02/output/trial_77/training_history.png"
    },
    "evaluation_metrics": {
        "train": {
            "accuracy": 0.9815624952316284,
            "precision": 0.9815624952316284,
            "recall": 0.9815624952316284,
            "f1": 0.9815624452316309,
            "classification_report": {
                "chihuahua": {
                    "precision": 0.9840546697038725,
                    "recall": 0.9823763501989767,
                    "f1-score": 0.9832147937411095,
                    "support": 1759
                },
                "muffin": {
                    "precision": 0.9785318559556787,
                    "recall": 0.9805690492713394,
                    "f1-score": 0.9795493934142114,
                    "support": 1441
                },
                "micro avg": {
                    "precision": 0.9815625,
                    "recall": 0.9815625,
                    "f1-score": 0.9815625,
                    "support": 3200
                },
                "macro avg": {
                    "precision": 0.9812932628297756,
                    "recall": 0.981472699735158,
                    "f1-score": 0.9813820935776605,
                    "support": 3200
                },
                "weighted avg": {
                    "precision": 0.9815676776378889,
                    "recall": 0.9815625,
                    "f1-score": 0.9815642181564033,
                    "support": 3200
                },
                "samples avg": {
                    "precision": 0.9815625,
                    "recall": 0.9815625,
                    "f1-score": 0.9815625,
                    "support": 3200
                }
            }
        },
        "val": {
            "accuracy": 0.8968750238418579,
            "precision": 0.8968750238418579,
            "recall": 0.8968750238418579,
            "f1": 0.8968749738418607,
            "classification_report": {
                "chihuahua": {
                    "precision": 0.8978328173374613,
                    "recall": 0.8978328173374613,
                    "f1-score": 0.8978328173374613,
                    "support": 323
                },
                "muffin": {
                    "precision": 0.8958990536277602,
                    "recall": 0.8958990536277602,
                    "f1-score": 0.8958990536277602,
                    "support": 317
                },
                "micro avg": {
                    "precision": 0.896875,
                    "recall": 0.896875,
                    "f1-score": 0.896875,
                    "support": 640
                },
                "macro avg": {
                    "precision": 0.8968659354826107,
                    "recall": 0.8968659354826107,
                    "f1-score": 0.8968659354826107,
                    "support": 640
                },
                "weighted avg": {
                    "precision": 0.896875,
                    "recall": 0.896875,
                    "f1-score": 0.896875,
                    "support": 640
                },
                "samples avg": {
                    "precision": 0.896875,
                    "recall": 0.896875,
                    "f1-score": 0.896875,
                    "support": 640
                }
            }
        },
        "test": {
            "accuracy": 0.8902575373649597,
            "precision": 0.8902575373649597,
            "recall": 0.8902575373649597,
            "f1": 0.8902574873649625,
            "classification_report": {
                "chihuahua": {
                    "precision": 0.893970893970894,
                    "recall": 0.9014675052410901,
                    "f1-score": 0.8977035490605428,
                    "support": 477
                },
                "muffin": {
                    "precision": 0.8859223300970874,
                    "recall": 0.8774038461538461,
                    "f1-score": 0.8816425120772947,
                    "support": 416
                },
                "micro avg": {
                    "precision": 0.8902575587905935,
                    "recall": 0.8902575587905935,
                    "f1-score": 0.8902575587905935,
                    "support": 893
                },
                "macro avg": {
                    "precision": 0.8899466120339907,
                    "recall": 0.8894356756974682,
                    "f1-score": 0.8896730305689188,
                    "support": 893
                },
                "weighted avg": {
                    "precision": 0.8902215069927266,
                    "recall": 0.8902575587905935,
                    "f1-score": 0.8902215878231058,
                    "support": 893
                },
                "samples avg": {
                    "precision": 0.8902575587905935,
                    "recall": 0.8902575587905935,
                    "f1-score": 0.8902575587905935,
                    "support": 893
                }
            }
        }
    },
    "training_history": {
        "accuracy": [
            0.5659375190734863,
            0.7415624856948853,
            0.8331249952316284,
            0.8696874976158142,
            0.8949999809265137,
            0.8962500095367432,
            0.9325000047683716,
            0.9409375190734863,
            0.9396874904632568,
            0.9259374737739563,
            0.9565625190734863,
            0.971875011920929,
            0.9784374833106995,
            0.9840624928474426,
            0.9878125190734863,
            0.9896875023841858,
            0.9862499833106995
        ],
        "loss": [
            0.9292566180229187,
            0.5238140225410461,
            0.38415977358818054,
            0.31171637773513794,
            0.2696565091609955,
            0.24782295525074005,
            0.19617635011672974,
            0.17237116396427155,
            0.1645747572183609,
            0.18249817192554474,
            0.13182252645492554,
            0.09782703220844269,
            0.08260412514209747,
            0.07109101116657257,
            0.06270438432693481,
            0.05829501152038574,
            0.06623656302690506
        ],
        "val_accuracy": [
            0.645312488079071,
            0.8140624761581421,
            0.848437488079071,
            0.8656250238418579,
            0.824999988079071,
            0.885937511920929,
            0.8765624761581421,
            0.895312488079071,
            0.839062511920929,
            0.8421875238418579,
            0.8890625238418579,
            0.8984375,
            0.8968750238418579,
            0.8999999761581421,
            0.8968750238418579,
            0.8734375238418579,
            0.793749988079071
        ],