{
    "name": "trial_30",
    "start_time": "2024-10-24 13:32:48.684",
    "duration": "0:05:44.533",
    "directory": "/home/krakerlu/github/ImageMLResearch/demo/chihuahua_vs_muffin/experiments/experiment_04/output/trial_30",
    "hyperparameters": {
        "normalization": "mean",
        "batch_size": 128,
        "learning_rate": 0.00013620153957913286
    },
    "figures": {
        "training_history": "/home/krakerlu/github/ImageMLResearch/demo/chihuahua_vs_muffin/experiments/experiment_04/output/trial_30/training_history.png"
    },
    "evaluation_metrics": {
        "train": {
            "accuracy": 0.9618170857429504,
            "precision": 0.9618170857429504,
            "recall": 0.9618170857429504,
            "f1": 0.961817035742953,
            "classification_report": {
                "chihuahua": {
                    "precision": 0.9465648854961832,
                    "recall": 0.986286341195831,
                    "f1-score": 0.9660174613834789,
                    "support": 3646
                },
                "muffin": {
                    "precision": 0.9823134064379201,
                    "recall": 0.9318791946308724,
                    "f1-score": 0.956431892543482,
                    "support": 2980
                },
                "micro avg": {
                    "precision": 0.9618170842137036,
                    "recall": 0.9618170842137036,
                    "f1-score": 0.9618170842137036,
                    "support": 6626
                },
                "macro avg": {
                    "precision": 0.9644391459670516,
                    "recall": 0.9590827679133518,
                    "f1-score": 0.9612246769634805,
                    "support": 6626
                },
                "weighted avg": {
                    "precision": 0.962642548099017,
                    "recall": 0.9618170842137036,
                    "f1-score": 0.9617064147273983,
                    "support": 6626
                },
                "samples avg": {
                    "precision": 0.9618170842137036,
                    "recall": 0.9618170842137036,
                    "f1-score": 0.9618170842137036,
                    "support": 6626
                }
            }
        },
        "val": {
            "accuracy": 0.8801128268241882,
            "precision": 0.8801128268241882,
            "recall": 0.8801128268241882,
            "f1": 0.8801127768241911,
            "classification_report": {
                "chihuahua": {
                    "precision": 0.899135446685879,
                    "recall": 0.861878453038674,
                    "f1-score": 0.8801128349788434,
                    "support": 362
                },
                "muffin": {
                    "precision": 0.861878453038674,
                    "recall": 0.899135446685879,
                    "f1-score": 0.8801128349788434,
                    "support": 347
                },
                "micro avg": {
                    "precision": 0.8801128349788434,
                    "recall": 0.8801128349788434,
                    "f1-score": 0.8801128349788434,
                    "support": 709
                },
                "macro avg": {
                    "precision": 0.8805069498622765,
                    "recall": 0.8805069498622765,
                    "f1-score": 0.8801128349788434,
                    "support": 709
                },
                "weighted avg": {
                    "precision": 0.8809010647457096,
                    "recall": 0.8801128349788434,
                    "f1-score": 0.8801128349788434,
                    "support": 709
                },
                "samples avg": {
                    "precision": 0.8801128349788434,
                    "recall": 0.8801128349788434,
                    "f1-score": 0.8801128349788434,
                    "support": 709
                }
            }
        },
        "test": {
            "accuracy": 0.8945147395133972,
            "precision": 0.8945147395133972,
            "recall": 0.8945147395133972,
            "f1": 0.8945146895134,
            "classification_report": {
                "chihuahua": {
                    "precision": 0.9095890410958904,
                    "recall": 0.8877005347593583,
                    "f1-score": 0.8985115020297699,
                    "support": 374
                },
                "muffin": {
                    "precision": 0.8786127167630058,
                    "recall": 0.9020771513353115,
                    "f1-score": 0.890190336749634,
                    "support": 337
                },
                "micro avg": {
                    "precision": 0.8945147679324894,
                    "recall": 0.8945147679324894,
                    "f1-score": 0.8945147679324894,
                    "support": 711
                },
                "macro avg": {
                    "precision": 0.8941008789294481,
                    "recall": 0.894888843047335,
                    "f1-score": 0.8943509193897019,
                    "support": 711
                },
                "weighted avg": {
                    "precision": 0.8949068733037919,
                    "recall": 0.8945147679324894,
                    "f1-score": 0.8945674335355284,
                    "support": 711
                },
                "samples avg": {
                    "precision": 0.8945147679324894,
                    "recall": 0.8945147679324894,
                    "f1-score": 0.8945147679324894,
                    "support": 711
                }
            }
        }
    },
    "training_history": {
        "accuracy": [
            0.7088741064071655,
            0.7992755770683289,
            0.8403260111808777,
            0.862360417842865,
            0.8813763856887817,
            0.8939027786254883,
            0.9067310690879822,
            0.9126169681549072,
            0.9159372448921204,
            0.9274072051048279,
            0.9311801791191101,
            0.9399335980415344,
            0.9441593885421753,
            0.9518563151359558,
            0.9506489634513855
        ],
        "loss": [
            0.5557722449302673,
            0.4410784840583801,
            0.3758864402770996,
            0.3323598802089691,
            0.2952616214752197,
            0.2701495289802551,
            0.2434191256761551,
            0.22432611882686615,
            0.2120102047920227,
            0.18909110128879547,
            0.1717531830072403,
            0.15415506064891815,
            0.14605729281902313,
            0.1304127275943756,
            0.13184663653373718
        ],
        "val_accuracy": [
            0.799717903137207,
            0.803949236869812,
            0.798307478427887,
            0.8222849369049072,
            0.8349788188934326,
            0.8293371200561523,
            0.8631876111030579,
            0.8801128268241882,
            0.8533145189285278,
            0.8547249436378479,
            0.8533145189285278,
            0.8504936695098877,
            0.8730606436729431,
            0.8787024021148682,
            0.8801128268241882
        ],
        "val_loss": [
            0.4477539360523224,
            0.44165173172950745,
            0.4776444733142853,
            0.42373064160346985,
            0.40205755829811096,
            0.40184178948402405,
            0.3287792205810547,
            0.2791464924812317,
            0.3318302035331726,
            0.36184602975845337,
            0.3382638394832611,
            0.3535884618759155,
            0.32957723736763,
            0.3320746123790741,
            0.3039233386516571
        ]
    }
}