{
    "name": "trial_96",
    "start_time": "2024-10-27 14:26:42.160",
    "duration": "0:05:47.168",
    "directory": "/home/krakerlu/github/ImageMLResearch/demo/chihuahua_vs_muffin/experiments/experiment_04/output/trial_96",
    "hyperparameters": {
        "normalization": "standard",
        "batch_size": 128,
        "learning_rate": 6.856245200486332e-05
    },
    "figures": {
        "training_history": "/home/krakerlu/github/ImageMLResearch/demo/chihuahua_vs_muffin/experiments/experiment_04/output/trial_96/training_history.png"
    },
    "evaluation_metrics": {
        "train": {
            "accuracy": 0.9237850904464722,
            "precision": 0.9237850904464722,
            "recall": 0.9237850904464722,
            "f1": 0.9237850404464748,
            "classification_report": {
                "chihuahua": {
                    "precision": 0.8822097834022876,
                    "recall": 0.994240263302249,
                    "f1-score": 0.9348807221147647,
                    "support": 3646
                },
                "muffin": {
                    "precision": 0.9916567342073898,
                    "recall": 0.8375838926174497,
                    "f1-score": 0.9081317082044752,
                    "support": 2980
                },
                "micro avg": {
                    "precision": 0.9237850890431633,
                    "recall": 0.9237850890431633,
                    "f1-score": 0.9237850890431633,
                    "support": 6626
                },
                "macro avg": {
                    "precision": 0.9369332588048387,
                    "recall": 0.9159120779598493,
                    "f1-score": 0.92150621515962,
                    "support": 6626
                },
                "weighted avg": {
                    "precision": 0.9314328310025298,
                    "recall": 0.9237850890431633,
                    "f1-score": 0.9228505287171398,
                    "support": 6626
                },
                "samples avg": {
                    "precision": 0.9237850890431633,
                    "recall": 0.9237850890431633,
                    "f1-score": 0.9237850890431633,
                    "support": 6626
                }
            }
        },
        "val": {
            "accuracy": 0.9040902853012085,
            "precision": 0.9040902853012085,
            "recall": 0.9040902853012085,
            "f1": 0.9040902353012112,
            "classification_report": {
                "chihuahua": {
                    "precision": 0.9106145251396648,
                    "recall": 0.9005524861878453,
                    "f1-score": 0.9055555555555556,
                    "support": 362
                },
                "muffin": {
                    "precision": 0.8974358974358975,
                    "recall": 0.9077809798270894,
                    "f1-score": 0.9025787965616046,
                    "support": 347
                },
                "micro avg": {
                    "precision": 0.9040902679830748,
                    "recall": 0.9040902679830748,
                    "f1-score": 0.9040902679830748,
                    "support": 709
                },
                "macro avg": {
                    "precision": 0.9040252112877811,
                    "recall": 0.9041667330074674,
                    "f1-score": 0.9040671760585801,
                    "support": 709
                },
                "weighted avg": {
                    "precision": 0.9041646184919818,
                    "recall": 0.9040902679830748,
                    "f1-score": 0.9040986650465274,
                    "support": 709
                },
                "samples avg": {
                    "precision": 0.9040902679830748,
                    "recall": 0.9040902679830748,
                    "f1-score": 0.9040902679830748,
                    "support": 709
                }
            }
        },
        "test": {
            "accuracy": 0.902953565120697,
            "precision": 0.902953565120697,
            "recall": 0.902953565120697,
            "f1": 0.9029535151206998,
            "classification_report": {
                "chihuahua": {
                    "precision": 0.8900255754475703,
                    "recall": 0.93048128342246,
                    "f1-score": 0.9098039215686274,
                    "support": 374
                },
                "muffin": {
                    "precision": 0.91875,
                    "recall": 0.8724035608308606,
                    "f1-score": 0.8949771689497716,
                    "support": 337
                },
                "micro avg": {
                    "precision": 0.9029535864978903,
                    "recall": 0.9029535864978903,
                    "f1-score": 0.9029535864978903,
                    "support": 711
                },
                "macro avg": {
                    "precision": 0.9043877877237851,
                    "recall": 0.9014424221266603,
                    "f1-score": 0.9023905452591996,
                    "support": 711
                },
                "weighted avg": {
                    "precision": 0.9036403870849387,
                    "recall": 0.9029535864978903,
                    "f1-score": 0.9027763327745988,
                    "support": 711
                },
                "samples avg": {
                    "precision": 0.9029535864978903,
                    "recall": 0.9029535864978903,
                    "f1-score": 0.9029535864978903,
                    "support": 711
                }
            }
        }
    },
    "training_history": {
        "accuracy": [
            0.6933293342590332,
            0.7701479196548462,
            0.8012375235557556,
            0.8442499041557312,
            0.8665861487388611,
            0.883187472820282,
            0.8952611088752747,
            0.9079384207725525,
            0.9111077785491943,
            0.928010880947113,
            0.9302746653556824,
            0.9387262463569641,
            0.9414427876472473,
            0.9432538747787476,
            0.9503471255302429
        ],
        "loss": [
            0.5752393007278442,
            0.4820009768009186,
            0.4394274353981018,
            0.3650532364845276,
            0.3196597397327423,
            0.2915877103805542,
            0.2613692581653595,
            0.23789189755916595,
            0.22168925404548645,
            0.19436444342136383,
            0.18476317822933197,
            0.16394837200641632,
            0.151060089468956,
            0.1450074315071106,
            0.129752978682518
        ],
        "val_accuracy": [
            0.7813822031021118,
            0.8166431784629822,
            0.799717903137207,
            0.8166431784629822,
            0.8124118447303772,
            0.8448519110679626,
            0.8420310020446777,
            0.866008460521698,
            0.8631876111030579,
            0.8688293099403381,
            0.8561354279518127,
            0.8730606436729431,
            0.860366702079773,
            0.8857545852661133,
            0.9040902853012085
        ],
        "val_loss": [
            0.48562824726104736,
            0.41234633326530457,
            0.44098982214927673,
            0.4352305829524994,
            0.511176347732544,
            0.39726880192756653,
            0.40228980779647827,
            0.3373950123786926,
            0.3229479491710663,
            0.3294830322265625,
            0.35523030161857605,
            0.3059118092060089,
            0.35810258984565735,
            0.29127630591392517,
            0.2734068036079407
        ]
    }
}