{
    "name": "trial_84",
    "start_time": "2024-10-27 13:16:59.157",
    "duration": "0:05:44.673",
    "directory": "/home/krakerlu/github/ImageMLResearch/demo/chihuahua_vs_muffin/experiments/experiment_04/output/trial_84",
    "hyperparameters": {
        "normalization": "min_max",
        "batch_size": 128,
        "learning_rate": 9.447526127301049e-05
    },
    "figures": {
        "training_history": "/home/krakerlu/github/ImageMLResearch/demo/chihuahua_vs_muffin/experiments/experiment_04/output/trial_84/training_history.png"
    },
    "evaluation_metrics": {
        "train": {
            "accuracy": 0.9456685781478882,
            "precision": 0.9456685781478882,
            "recall": 0.9456685781478882,
            "f1": 0.9456685281478908,
            "classification_report": {
                "chihuahua": {
                    "precision": 0.9467101685698749,
                    "recall": 0.9550191991223258,
                    "f1-score": 0.9508465319497542,
                    "support": 3646
                },
                "muffin": {
                    "precision": 0.9443690637720489,
                    "recall": 0.934228187919463,
                    "f1-score": 0.9392712550607287,
                    "support": 2980
                },
                "micro avg": {
                    "precision": 0.9456685783277996,
                    "recall": 0.9456685783277996,
                    "f1-score": 0.9456685783277996,
                    "support": 6626
                },
                "macro avg": {
                    "precision": 0.9455396161709619,
                    "recall": 0.9446236935208945,
                    "f1-score": 0.9450588935052415,
                    "support": 6626
                },
                "weighted avg": {
                    "precision": 0.9456572720565152,
                    "recall": 0.9456685783277996,
                    "f1-score": 0.9456406271611493,
                    "support": 6626
                },
                "samples avg": {
                    "precision": 0.9456685783277996,
                    "recall": 0.9456685783277996,
                    "f1-score": 0.9456685783277996,
                    "support": 6626
                }
            }
        },
        "val": {
            "accuracy": 0.8575458526611328,
            "precision": 0.8575458526611328,
            "recall": 0.8575458526611328,
            "f1": 0.8575458026611357,
            "classification_report": {
                "chihuahua": {
                    "precision": 0.9065420560747663,
                    "recall": 0.8038674033149171,
                    "f1-score": 0.8521229868228404,
                    "support": 362
                },
                "muffin": {
                    "precision": 0.8170103092783505,
                    "recall": 0.9135446685878963,
                    "f1-score": 0.8625850340136054,
                    "support": 347
                },
                "micro avg": {
                    "precision": 0.8575458392101551,
                    "recall": 0.8575458392101551,
                    "f1-score": 0.8575458392101551,
                    "support": 709
                },
                "macro avg": {
                    "precision": 0.8617761826765584,
                    "recall": 0.8587060359514067,
                    "f1-score": 0.8573540104182229,
                    "support": 709
                },
                "weighted avg": {
                    "precision": 0.862723274497395,
                    "recall": 0.8575458392101551,
                    "f1-score": 0.8572433399613391,
                    "support": 709
                },
                "samples avg": {
                    "precision": 0.8575458392101551,
                    "recall": 0.8575458392101551,
                    "f1-score": 0.8575458392101551,
                    "support": 709
                }
            }
        },
        "test": {
            "accuracy": 0.8706047534942627,
            "precision": 0.8706047534942627,
            "recall": 0.8706047534942627,
            "f1": 0.8706047034942656,
            "classification_report": {
                "chihuahua": {
                    "precision": 0.9221556886227545,
                    "recall": 0.8235294117647058,
                    "f1-score": 0.8700564971751412,
                    "support": 374
                },
                "muffin": {
                    "precision": 0.8249336870026526,
                    "recall": 0.9228486646884273,
                    "f1-score": 0.8711484593837535,
                    "support": 337
                },
                "micro avg": {
                    "precision": 0.870604781997187,
                    "recall": 0.870604781997187,
                    "f1-score": 0.870604781997187,
                    "support": 711
                },
                "macro avg": {
                    "precision": 0.8735446878127036,
                    "recall": 0.8731890382265666,
                    "f1-score": 0.8706024782794474,
                    "support": 711
                },
                "weighted avg": {
                    "precision": 0.8760743742121014,
                    "recall": 0.870604781997187,
                    "f1-score": 0.8705740657606579,
                    "support": 711
                },
                "samples avg": {
                    "precision": 0.870604781997187,
                    "recall": 0.870604781997187,
                    "f1-score": 0.870604781997187,
                    "support": 711
                }
            }
        }
    },
    "training_history": {
        "accuracy": [
            0.687896192073822,
            0.7835798263549805,
            0.8119528889656067,
            0.8302143216133118,
            0.8493812084197998,
            0.8608511686325073,
            0.8712646961212158,
            0.8791126012802124,
            0.8883187174797058,
            0.8904316425323486,
            0.8973739743232727,
            0.903410792350769,
            0.9126169681549072,
            0.9245396852493286,
            0.9304255843162537
        ],
        "loss": [
            0.5821002721786499,
            0.4773940443992615,
            0.42526230216026306,
            0.3931143283843994,
            0.36078840494155884,
            0.3412582278251648,
            0.31916773319244385,
            0.3022574484348297,
            0.283268541097641,
            0.2723979949951172,
            0.26361963152885437,
            0.24511873722076416,
            0.22266152501106262,
            0.20365160703659058,
            0.19052667915821075
        ],
        "val_accuracy": [
            0.7390691041946411,
            0.7574048042297363,
            0.7545838952064514,
            0.7475317120552063,
            0.8081805109977722,
            0.7686883211135864,
            0.7912552952766418,
            0.8208744525909424,
            0.8251057863235474,
            0.8392101526260376,
            0.8420310020446777,
            0.8631876111030579,
            0.8547249436378479,
            0.8730606436729431,
            0.8575458526611328
        ],
        "val_loss": [
            0.5233376622200012,
            0.5003123879432678,
            0.5189476609230042,
            0.5504345893859863,
            0.43584030866622925,
            0.550140380859375,
            0.49765700101852417,
            0.42753732204437256,
            0.4242638647556305,
            0.3966138958930969,
            0.3699823021888733,
            0.33603793382644653,
            0.35854634642601013,
            0.3229033350944519,
            0.34172096848487854
        ]
    }
}