{
    "name": "trial_55",
    "start_time": "2024-10-27 10:27:24.878",
    "duration": "0:06:04.162",
    "directory": "/home/krakerlu/github/ImageMLResearch/demo/chihuahua_vs_muffin/experiments/experiment_04/output/trial_55",
    "hyperparameters": {
        "normalization": "standard",
        "batch_size": 128,
        "learning_rate": 6.059013772837206e-05
    },
    "figures": {
        "training_history": "/home/krakerlu/github/ImageMLResearch/demo/chihuahua_vs_muffin/experiments/experiment_04/output/trial_55/training_history.png"
    },
    "evaluation_metrics": {
        "train": {
            "accuracy": 0.9597042202949524,
            "precision": 0.9597042202949524,
            "recall": 0.9597042202949524,
            "f1": 0.9597041702949549,
            "classification_report": {
                "chihuahua": {
                    "precision": 0.9820256776034236,
                    "recall": 0.9440482720789907,
                    "f1-score": 0.9626625646762691,
                    "support": 3646
                },
                "muffin": {
                    "precision": 0.9346363345081704,
                    "recall": 0.9788590604026846,
                    "f1-score": 0.9562366825110638,
                    "support": 2980
                },
                "micro avg": {
                    "precision": 0.959704195593118,
                    "recall": 0.959704195593118,
                    "f1-score": 0.959704195593118,
                    "support": 6626
                },
                "macro avg": {
                    "precision": 0.958331006055797,
                    "recall": 0.9614536662408376,
                    "f1-score": 0.9594496235936665,
                    "support": 6626
                },
                "weighted avg": {
                    "precision": 0.960712631659588,
                    "recall": 0.959704195593118,
                    "f1-score": 0.959772566358685,
                    "support": 6626
                },
                "samples avg": {
                    "precision": 0.959704195593118,
                    "recall": 0.959704195593118,
                    "f1-score": 0.959704195593118,
                    "support": 6626
                }
            }
        },
        "val": {
            "accuracy": 0.8166431784629822,
            "precision": 0.8166431784629822,
            "recall": 0.8166431784629822,
            "f1": 0.8166431284629853,
            "classification_report": {
                "chihuahua": {
                    "precision": 0.964,
                    "recall": 0.6657458563535912,
                    "f1-score": 0.7875816993464052,
                    "support": 362
                },
                "muffin": {
                    "precision": 0.7363834422657952,
                    "recall": 0.9740634005763689,
                    "f1-score": 0.8387096774193549,
                    "support": 347
                },
                "micro avg": {
                    "precision": 0.8166431593794076,
                    "recall": 0.8166431593794076,
                    "f1-score": 0.8166431593794076,
                    "support": 709
                },
                "macro avg": {
                    "precision": 0.8501917211328975,
                    "recall": 0.81990462846498,
                    "f1-score": 0.81314568838288,
                    "support": 709
                },
                "weighted avg": {
                    "precision": 0.852599512646306,
                    "recall": 0.8166431593794076,
                    "f1-score": 0.8126048423524892,
                    "support": 709
                },
                "samples avg": {
                    "precision": 0.8166431593794076,
                    "recall": 0.8166431593794076,
                    "f1-score": 0.8166431593794076,
                    "support": 709
                }
            }
        },
        "test": {
            "accuracy": 0.8410689234733582,
            "precision": 0.8410689234733582,
            "recall": 0.8410689234733582,
            "f1": 0.8410688734733611,
            "classification_report": {
                "chihuahua": {
                    "precision": 0.967741935483871,
                    "recall": 0.7219251336898396,
                    "f1-score": 0.8269525267993875,
                    "support": 374
                },
                "muffin": {
                    "precision": 0.7592592592592593,
                    "recall": 0.973293768545994,
                    "f1-score": 0.8530559167750326,
                    "support": 337
                },
                "micro avg": {
                    "precision": 0.8410689170182841,
                    "recall": 0.8410689170182841,
                    "f1-score": 0.8410689170182841,
                    "support": 711
                },
                "macro avg": {
                    "precision": 0.8635005973715651,
                    "recall": 0.8476094511179169,
                    "f1-score": 0.84000422178721,
                    "support": 711
                },
                "weighted avg": {
                    "precision": 0.868925252097522,
                    "recall": 0.8410689170182841,
                    "f1-score": 0.8393250196570421,
                    "support": 711
                },
                "samples avg": {
                    "precision": 0.8410689170182841,
                    "recall": 0.8410689170182841,
                    "f1-score": 0.8410689170182841,
                    "support": 711
                }
            }
        }
    },
    "training_history": {
        "accuracy": [
            0.6977059841156006,
            0.7909749746322632,
            0.8335345387458801,
            0.8584364652633667,
            0.8683972358703613,
            0.8801690340042114,
            0.8949592709541321,
            0.9064292311668396,
            0.9112586975097656,
            0.9207666516304016,
            0.9254451990127563,
            0.9346513748168945,
            0.942348301410675,
            0.9473286867141724,
            0.9486870169639587
        ],
        "loss": [
            0.5660809874534607,
            0.4571246802806854,
            0.386018306016922,
            0.3464074730873108,
            0.3217819035053253,
            0.2972447872161865,
            0.2679730951786041,
            0.24150380492210388,
            0.22454266250133514,
            0.20646962523460388,
            0.194569393992424,
            0.17485688626766205,
            0.15509724617004395,
            0.1443464159965515,
            0.13923519849777222
        ],
        "val_accuracy": [
            0.7785613536834717,
            0.7785613536834717,
            0.7912552952766418,
            0.799717903137207,
            0.7813822031021118,
            0.7898448705673218,
            0.7968970537185669,
            0.8251057863235474,
            0.8420310020446777,
            0.8490832448005676,
            0.8533145189285278,
            0.8476727604866028,
            0.8406205773353577,
            0.8801128268241882,
            0.8166431784629822
        ],
        "val_loss": [
            0.4720625579357147,
            0.5045557022094727,
            0.4897293150424957,
            0.4676186144351959,
            0.5158407688140869,
            0.5025928020477295,
            0.5052387118339539,
            0.45017215609550476,
            0.40403613448143005,
            0.3741929531097412,
            0.36439990997314453,
            0.39723557233810425,
            0.4213087558746338,
            0.3090539276599884,
            0.4988379180431366
        ]
    }
}