{
    "name": "trial_7",
    "start_time": "2024-10-23 08:24:27.971",
    "duration": "23.807",
    "directory": "/home/krakerlu/github/ImageMLResearch/demo/chihuahua_vs_muffin/experiments/experiment_05/output/trial_7",
    "hyperparameters": {
        "dense_units": 128,
        "dropout_rate": 0.420268175071424,
        "learning_rate": 2.013323535809419e-05
    },
    "figures": {
        "model_summary": "/home/krakerlu/github/ImageMLResearch/demo/chihuahua_vs_muffin/experiments/experiment_05/output/trial_7/model_summary.png",
        "confusion_matrix": "/home/krakerlu/github/ImageMLResearch/demo/chihuahua_vs_muffin/experiments/experiment_05/output/trial_7/confusion_matrix.png",
        "training_history": "/home/krakerlu/github/ImageMLResearch/demo/chihuahua_vs_muffin/experiments/experiment_05/output/trial_7/training_history.png"
    },
    "evaluation_metrics": {
        "train": {
            "accuracy": 0.9884374737739563,
            "precision": 0.9884374737739563,
            "recall": 0.9884374737739563,
            "f1": 0.9884374237739588,
            "classification_report": {
                "chihuahua": {
                    "precision": 0.9858916478555305,
                    "recall": 0.9931779420125071,
                    "f1-score": 0.9895213820447465,
                    "support": 1759
                },
                "muffin": {
                    "precision": 0.9915966386554622,
                    "recall": 0.9826509368494102,
                    "f1-score": 0.98710352039038,
                    "support": 1441
                },
                "micro avg": {
                    "precision": 0.9884375,
                    "recall": 0.9884375,
                    "f1-score": 0.9884375,
                    "support": 3200
                },
                "macro avg": {
                    "precision": 0.9887441432554964,
                    "recall": 0.9879144394309587,
                    "f1-score": 0.9883124512175632,
                    "support": 3200
                },
                "weighted avg": {
                    "precision": 0.9884606765251249,
                    "recall": 0.9884375,
                    "f1-score": 0.9884325887185145,
                    "support": 3200
                },
                "samples avg": {
                    "precision": 0.9884375,
                    "recall": 0.9884375,
                    "f1-score": 0.9884375,
                    "support": 3200
                }
            }
        },
        "val": {
            "accuracy": 0.984375,
            "precision": 0.984375,
            "recall": 0.984375,
            "f1": 0.9843749500000025,
            "classification_report": {
                "chihuahua": {
                    "precision": 0.9815384615384616,
                    "recall": 0.9876160990712074,
                    "f1-score": 0.9845679012345679,
                    "support": 323
                },
                "muffin": {
                    "precision": 0.9873015873015873,
                    "recall": 0.9810725552050473,
                    "f1-score": 0.9841772151898734,
                    "support": 317
                },
                "micro avg": {
                    "precision": 0.984375,
                    "recall": 0.984375,
                    "f1-score": 0.984375,
                    "support": 640
                },
                "macro avg": {
                    "precision": 0.9844200244200245,
                    "recall": 0.9843443271381274,
                    "f1-score": 0.9843725582122207,
                    "support": 640
                },
                "weighted avg": {
                    "precision": 0.9843930097680097,
                    "recall": 0.984375,
                    "f1-score": 0.9843743895530552,
                    "support": 640
                },
                "samples avg": {
                    "precision": 0.984375,
                    "recall": 0.984375,
                    "f1-score": 0.984375,
                    "support": 640
                }
            }
        },
        "test": {
            "accuracy": 0.9820828437805176,
            "precision": 0.9820828437805176,
            "recall": 0.9820828437805176,
            "f1": 0.9820827937805201,
            "classification_report": {
                "chihuahua": {
                    "precision": 0.9792099792099792,
                    "recall": 0.9874213836477987,
                    "f1-score": 0.9832985386221295,
                    "support": 477
                },
                "muffin": {
                    "precision": 0.9854368932038835,
                    "recall": 0.9759615384615384,
                    "f1-score": 0.9806763285024155,
                    "support": 416
                },
                "micro avg": {
                    "precision": 0.9820828667413214,
                    "recall": 0.9820828667413214,
                    "f1-score": 0.9820828667413214,
                    "support": 893
                },
                "macro avg": {
                    "precision": 0.9823234362069313,
                    "recall": 0.9816914610546685,
                    "f1-score": 0.9819874335622725,
                    "support": 893
                },
                "weighted avg": {
                    "precision": 0.982110758853276,
                    "recall": 0.9820828667413214,
                    "f1-score": 0.9820769939303029,
                    "support": 893
                },
                "samples avg": {
                    "precision": 0.9820828667413214,
                    "recall": 0.9820828667413214,
                    "f1-score": 0.9820828667413214,
                    "support": 893
                }
            }
        }
    },
    "training_history": {
        "accuracy": [
            0.5859375,
            0.7143750190734863,
            0.8009374737739563,
            0.8609374761581421,
            0.8868749737739563,
            0.9112499952316284,
            0.9203125238418579,
            0.9418749809265137,
            0.9431250095367432,
            0.9459375143051147,
            0.957812488079071,
            0.9559375047683716,
            0.9590625166893005,
            0.9646875262260437,
            0.9637500047683716,
            0.9737499952316284,
            0.9731249809265137,
            0.9746875166893005,
            0.9743750095367432,
            0.9743750095367432,
            0.9768750071525574,
            0.9756249785423279,
            0.9768750071525574,
            0.9756249785423279,
            0.9762499928474426
        ],
        "loss": [
            0.8653739094734192,
            0.5888964533805847,
            0.42653128504753113,
            0.32678335905075073,
            0.27487456798553467,
            0.2246050089597702,
            0.20529767870903015,
            0.16351202130317688,
            0.15423953533172607,
            0.1443055421113968,
            0.12484005093574524,
            0.12437006086111069,
            0.11375781893730164,
            0.10699690878391266,
            0.1017666608095169,
            0.08268067985773087,
            0.08686476945877075,
            0.0848311334848404,
            0.0769704133272171,
            0.07537583261728287,
            0.07100854814052582,
            0.07225021719932556,
            0.06540661305189133,
            0.06971815973520279,
            0.061880163848400116
        ],