{
    "name": "trial_24",
    "start_time": "2024-10-23 08:30:55.077",
    "duration": "21.896",
    "directory": "/home/krakerlu/github/ImageMLResearch/demo/chihuahua_vs_muffin/experiments/experiment_05/output/trial_24",
    "hyperparameters": {
        "dense_units": 512,
        "dropout_rate": 0.49878765733810654,
        "learning_rate": 3.952030104345121e-05
    },
    "figures": {
        "model_summary": "/home/krakerlu/github/ImageMLResearch/demo/chihuahua_vs_muffin/experiments/experiment_05/output/trial_24/model_summary.png",
        "confusion_matrix": "/home/krakerlu/github/ImageMLResearch/demo/chihuahua_vs_muffin/experiments/experiment_05/output/trial_24/confusion_matrix.png",
        "training_history": "/home/krakerlu/github/ImageMLResearch/demo/chihuahua_vs_muffin/experiments/experiment_05/output/trial_24/training_history.png"
    },
    "evaluation_metrics": {
        "train": {
            "accuracy": 0.9993749856948853,
            "precision": 0.9993749856948853,
            "recall": 0.9993749856948853,
            "f1": 0.9993749356948878,
            "classification_report": {
                "chihuahua": {
                    "precision": 1.0,
                    "recall": 0.9988629903354178,
                    "f1-score": 0.9994311717861206,
                    "support": 1759
                },
                "muffin": {
                    "precision": 0.9986139986139986,
                    "recall": 1.0,
                    "f1-score": 0.9993065187239945,
                    "support": 1441
                },
                "micro avg": {
                    "precision": 0.999375,
                    "recall": 0.999375,
                    "f1-score": 0.999375,
                    "support": 3200
                },
                "macro avg": {
                    "precision": 0.9993069993069993,
                    "recall": 0.9994314951677089,
                    "f1-score": 0.9993688452550575,
                    "support": 3200
                },
                "weighted avg": {
                    "precision": 0.9993758662508663,
                    "recall": 0.999375,
                    "f1-score": 0.9993750389540819,
                    "support": 3200
                },
                "samples avg": {
                    "precision": 0.999375,
                    "recall": 0.999375,
                    "f1-score": 0.999375,
                    "support": 3200
                }
            }
        },
        "val": {
            "accuracy": 0.9906250238418579,
            "precision": 0.9906250238418579,
            "recall": 0.9906250238418579,
            "f1": 0.9906249738418604,
            "classification_report": {
                "chihuahua": {
                    "precision": 0.9907120743034056,
                    "recall": 0.9907120743034056,
                    "f1-score": 0.9907120743034056,
                    "support": 323
                },
                "muffin": {
                    "precision": 0.9905362776025236,
                    "recall": 0.9905362776025236,
                    "f1-score": 0.9905362776025236,
                    "support": 317
                },
                "micro avg": {
                    "precision": 0.990625,
                    "recall": 0.990625,
                    "f1-score": 0.990625,
                    "support": 640
                },
                "macro avg": {
                    "precision": 0.9906241759529646,
                    "recall": 0.9906241759529646,
                    "f1-score": 0.9906241759529646,
                    "support": 640
                },
                "weighted avg": {
                    "precision": 0.990625,
                    "recall": 0.990625,
                    "f1-score": 0.990625,
                    "support": 640
                },
                "samples avg": {
                    "precision": 0.990625,
                    "recall": 0.990625,
                    "f1-score": 0.990625,
                    "support": 640
                }
            }
        },
        "test": {
            "accuracy": 0.9854423403739929,
            "precision": 0.9854423403739929,
            "recall": 0.9854423403739929,
            "f1": 0.9854422903739954,
            "classification_report": {
                "chihuahua": {
                    "precision": 0.9833333333333333,
                    "recall": 0.989517819706499,
                    "f1-score": 0.9864158829676071,
                    "support": 477
                },
                "muffin": {
                    "precision": 0.9878934624697336,
                    "recall": 0.9807692307692307,
                    "f1-score": 0.9843184559710495,
                    "support": 416
                },
                "micro avg": {
                    "precision": 0.9854423292273237,
                    "recall": 0.9854423292273237,
                    "f1-score": 0.9854423292273237,
                    "support": 893
                },
                "macro avg": {
                    "precision": 0.9856133979015335,
                    "recall": 0.9851435252378649,
                    "f1-score": 0.9853671694693282,
                    "support": 893
                },
                "weighted avg": {
                    "precision": 0.9854576488100886,
                    "recall": 0.9854423292273237,
                    "f1-score": 0.9854388061136675,
                    "support": 893
                },
                "samples avg": {
                    "precision": 0.9854423292273237,
                    "recall": 0.9854423292273237,
                    "f1-score": 0.9854423292273237,
                    "support": 893
                }
            }
        }
    },
    "training_history": {
        "accuracy": [
            0.7115625143051147,
            0.9262499809265137,
            0.9518749713897705,
            0.9659374952316284,
            0.9721875190734863,
            0.9759374856948853,
            0.9781249761581421,
            0.9818750023841858,
            0.9837499856948853,
            0.9834374785423279,
            0.9859374761581421,
            0.9884374737739563,
            0.9884374737739563,
            0.9906250238418579,
            0.9903125166893005,
            0.9928125143051147,
            0.9921875,
            0.9921875,
            0.9940624833106995,
            0.9940624833106995,
            0.9934375286102295,
            0.9931250214576721,
            0.9940624833106995,
            0.9962499737739563,
            0.9971874952316284
        ],
        "loss": [
            0.6076765656471252,
            0.20754319429397583,
            0.12730489671230316,
            0.09996813535690308,
            0.08136621117591858,
            0.0694621354341507,
            0.0647946447134018,
            0.0571066252887249,
            0.048911891877651215,
            0.04791587218642235,
            0.04064790904521942,
            0.03557540476322174,
            0.0355023629963398,
            0.03368110954761505,
            0.030555451288819313,
            0.026898948475718498,
            0.02700367197394371,
            0.02845035120844841,
            0.023174680769443512,
            0.02202664129436016,
            0.022520186379551888,
            0.022215306758880615,
            0.018217675387859344,
            0.016835525631904602,
            0.014939520508050919
        ],