{
    "name": "trial_31",
    "start_time": "2024-10-23 08:33:36.725",
    "duration": "20.905",
    "directory": "/home/krakerlu/github/ImageMLResearch/demo/chihuahua_vs_muffin/experiments/experiment_05/output/trial_31",
    "hyperparameters": {
        "dense_units": 512,
        "dropout_rate": 0.2478321279349705,
        "learning_rate": 1.4444587503272052e-05
    },
    "figures": {
        "model_summary": "/home/krakerlu/github/ImageMLResearch/demo/chihuahua_vs_muffin/experiments/experiment_05/output/trial_31/model_summary.png",
        "confusion_matrix": "/home/krakerlu/github/ImageMLResearch/demo/chihuahua_vs_muffin/experiments/experiment_05/output/trial_31/confusion_matrix.png",
        "training_history": "/home/krakerlu/github/ImageMLResearch/demo/chihuahua_vs_muffin/experiments/experiment_05/output/trial_31/training_history.png"
    },
    "evaluation_metrics": {
        "train": {
            "accuracy": 0.9946874976158142,
            "precision": 0.9946874976158142,
            "recall": 0.9946874976158142,
            "f1": 0.9946874476158167,
            "classification_report": {
                "chihuahua": {
                    "precision": 0.9943246311010215,
                    "recall": 0.9960204661739624,
                    "f1-score": 0.9951718261857427,
                    "support": 1759
                },
                "muffin": {
                    "precision": 0.9951321279554938,
                    "recall": 0.993060374739764,
                    "f1-score": 0.9940951719346995,
                    "support": 1441
                },
                "micro avg": {
                    "precision": 0.9946875,
                    "recall": 0.9946875,
                    "f1-score": 0.9946875,
                    "support": 3200
                },
                "macro avg": {
                    "precision": 0.9947283795282577,
                    "recall": 0.9945404204568633,
                    "f1-score": 0.9946334990602211,
                    "support": 3200
                },
                "weighted avg": {
                    "precision": 0.9946882570283012,
                    "recall": 0.9946875,
                    "f1-score": 0.9946869953183198,
                    "support": 3200
                },
                "samples avg": {
                    "precision": 0.9946875,
                    "recall": 0.9946875,
                    "f1-score": 0.9946875,
                    "support": 3200
                }
            }
        },
        "val": {
            "accuracy": 0.989062488079071,
            "precision": 0.989062488079071,
            "recall": 0.989062488079071,
            "f1": 0.9890624380790736,
            "classification_report": {
                "chihuahua": {
                    "precision": 0.9906832298136646,
                    "recall": 0.9876160990712074,
                    "f1-score": 0.9891472868217054,
                    "support": 323
                },
                "muffin": {
                    "precision": 0.9874213836477987,
                    "recall": 0.9905362776025236,
                    "f1-score": 0.988976377952756,
                    "support": 317
                },
                "micro avg": {
                    "precision": 0.9890625,
                    "recall": 0.9890625,
                    "f1-score": 0.9890625,
                    "support": 640
                },
                "macro avg": {
                    "precision": 0.9890523067307317,
                    "recall": 0.9890761883368655,
                    "f1-score": 0.9890618323872307,
                    "support": 640
                },
                "weighted avg": {
                    "precision": 0.9890675966346342,
                    "recall": 0.9890625,
                    "f1-score": 0.9890626335225537,
                    "support": 640
                },
                "samples avg": {
                    "precision": 0.9890625,
                    "recall": 0.9890625,
                    "f1-score": 0.9890625,
                    "support": 640
                }
            }
        },
        "test": {
            "accuracy": 0.9820828437805176,
            "precision": 0.9820828437805176,
            "recall": 0.9820828437805176,
            "f1": 0.9820827937805201,
            "classification_report": {
                "chihuahua": {
                    "precision": 0.9792099792099792,
                    "recall": 0.9874213836477987,
                    "f1-score": 0.9832985386221295,
                    "support": 477
                },
                "muffin": {
                    "precision": 0.9854368932038835,
                    "recall": 0.9759615384615384,
                    "f1-score": 0.9806763285024155,
                    "support": 416
                },
                "micro avg": {
                    "precision": 0.9820828667413214,
                    "recall": 0.9820828667413214,
                    "f1-score": 0.9820828667413214,
                    "support": 893
                },
                "macro avg": {
                    "precision": 0.9823234362069313,
                    "recall": 0.9816914610546685,
                    "f1-score": 0.9819874335622725,
                    "support": 893
                },
                "weighted avg": {
                    "precision": 0.982110758853276,
                    "recall": 0.9820828667413214,
                    "f1-score": 0.9820769939303029,
                    "support": 893
                },
                "samples avg": {
                    "precision": 0.9820828667413214,
                    "recall": 0.9820828667413214,
                    "f1-score": 0.9820828667413214,
                    "support": 893
                }
            }
        }
    },
    "training_history": {
        "accuracy": [
            0.6309375166893005,
            0.8309375047683716,
            0.9128124713897705,
            0.9443749785423279,
            0.9509375095367432,
            0.9628124833106995,
            0.9690625071525574,
            0.9678124785423279,
            0.9706249833106995,
            0.9743750095367432,
            0.979687511920929,
            0.9825000166893005,
            0.9809374809265137,
            0.9821875095367432,
            0.9831249713897705,
            0.984375,
            0.9856250286102295,
            0.987500011920929,
            0.9878125190734863,
            0.9862499833106995,
            0.9900000095367432,
            0.9887499809265137,
            0.989062488079071,
            0.9893749952316284,
            0.9906250238418579
        ],
        "loss": [
            0.7191957831382751,
            0.3877193033695221,
            0.2498999536037445,
            0.1825147122144699,
            0.149541437625885,
            0.12118563801050186,
            0.10504880547523499,
            0.09788758307695389,
            0.08771474659442902,
            0.07861075550317764,
            0.07015632838010788,
            0.06250856071710587,
            0.06510309875011444,
            0.05991852283477783,
            0.05234290659427643,
            0.052915655076503754,
            0.04879037290811539,
            0.0473807230591774,
            0.04441504925489426,
            0.0453915111720562,
            0.037392064929008484,
            0.03709973394870758,
            0.03582751378417015,
            0.03500539809465408,
            0.030322015285491943
        ],