{
    "name": "trial_52",
    "start_time": "2024-10-20 12:02:51.342",
    "duration": "33.213",
    "directory": "/home/krakerlu/github/ImageMLResearch/demo/chihuahua_vs_muffin/experiments/experiment_03/output/trial_52",
    "hyperparameters": {
        "units1": 128,
        "kernel_size1": 3,
        "units2": 64,
        "kernel_size2": 7,
        "dense_units": 256,
        "dropout_rate": 0.22634106272893156,
        "learning_rate": 5.1771039177890786e-05
    },
    "figures": {
        "model_summary": "/home/krakerlu/github/ImageMLResearch/demo/chihuahua_vs_muffin/experiments/experiment_03/output/trial_52/model_summary.png",
        "confusion_matrix": "/home/krakerlu/github/ImageMLResearch/demo/chihuahua_vs_muffin/experiments/experiment_03/output/trial_52/confusion_matrix.png",
        "training_history": "/home/krakerlu/github/ImageMLResearch/demo/chihuahua_vs_muffin/experiments/experiment_03/output/trial_52/training_history.png"
    },
    "evaluation_metrics": {
        "train": {
            "accuracy": 0.9340624809265137,
            "precision": 0.9340624809265137,
            "recall": 0.9340624809265137,
            "f1": 0.9340624309265163,
            "classification_report": {
                "chihuahua": {
                    "precision": 0.9183783783783783,
                    "recall": 0.9658897100625355,
                    "f1-score": 0.941535051260737,
                    "support": 1759
                },
                "muffin": {
                    "precision": 0.9555555555555556,
                    "recall": 0.8952116585704372,
                    "f1-score": 0.9243998566821927,
                    "support": 1441
                },
                "micro avg": {
                    "precision": 0.9340625,
                    "recall": 0.9340625,
                    "f1-score": 0.9340625,
                    "support": 3200
                },
                "macro avg": {
                    "precision": 0.9369669669669669,
                    "recall": 0.9305506843164864,
                    "f1-score": 0.9329674539714649,
                    "support": 3200
                },
                "weighted avg": {
                    "precision": 0.9351197259759759,
                    "recall": 0.9340625,
                    "f1-score": 0.9338188589520863,
                    "support": 3200
                },
                "samples avg": {
                    "precision": 0.9340625,
                    "recall": 0.9340625,
                    "f1-score": 0.9340625,
                    "support": 3200
                }
            }
        },
        "val": {
            "accuracy": 0.901562511920929,
            "precision": 0.901562511920929,
            "recall": 0.901562511920929,
            "f1": 0.9015624619209317,
            "classification_report": {
                "chihuahua": {
                    "precision": 0.8714285714285714,
                    "recall": 0.9442724458204335,
                    "f1-score": 0.9063893016344725,
                    "support": 323
                },
                "muffin": {
                    "precision": 0.9379310344827586,
                    "recall": 0.8580441640378549,
                    "f1-score": 0.8962108731466227,
                    "support": 317
                },
                "micro avg": {
                    "precision": 0.9015625,
                    "recall": 0.9015625,
                    "f1-score": 0.9015625,
                    "support": 640
                },
                "macro avg": {
                    "precision": 0.9046798029556651,
                    "recall": 0.9011583049291442,
                    "f1-score": 0.9013000873905477,
                    "support": 640
                },
                "weighted avg": {
                    "precision": 0.9043680726600986,
                    "recall": 0.9015625,
                    "f1-score": 0.9013477987740846,
                    "support": 640
                },
                "samples avg": {
                    "precision": 0.9015625,
                    "recall": 0.9015625,
                    "f1-score": 0.9015625,
                    "support": 640
                }
            }
        },
        "test": {
            "accuracy": 0.8969764709472656,
            "precision": 0.8969764709472656,
            "recall": 0.8969764709472656,
            "f1": 0.8969764209472684,
            "classification_report": {
                "chihuahua": {
                    "precision": 0.8767123287671232,
                    "recall": 0.939203354297694,
                    "f1-score": 0.9068825910931174,
                    "support": 477
                },
                "muffin": {
                    "precision": 0.9240837696335078,
                    "recall": 0.8485576923076923,
                    "f1-score": 0.8847117794486216,
                    "support": 416
                },
                "micro avg": {
                    "precision": 0.896976483762598,
                    "recall": 0.896976483762598,
                    "f1-score": 0.896976483762598,
                    "support": 893
                },
                "macro avg": {
                    "precision": 0.9003980492003155,
                    "recall": 0.8938805233026932,
                    "f1-score": 0.8957971852708695,
                    "support": 893
                },
                "weighted avg": {
                    "precision": 0.8987800996522475,
                    "recall": 0.896976483762598,
                    "f1-score": 0.8965544190392426,
                    "support": 893
                },
                "samples avg": {
                    "precision": 0.896976483762598,
                    "recall": 0.896976483762598,
                    "f1-score": 0.896976483762598,
                    "support": 893
                }
            }
        }
    },
    "training_history": {
        "accuracy": [
            0.6071875095367432,
            0.737500011920929,
            0.7728124856948853,
            0.8012499809265137,
            0.8221874833106995,
            0.8393750190734863,
            0.8456249833106995,
            0.8603125214576721,
            0.8637499809265137,
            0.8681250214576721,
            0.8725000023841858,
            0.8787500262260437,
            0.8815624713897705,
            0.8887500166893005,
            0.8912500143051147,
            0.8978124856948853,
            0.8987500071525574,
            0.9034374952316284,
            0.9059374928474426,
            0.9106249809265137,
            0.918749988079071,
            0.9178125262260437,
            0.9209374785423279,
            0.9246875047683716,
            0.925000011920929
        ],
        "loss": [
            0.6552621722221375,
            0.5372958183288574,
            0.48915791511535645,
            0.4434635639190674,
            0.41208720207214355,
            0.3783752918243408,
            0.36127957701683044,
            0.3450368046760559,
            0.3278532028198242,
            0.3256300389766693,
            0.30550616979599,
            0.2938508093357086,
            0.2945496141910553,
            0.2745268940925598,
            0.26687562465667725,
            0.25375235080718994,
            0.2465597689151764,
            0.238061785697937,
            0.2310355305671692,
            0.22695133090019226,
            0.20857734978199005,
            0.20991702377796173,
            0.20800773799419403,
            0.19625945389270782,
            0.19184298813343048
        ],