{
    "name": "trial_88",
    "start_time": "2024-10-27 13:40:08.886",
    "duration": "0:05:49.138",
    "directory": "/home/krakerlu/github/ImageMLResearch/demo/chihuahua_vs_muffin/experiments/experiment_04/output/trial_88",
    "hyperparameters": {
        "normalization": "standard",
        "batch_size": 128,
        "learning_rate": 7.058495156162403e-05
    },
    "figures": {
        "training_history": "/home/krakerlu/github/ImageMLResearch/demo/chihuahua_vs_muffin/experiments/experiment_04/output/trial_88/training_history.png"
    },
    "evaluation_metrics": {
        "train": {
            "accuracy": 0.960006058216095,
            "precision": 0.960006058216095,
            "recall": 0.960006058216095,
            "f1": 0.9600060082160975,
            "classification_report": {
                "chihuahua": {
                    "precision": 0.9812126387702819,
                    "recall": 0.9454196379594075,
                    "f1-score": 0.9629836569353262,
                    "support": 3646
                },
                "muffin": {
                    "precision": 0.9360745261805332,
                    "recall": 0.9778523489932885,
                    "f1-score": 0.9565074675857541,
                    "support": 2980
                },
                "micro avg": {
                    "precision": 0.9600060368246303,
                    "recall": 0.9600060368246303,
                    "f1-score": 0.9600060368246303,
                    "support": 6626
                },
                "macro avg": {
                    "precision": 0.9586435824754076,
                    "recall": 0.9616359934763481,
                    "f1-score": 0.9597455622605402,
                    "support": 6626
                },
                "weighted avg": {
                    "precision": 0.9609120689668634,
                    "recall": 0.9600060368246303,
                    "f1-score": 0.9600710332918422,
                    "support": 6626
                },
                "samples avg": {
                    "precision": 0.9600060368246303,
                    "recall": 0.9600060368246303,
                    "f1-score": 0.9600060368246303,
                    "support": 6626
                }
            }
        },
        "val": {
            "accuracy": 0.8448519110679626,
            "precision": 0.8448519110679626,
            "recall": 0.8448519110679626,
            "f1": 0.8448518610679656,
            "classification_report": {
                "chihuahua": {
                    "precision": 0.9532374100719424,
                    "recall": 0.7320441988950276,
                    "f1-score": 0.828125,
                    "support": 362
                },
                "muffin": {
                    "precision": 0.7749419953596288,
                    "recall": 0.962536023054755,
                    "f1-score": 0.8586118251928021,
                    "support": 347
                },
                "micro avg": {
                    "precision": 0.844851904090268,
                    "recall": 0.844851904090268,
                    "f1-score": 0.844851904090268,
                    "support": 709
                },
                "macro avg": {
                    "precision": 0.8640897027157857,
                    "recall": 0.8472901109748914,
                    "f1-score": 0.843368412596401,
                    "support": 709
                },
                "weighted avg": {
                    "precision": 0.8659757614045619,
                    "recall": 0.844851904090268,
                    "f1-score": 0.8430459144455604,
                    "support": 709
                },
                "samples avg": {
                    "precision": 0.844851904090268,
                    "recall": 0.844851904090268,
                    "f1-score": 0.844851904090268,
                    "support": 709
                }
            }
        },
        "test": {
            "accuracy": 0.855133593082428,
            "precision": 0.855133593082428,
            "recall": 0.855133593082428,
            "f1": 0.8551335430824308,
            "classification_report": {
                "chihuahua": {
                    "precision": 0.9501661129568106,
                    "recall": 0.7647058823529411,
                    "f1-score": 0.8474074074074074,
                    "support": 374
                },
                "muffin": {
                    "precision": 0.7853658536585366,
                    "recall": 0.9554896142433235,
                    "f1-score": 0.8621151271753681,
                    "support": 337
                },
                "micro avg": {
                    "precision": 0.8551336146272855,
                    "recall": 0.8551336146272855,
                    "f1-score": 0.8551336146272855,
                    "support": 711
                },
                "macro avg": {
                    "precision": 0.8677659833076736,
                    "recall": 0.8600977482981322,
                    "f1-score": 0.8547612672913878,
                    "support": 711
                },
                "weighted avg": {
                    "precision": 0.8720540350615668,
                    "recall": 0.8551336146272855,
                    "f1-score": 0.8543785769739373,
                    "support": 711
                },
                "samples avg": {
                    "precision": 0.8551336146272855,
                    "recall": 0.8551336146272855,
                    "f1-score": 0.8551336146272855,
                    "support": 711
                }
            }
        }
    },
    "training_history": {
        "accuracy": [
            0.7037428021430969,
            0.797766387462616,
            0.8300634026527405,
            0.8534560799598694,
            0.8742831349372864,
            0.882583737373352,
            0.8951101899147034,
            0.9076365828514099,
            0.915635347366333,
            0.9139752388000488,
            0.9225777387619019,
            0.928010880947113,
            0.9367642402648926,
            0.9351041316986084,
            0.9458194971084595
        ],
        "loss": [
            0.5598613619804382,
            0.44663557410240173,
            0.38919466733932495,
            0.35150206089019775,
            0.31159189343452454,
            0.289734810590744,
            0.2648005783557892,
            0.24179232120513916,
            0.22336067259311676,
            0.22256112098693848,
            0.19579309225082397,
            0.18374408781528473,
            0.16256758570671082,
            0.16450567543506622,
            0.1381632387638092
        ],
        "val_accuracy": [
            0.7842031121253967,
            0.8222849369049072,
            0.8307475447654724,
            0.8222849369049072,
            0.8124118447303772,
            0.8589562773704529,
            0.8377997279167175,
            0.8349788188934326,
            0.870239794254303,
            0.8265162110328674,
            0.8490832448005676,
            0.8575458526611328,
            0.8519040942192078,
            0.8406205773353577,
            0.8448519110679626
        ],
        "val_loss": [
            0.4658924639225006,
            0.4009237587451935,
            0.40889981389045715,
            0.41378453373908997,
            0.4553371071815491,
            0.3550170660018921,
            0.41004830598831177,
            0.3940037190914154,
            0.32858768105506897,
            0.40684059262275696,
            0.3695630431175232,
            0.3419443964958191,
            0.38288217782974243,
            0.3998109698295593,
            0.4044985771179199
        ]
    }
}