{
    "name": "trial_64",
    "start_time": "2024-10-27 11:20:19.156",
    "duration": "0:05:53.868",
    "directory": "/home/krakerlu/github/ImageMLResearch/demo/chihuahua_vs_muffin/experiments/experiment_04/output/trial_64",
    "hyperparameters": {
        "normalization": "standard",
        "batch_size": 64,
        "learning_rate": 5.4852445588876624e-05
    },
    "figures": {
        "training_history": "/home/krakerlu/github/ImageMLResearch/demo/chihuahua_vs_muffin/experiments/experiment_04/output/trial_64/training_history.png"
    },
    "evaluation_metrics": {
        "train": {
            "accuracy": 0.9541201591491699,
            "precision": 0.9541201591491699,
            "recall": 0.9541201591491699,
            "f1": 0.9541201091491726,
            "classification_report": {
                "chihuahua": {
                    "precision": 0.995257854179016,
                    "recall": 0.9210093252879868,
                    "f1-score": 0.9566951566951567,
                    "support": 3646
                },
                "muffin": {
                    "precision": 0.9114391143911439,
                    "recall": 0.9946308724832215,
                    "f1-score": 0.9512195121951219,
                    "support": 2980
                },
                "micro avg": {
                    "precision": 0.9541201328101419,
                    "recall": 0.9541201328101419,
                    "f1-score": 0.9541201328101419,
                    "support": 6626
                },
                "macro avg": {
                    "precision": 0.9533484842850799,
                    "recall": 0.9578200988856042,
                    "f1-score": 0.9539573344451393,
                    "support": 6626
                },
                "weighted avg": {
                    "precision": 0.9575609262333686,
                    "recall": 0.9541201328101419,
                    "f1-score": 0.9542325215291283,
                    "support": 6626
                },
                "samples avg": {
                    "precision": 0.9541201328101419,
                    "recall": 0.9541201328101419,
                    "f1-score": 0.9541201328101419,
                    "support": 6626
                }
            }
        },
        "val": {
            "accuracy": 0.8025388121604919,
            "precision": 0.8025388121604919,
            "recall": 0.8025388121604919,
            "f1": 0.802538762160495,
            "classification_report": {
                "chihuahua": {
                    "precision": 0.9549180327868853,
                    "recall": 0.643646408839779,
                    "f1-score": 0.768976897689769,
                    "support": 362
                },
                "muffin": {
                    "precision": 0.7225806451612903,
                    "recall": 0.968299711815562,
                    "f1-score": 0.8275862068965517,
                    "support": 347
                },
                "micro avg": {
                    "precision": 0.8025387870239774,
                    "recall": 0.8025387870239774,
                    "f1-score": 0.8025387870239774,
                    "support": 709
                },
                "macro avg": {
                    "precision": 0.8387493389740878,
                    "recall": 0.8059730603276705,
                    "f1-score": 0.7982815522931603,
                    "support": 709
                },
                "weighted avg": {
                    "precision": 0.8412070687444573,
                    "recall": 0.8025387870239774,
                    "f1-score": 0.79766156665275,
                    "support": 709
                },
                "samples avg": {
                    "precision": 0.8025387870239774,
                    "recall": 0.8025387870239774,
                    "f1-score": 0.8025387870239774,
                    "support": 709
                }
            }
        },
        "test": {
            "accuracy": 0.8284106850624084,
            "precision": 0.8284106850624084,
            "recall": 0.8284106850624084,
            "f1": 0.8284106350624114,
            "classification_report": {
                "chihuahua": {
                    "precision": 0.9736842105263158,
                    "recall": 0.6925133689839572,
                    "f1-score": 0.809375,
                    "support": 374
                },
                "muffin": {
                    "precision": 0.7415730337078652,
                    "recall": 0.9792284866468842,
                    "f1-score": 0.8439897698209718,
                    "support": 337
                },
                "micro avg": {
                    "precision": 0.8284106891701828,
                    "recall": 0.8284106891701828,
                    "f1-score": 0.8284106891701828,
                    "support": 711
                },
                "macro avg": {
                    "precision": 0.8576286221170906,
                    "recall": 0.8358709278154207,
                    "f1-score": 0.8266823849104858,
                    "support": 711
                },
                "weighted avg": {
                    "precision": 0.8636680831172893,
                    "recall": 0.8284106891701828,
                    "f1-score": 0.8257817193103622,
                    "support": 711
                },
                "samples avg": {
                    "precision": 0.8284106891701828,
                    "recall": 0.8284106891701828,
                    "f1-score": 0.8284106891701828,
                    "support": 711
                }
            }
        }
    },
    "training_history": {
        "accuracy": [
            0.7207968831062317,
            0.7944461107254028,
            0.8300634026527405,
            0.8610020875930786,
            0.8738303780555725,
            0.8907334804534912,
            0.9056746363639832,
            0.9100512862205505,
            0.9210684895515442,
            0.9254451990127563,
            0.9281617999076843,
            0.9415937066078186,
            0.9435557126998901,
            0.9495925307273865,
            0.9485360980033875
        ],
        "loss": [
            0.5473095178604126,
            0.4498943090438843,
            0.3933205008506775,
            0.3325529992580414,
            0.3024848401546478,
            0.2681955397129059,
            0.23728272318840027,
            0.2217721939086914,
            0.19990523159503937,
            0.18636509776115417,
            0.181040421128273,
            0.15286453068256378,
            0.14894555509090424,
            0.1369905024766922,
            0.13191702961921692
        ],
        "val_accuracy": [
            0.7954866290092468,
            0.8067700862884521,
            0.8321579694747925,
            0.8138222694396973,
            0.8110014200210571,
            0.8392101526260376,
            0.8815232515335083,
            0.8674188852310181,
            0.8815232515335083,
            0.8265162110328674,
            0.8420310020446777,
            0.8293371200561523,
            0.8631876111030579,
            0.8236953616142273,
            0.8025388121604919
        ],
        "val_loss": [
            0.4445154368877411,
            0.41031113266944885,
            0.3824694752693176,
            0.40120798349380493,
            0.4322875142097473,
            0.3621305823326111,
            0.30322015285491943,
            0.3157196342945099,
            0.3011038303375244,
            0.41797322034835815,
            0.38510820269584656,
            0.4463982582092285,
            0.36599788069725037,
            0.49024656414985657,
            0.5991660952568054
        ]
    }
}