{
    "name": "trial_14",
    "start_time": "2024-10-24 12:00:50.033",
    "duration": "0:05:43.157",
    "directory": "/home/krakerlu/github/ImageMLResearch/demo/chihuahua_vs_muffin/experiments/experiment_04/output/trial_14",
    "hyperparameters": {
        "normalization": "min_max",
        "batch_size": 64,
        "learning_rate": 0.00010042710457387923
    },
    "figures": {
        "training_history": "/home/krakerlu/github/ImageMLResearch/demo/chihuahua_vs_muffin/experiments/experiment_04/output/trial_14/training_history.png"
    },
    "evaluation_metrics": {
        "train": {
            "accuracy": 0.9687594175338745,
            "precision": 0.9687594175338745,
            "recall": 0.9687594175338745,
            "f1": 0.968759367533877,
            "classification_report": {
                "chihuahua": {
                    "precision": 0.9684009806592209,
                    "recall": 0.9750411409764125,
                    "f1-score": 0.971709717097171,
                    "support": 3646
                },
                "muffin": {
                    "precision": 0.9692047377326565,
                    "recall": 0.9610738255033557,
                    "f1-score": 0.9651221566975569,
                    "support": 2980
                },
                "micro avg": {
                    "precision": 0.9687594325384847,
                    "recall": 0.9687594325384847,
                    "f1-score": 0.9687594325384847,
                    "support": 6626
                },
                "macro avg": {
                    "precision": 0.9688028591959387,
                    "recall": 0.968057483239884,
                    "f1-score": 0.9684159368973639,
                    "support": 6626
                },
                "weighted avg": {
                    "precision": 0.9687624651262958,
                    "recall": 0.9687594325384847,
                    "f1-score": 0.9687470050550867,
                    "support": 6626
                },
                "samples avg": {
                    "precision": 0.9687594325384847,
                    "recall": 0.9687594325384847,
                    "f1-score": 0.9687594325384847,
                    "support": 6626
                }
            }
        },
        "val": {
            "accuracy": 0.8631876111030579,
            "precision": 0.8631876111030579,
            "recall": 0.8631876111030579,
            "f1": 0.8631875611030607,
            "classification_report": {
                "chihuahua": {
                    "precision": 0.9127725856697819,
                    "recall": 0.8093922651933702,
                    "f1-score": 0.8579795021961932,
                    "support": 362
                },
                "muffin": {
                    "precision": 0.8221649484536082,
                    "recall": 0.9193083573487032,
                    "f1-score": 0.8680272108843538,
                    "support": 347
                },
                "micro avg": {
                    "precision": 0.8631875881523272,
                    "recall": 0.8631875881523272,
                    "f1-score": 0.8631875881523272,
                    "support": 709
                },
                "macro avg": {
                    "precision": 0.8674687670616951,
                    "recall": 0.8643503112710367,
                    "f1-score": 0.8630033565402735,
                    "support": 709
                },
                "weighted avg": {
                    "precision": 0.8684272399518521,
                    "recall": 0.8631875881523272,
                    "f1-score": 0.8628970690717809,
                    "support": 709
                },
                "samples avg": {
                    "precision": 0.8631875881523272,
                    "recall": 0.8631875881523272,
                    "f1-score": 0.8631875881523272,
                    "support": 709
                }
            }
        },
        "test": {
            "accuracy": 0.8706047534942627,
            "precision": 0.8706047534942627,
            "recall": 0.8706047534942627,
            "f1": 0.8706047034942656,
            "classification_report": {
                "chihuahua": {
                    "precision": 0.9221556886227545,
                    "recall": 0.8235294117647058,
                    "f1-score": 0.8700564971751412,
                    "support": 374
                },
                "muffin": {
                    "precision": 0.8249336870026526,
                    "recall": 0.9228486646884273,
                    "f1-score": 0.8711484593837535,
                    "support": 337
                },
                "micro avg": {
                    "precision": 0.870604781997187,
                    "recall": 0.870604781997187,
                    "f1-score": 0.870604781997187,
                    "support": 711
                },
                "macro avg": {
                    "precision": 0.8735446878127036,
                    "recall": 0.8731890382265666,
                    "f1-score": 0.8706024782794474,
                    "support": 711
                },
                "weighted avg": {
                    "precision": 0.8760743742121014,
                    "recall": 0.870604781997187,
                    "f1-score": 0.8705740657606579,
                    "support": 711
                },
                "samples avg": {
                    "precision": 0.870604781997187,
                    "recall": 0.870604781997187,
                    "f1-score": 0.870604781997187,
                    "support": 711
                }
            }
        }
    },
    "training_history": {
        "accuracy": [
            0.6986115574836731,
            0.7920314073562622,
            0.8231210112571716,
            0.8520978093147278,
            0.8646242022514343,
            0.883187472820282,
            0.8940537571907043,
            0.8987322449684143,
            0.9083911776542664,
            0.9163900017738342,
            0.9157863259315491,
            0.9311801791191101,
            0.9406881928443909,
            0.9458194971084595,
            0.9515544772148132
        ],
        "loss": [
            0.5726454854011536,
            0.4658799171447754,
            0.409857839345932,
            0.3602308928966522,
            0.32745981216430664,
            0.29110515117645264,
            0.27323052287101746,
            0.2547483742237091,
            0.24095182120800018,
            0.21853043138980865,
            0.22355744242668152,
            0.18507146835327148,
            0.16428303718566895,
            0.14583154022693634,
            0.13072559237480164
        ],
        "val_accuracy": [
            0.7658674120903015,
            0.7954866290092468,
            0.736248254776001,
            0.7757405042648315,
            0.8222849369049072,
            0.8533145189285278,
            0.860366702079773,
            0.8787024021148682,
            0.8744710683822632,
            0.8843441605567932,
            0.8575458526611328,
            0.8645980358123779,
            0.8772919774055481,
            0.8631876111030579,
            0.8631876111030579
        ],
        "val_loss": [
            0.47081586718559265,
            0.4378589689731598,
            0.5254453420639038,
            0.47988590598106384,
            0.3979952335357666,
            0.34397420287132263,
            0.3459658920764923,
            0.30498775839805603,
            0.32853037118911743,
            0.29144659638404846,
            0.3524150848388672,
            0.3445799946784973,
            0.34655725955963135,
            0.3763357996940613,
            0.3622060716152191
        ]
    }
}