{
    "name": "trial_45",
    "start_time": "2024-10-20 11:58:45.859",
    "duration": "32.949",
    "directory": "/home/krakerlu/github/ImageMLResearch/demo/chihuahua_vs_muffin/experiments/experiment_03/output/trial_45",
    "hyperparameters": {
        "units1": 128,
        "kernel_size1": 3,
        "units2": 64,
        "kernel_size2": 7,
        "dense_units": 128,
        "dropout_rate": 0.18650058669267355,
        "learning_rate": 9.305579567950038e-05
    },
    "figures": {
        "model_summary": "/home/krakerlu/github/ImageMLResearch/demo/chihuahua_vs_muffin/experiments/experiment_03/output/trial_45/model_summary.png",
        "confusion_matrix": "/home/krakerlu/github/ImageMLResearch/demo/chihuahua_vs_muffin/experiments/experiment_03/output/trial_45/confusion_matrix.png",
        "training_history": "/home/krakerlu/github/ImageMLResearch/demo/chihuahua_vs_muffin/experiments/experiment_03/output/trial_45/training_history.png"
    },
    "evaluation_metrics": {
        "train": {
            "accuracy": 0.8740624785423279,
            "precision": 0.8740624785423279,
            "recall": 0.8740624785423279,
            "f1": 0.8740624285423307,
            "classification_report": {
                "chihuahua": {
                    "precision": 0.991304347826087,
                    "recall": 0.7777146105741899,
                    "f1-score": 0.8716151640649888,
                    "support": 1759
                },
                "muffin": {
                    "precision": 0.7851648351648352,
                    "recall": 0.9916724496877168,
                    "f1-score": 0.8764182766022692,
                    "support": 1441
                },
                "micro avg": {
                    "precision": 0.8740625,
                    "recall": 0.8740625,
                    "f1-score": 0.8740625,
                    "support": 3200
                },
                "macro avg": {
                    "precision": 0.888234591495461,
                    "recall": 0.8846935301309533,
                    "f1-score": 0.8740167203336291,
                    "support": 3200
                },
                "weighted avg": {
                    "precision": 0.898477148530817,
                    "recall": 0.8740625,
                    "f1-score": 0.873778065679433,
                    "support": 3200
                },
                "samples avg": {
                    "precision": 0.8740625,
                    "recall": 0.8740625,
                    "f1-score": 0.8740625,
                    "support": 3200
                }
            }
        },
        "val": {
            "accuracy": 0.856249988079071,
            "precision": 0.856249988079071,
            "recall": 0.856249988079071,
            "f1": 0.8562499380790739,
            "classification_report": {
                "chihuahua": {
                    "precision": 0.9676113360323887,
                    "recall": 0.739938080495356,
                    "f1-score": 0.8385964912280702,
                    "support": 323
                },
                "muffin": {
                    "precision": 0.7862595419847328,
                    "recall": 0.9747634069400631,
                    "f1-score": 0.8704225352112676,
                    "support": 317
                },
                "micro avg": {
                    "precision": 0.85625,
                    "recall": 0.85625,
                    "f1-score": 0.85625,
                    "support": 640
                },
                "macro avg": {
                    "precision": 0.8769354390085607,
                    "recall": 0.8573507437177096,
                    "f1-score": 0.854509513219669,
                    "support": 640
                },
                "weighted avg": {
                    "precision": 0.8777855255431591,
                    "recall": 0.85625,
                    "f1-score": 0.8543603286384975,
                    "support": 640
                },
                "samples avg": {
                    "precision": 0.85625,
                    "recall": 0.85625,
                    "f1-score": 0.85625,
                    "support": 640
                }
            }
        },
        "test": {
            "accuracy": 0.849943995475769,
            "precision": 0.849943995475769,
            "recall": 0.849943995475769,
            "f1": 0.8499439454757719,
            "classification_report": {
                "chihuahua": {
                    "precision": 0.9597855227882037,
                    "recall": 0.750524109014675,
                    "f1-score": 0.8423529411764706,
                    "support": 477
                },
                "muffin": {
                    "precision": 0.7711538461538462,
                    "recall": 0.9639423076923077,
                    "f1-score": 0.8568376068376068,
                    "support": 416
                },
                "micro avg": {
                    "precision": 0.8499440089585666,
                    "recall": 0.8499440089585666,
                    "f1-score": 0.8499440089585666,
                    "support": 893
                },
                "macro avg": {
                    "precision": 0.865469684471025,
                    "recall": 0.8572332083534914,
                    "f1-score": 0.8495952740070387,
                    "support": 893
                },
                "weighted avg": {
                    "precision": 0.871912311724494,
                    "recall": 0.8499440089585666,
                    "f1-score": 0.8491005569827781,
                    "support": 893
                },
                "samples avg": {
                    "precision": 0.8499440089585666,
                    "recall": 0.8499440089585666,
                    "f1-score": 0.8499440089585666,
                    "support": 893
                }
            }
        }
    },
    "training_history": {
        "accuracy": [
            0.6262500286102295,
            0.7553125023841858,
            0.7956249713897705,
            0.824999988079071,
            0.8409374952316284,
            0.84375,
            0.8550000190734863,
            0.8634374737739563,
            0.8784375190734863,
            0.8756250143051147,
            0.8924999833106995,
            0.8978124856948853,
            0.8871874809265137,
            0.903124988079071,
            0.9143750071525574,
            0.9103124737739563,
            0.9146875143051147,
            0.9262499809265137,
            0.9290624856948853,
            0.9375,
            0.9359375238418579,
            0.9415624737739563,
            0.9434375166893005,
            0.9449999928474426,
            0.9443749785423279
        ],
        "loss": [
            0.6389763355255127,
            0.5165855884552002,
            0.4600770175457001,
            0.40412044525146484,
            0.37077027559280396,
            0.3751413822174072,
            0.34242016077041626,
            0.31641995906829834,
            0.3042062819004059,
            0.30044516921043396,
            0.27136683464050293,
            0.2633686363697052,
            0.27457401156425476,
            0.2392769604921341,
            0.22140133380889893,
            0.2279759645462036,
            0.20743469893932343,
            0.19177179038524628,
            0.1822730004787445,
            0.16396905481815338,
            0.16249139606952667,
            0.1550614982843399,
            0.14332996308803558,
            0.14665938913822174,
            0.1514456570148468
        ],