{
    "name": "trial_63",
    "start_time": "2024-10-20 12:09:04.613",
    "duration": "29.342",
    "directory": "/home/krakerlu/github/ImageMLResearch/demo/chihuahua_vs_muffin/experiments/experiment_03/output/trial_63",
    "hyperparameters": {
        "units1": 128,
        "kernel_size1": 3,
        "units2": 64,
        "kernel_size2": 5,
        "dense_units": 128,
        "dropout_rate": 0.12944573319261857,
        "learning_rate": 8.264027939545117e-05
    },
    "figures": {
        "model_summary": "/home/krakerlu/github/ImageMLResearch/demo/chihuahua_vs_muffin/experiments/experiment_03/output/trial_63/model_summary.png",
        "confusion_matrix": "/home/krakerlu/github/ImageMLResearch/demo/chihuahua_vs_muffin/experiments/experiment_03/output/trial_63/confusion_matrix.png",
        "training_history": "/home/krakerlu/github/ImageMLResearch/demo/chihuahua_vs_muffin/experiments/experiment_03/output/trial_63/training_history.png"
    },
    "evaluation_metrics": {
        "train": {
            "accuracy": 0.9281250238418579,
            "precision": 0.9281250238418579,
            "recall": 0.9281250238418579,
            "f1": 0.9281249738418605,
            "classification_report": {
                "chihuahua": {
                    "precision": 0.9745499689633768,
                    "recall": 0.8925525866969869,
                    "f1-score": 0.9317507418397626,
                    "support": 1759
                },
                "muffin": {
                    "precision": 0.8810572687224669,
                    "recall": 0.9715475364330326,
                    "f1-score": 0.9240924092409241,
                    "support": 1441
                },
                "micro avg": {
                    "precision": 0.928125,
                    "recall": 0.928125,
                    "f1-score": 0.928125,
                    "support": 3200
                },
                "macro avg": {
                    "precision": 0.9278036188429218,
                    "recall": 0.9320500615650098,
                    "f1-score": 0.9279215755403434,
                    "support": 3200
                },
                "weighted avg": {
                    "precision": 0.9324490373861419,
                    "recall": 0.928125,
                    "f1-score": 0.9283020989413481,
                    "support": 3200
                },
                "samples avg": {
                    "precision": 0.928125,
                    "recall": 0.928125,
                    "f1-score": 0.928125,
                    "support": 3200
                }
            }
        },
        "val": {
            "accuracy": 0.887499988079071,
            "precision": 0.887499988079071,
            "recall": 0.887499988079071,
            "f1": 0.8874999380790738,
            "classification_report": {
                "chihuahua": {
                    "precision": 0.9312714776632303,
                    "recall": 0.8390092879256966,
                    "f1-score": 0.8827361563517915,
                    "support": 323
                },
                "muffin": {
                    "precision": 0.8510028653295129,
                    "recall": 0.9369085173501577,
                    "f1-score": 0.8918918918918919,
                    "support": 317
                },
                "micro avg": {
                    "precision": 0.8875,
                    "recall": 0.8875,
                    "f1-score": 0.8875,
                    "support": 640
                },
                "macro avg": {
                    "precision": 0.8911371714963716,
                    "recall": 0.8879589026379271,
                    "f1-score": 0.8873140241218417,
                    "support": 640
                },
                "weighted avg": {
                    "precision": 0.8915134306166859,
                    "recall": 0.8875,
                    "f1-score": 0.8872711066114973,
                    "support": 640
                },
                "samples avg": {
                    "precision": 0.8875,
                    "recall": 0.8875,
                    "f1-score": 0.8875,
                    "support": 640
                }
            }
        },
        "test": {
            "accuracy": 0.8846584558486938,
            "precision": 0.8846584558486938,
            "recall": 0.8846584558486938,
            "f1": 0.8846584058486966,
            "classification_report": {
                "chihuahua": {
                    "precision": 0.9230769230769231,
                    "recall": 0.8553459119496856,
                    "f1-score": 0.8879216539717084,
                    "support": 477
                },
                "muffin": {
                    "precision": 0.8470066518847007,
                    "recall": 0.9182692307692307,
                    "f1-score": 0.881199538638985,
                    "support": 416
                },
                "micro avg": {
                    "precision": 0.8846584546472565,
                    "recall": 0.8846584546472565,
                    "f1-score": 0.8846584546472565,
                    "support": 893
                },
                "macro avg": {
                    "precision": 0.8850417874808119,
                    "recall": 0.8868075713594581,
                    "f1-score": 0.8845605963053467,
                    "support": 893
                },
                "weighted avg": {
                    "precision": 0.8876399322415764,
                    "recall": 0.8846584546472565,
                    "f1-score": 0.8847901870305965,
                    "support": 893
                },
                "samples avg": {
                    "precision": 0.8846584546472565,
                    "recall": 0.8846584546472565,
                    "f1-score": 0.8846584546472565,
                    "support": 893
                }
            }
        }
    },
    "training_history": {
        "accuracy": [
            0.6368749737739563,
            0.7562500238418579,
            0.7990624904632568,
            0.824999988079071,
            0.8493750095367432,
            0.8496875166893005,
            0.8628125190734863,
            0.8759375214576721,
            0.8768749833106995,
            0.8831250071525574,
            0.8815624713897705,
            0.8846874833106995,
            0.8924999833106995,
            0.9003124833106995,
            0.9103124737739563,
            0.9134374856948853,
            0.9115625023841858,
            0.9200000166893005,
            0.9209374785423279,
            0.9275000095367432,
            0.9296875,
            0.926562488079071,
            0.9300000071525574,
            0.903124988079071,
            0.9243749976158142
        ],
        "loss": [
            0.6432971358299255,
            0.5112542510032654,
            0.4441775381565094,
            0.3957017958164215,
            0.36082297563552856,
            0.3465512990951538,
            0.3269307017326355,
            0.3053450286388397,
            0.2965279519557953,
            0.28305649757385254,
            0.28860563039779663,
            0.27435076236724854,
            0.2564052939414978,
            0.2461797147989273,
            0.2282949984073639,
            0.2236080914735794,
            0.22276563942432404,
            0.20453554391860962,
            0.20026452839374542,
            0.18816795945167542,
            0.1884298324584961,
            0.18617692589759827,
            0.18612153828144073,
            0.22518287599086761,
            0.18891197443008423
        ],