{
    "name": "trial_100",
    "start_time": "2024-10-23 09:00:07.729",
    "duration": "21.233",
    "directory": "/home/krakerlu/github/ImageMLResearch/demo/chihuahua_vs_muffin/experiments/experiment_05/output/trial_100",
    "hyperparameters": {
        "dense_units": 256,
        "dropout_rate": 0.4836133389966789,
        "learning_rate": 6.573374917041436e-05
    },
    "figures": {
        "model_summary": "/home/krakerlu/github/ImageMLResearch/demo/chihuahua_vs_muffin/experiments/experiment_05/output/trial_100/model_summary.png",
        "confusion_matrix": "/home/krakerlu/github/ImageMLResearch/demo/chihuahua_vs_muffin/experiments/experiment_05/output/trial_100/confusion_matrix.png",
        "training_history": "/home/krakerlu/github/ImageMLResearch/demo/chihuahua_vs_muffin/experiments/experiment_05/output/trial_100/training_history.png"
    },
    "evaluation_metrics": {
        "train": {
            "accuracy": 0.9996874928474426,
            "precision": 0.9996874928474426,
            "recall": 0.9996874928474426,
            "f1": 0.9996874428474452,
            "classification_report": {
                "chihuahua": {
                    "precision": 1.0,
                    "recall": 0.9994314951677089,
                    "f1-score": 0.9997156667614444,
                    "support": 1759
                },
                "muffin": {
                    "precision": 0.9993065187239945,
                    "recall": 1.0,
                    "f1-score": 0.9996531390912244,
                    "support": 1441
                },
                "micro avg": {
                    "precision": 0.9996875,
                    "recall": 0.9996875,
                    "f1-score": 0.9996875,
                    "support": 3200
                },
                "macro avg": {
                    "precision": 0.9996532593619972,
                    "recall": 0.9997157475838545,
                    "f1-score": 0.9996844029263344,
                    "support": 3200
                },
                "weighted avg": {
                    "precision": 0.9996877167128987,
                    "recall": 0.9996875,
                    "f1-score": 0.9996875097699484,
                    "support": 3200
                },
                "samples avg": {
                    "precision": 0.9996875,
                    "recall": 0.9996875,
                    "f1-score": 0.9996875,
                    "support": 3200
                }
            }
        },
        "val": {
            "accuracy": 0.987500011920929,
            "precision": 0.987500011920929,
            "recall": 0.987500011920929,
            "f1": 0.9874999619209315,
            "classification_report": {
                "chihuahua": {
                    "precision": 0.9876160990712074,
                    "recall": 0.9876160990712074,
                    "f1-score": 0.9876160990712074,
                    "support": 323
                },
                "muffin": {
                    "precision": 0.9873817034700315,
                    "recall": 0.9873817034700315,
                    "f1-score": 0.9873817034700315,
                    "support": 317
                },
                "micro avg": {
                    "precision": 0.9875,
                    "recall": 0.9875,
                    "f1-score": 0.9875,
                    "support": 640
                },
                "macro avg": {
                    "precision": 0.9874989012706195,
                    "recall": 0.9874989012706195,
                    "f1-score": 0.9874989012706195,
                    "support": 640
                },
                "weighted avg": {
                    "precision": 0.9875,
                    "recall": 0.9875,
                    "f1-score": 0.9875,
                    "support": 640
                },
                "samples avg": {
                    "precision": 0.9875,
                    "recall": 0.9875,
                    "f1-score": 0.9875,
                    "support": 640
                }
            }
        },
        "test": {
            "accuracy": 0.9899216294288635,
            "precision": 0.9899216294288635,
            "recall": 0.9899216294288635,
            "f1": 0.989921579428866,
            "classification_report": {
                "chihuahua": {
                    "precision": 0.9875,
                    "recall": 0.9937106918238994,
                    "f1-score": 0.9905956112852664,
                    "support": 477
                },
                "muffin": {
                    "precision": 0.9927360774818402,
                    "recall": 0.9855769230769231,
                    "f1-score": 0.9891435464414958,
                    "support": 416
                },
                "micro avg": {
                    "precision": 0.9899216125419933,
                    "recall": 0.9899216125419933,
                    "f1-score": 0.9899216125419933,
                    "support": 893
                },
                "macro avg": {
                    "precision": 0.9901180387409201,
                    "recall": 0.9896438074504113,
                    "f1-score": 0.9898695788633811,
                    "support": 893
                },
                "weighted avg": {
                    "precision": 0.9899392029478674,
                    "recall": 0.9899216125419933,
                    "f1-score": 0.9899191734633084,
                    "support": 893
                },
                "samples avg": {
                    "precision": 0.9899216125419933,
                    "recall": 0.9899216125419933,
                    "f1-score": 0.9899216125419933,
                    "support": 893
                }
            }
        }
    },
    "training_history": {
        "accuracy": [
            0.7403125166893005,
            0.9353125095367432,
            0.9603124856948853,
            0.9662500023841858,
            0.9743750095367432,
            0.9771875143051147,
            0.9834374785423279,
            0.984375,
            0.9859374761581421,
            0.9878125190734863,
            0.9881250262260437,
            0.9915624856948853,
            0.9887499809265137,
            0.9900000095367432,
            0.9896875023841858,
            0.9934375286102295,
            0.9925000071525574,
            0.9928125143051147,
            0.9959375262260437,
            0.995312511920929,
            0.9950000047683716,
            0.9940624833106995,
            0.9962499737739563,
            0.995312511920929,
            0.9962499737739563
        ],
        "loss": [
            0.5398884415626526,
            0.1755387932062149,
            0.11106772720813751,
            0.09050840139389038,
            0.07036557793617249,
            0.064952053129673,
            0.050757117569446564,
            0.04611324891448021,
            0.041714224964380264,
            0.03499637916684151,
            0.0359719842672348,
            0.03134267032146454,
            0.033156558871269226,
            0.029114389792084694,
            0.027353279292583466,
            0.021567175164818764,
            0.02315518446266651,
            0.023368684574961662,
            0.017717299982905388,
            0.01639174483716488,
            0.016865147277712822,
            0.01997864618897438,
            0.01617245189845562,
            0.015400674194097519,
            0.014601941220462322
        ],