{
    "name": "trial_65",
    "start_time": "2024-10-23 08:46:28.369",
    "duration": "21.033",
    "directory": "/home/krakerlu/github/ImageMLResearch/demo/chihuahua_vs_muffin/experiments/experiment_05/output/trial_65",
    "hyperparameters": {
        "dense_units": 512,
        "dropout_rate": 0.3792502377823683,
        "learning_rate": 1.709664451817053e-05
    },
    "figures": {
        "model_summary": "/home/krakerlu/github/ImageMLResearch/demo/chihuahua_vs_muffin/experiments/experiment_05/output/trial_65/model_summary.png",
        "confusion_matrix": "/home/krakerlu/github/ImageMLResearch/demo/chihuahua_vs_muffin/experiments/experiment_05/output/trial_65/confusion_matrix.png",
        "training_history": "/home/krakerlu/github/ImageMLResearch/demo/chihuahua_vs_muffin/experiments/experiment_05/output/trial_65/training_history.png"
    },
    "evaluation_metrics": {
        "train": {
            "accuracy": 0.9943749904632568,
            "precision": 0.9943749904632568,
            "recall": 0.9943749904632568,
            "f1": 0.9943749404632594,
            "classification_report": {
                "chihuahua": {
                    "precision": 0.9932011331444759,
                    "recall": 0.9965889710062535,
                    "f1-score": 0.9948921679909194,
                    "support": 1759
                },
                "muffin": {
                    "precision": 0.9958188153310105,
                    "recall": 0.9916724496877168,
                    "f1-score": 0.9937413073713491,
                    "support": 1441
                },
                "micro avg": {
                    "precision": 0.994375,
                    "recall": 0.994375,
                    "f1-score": 0.994375,
                    "support": 3200
                },
                "macro avg": {
                    "precision": 0.9945099742377432,
                    "recall": 0.9941307103469852,
                    "f1-score": 0.9943167376811343,
                    "support": 3200
                },
                "weighted avg": {
                    "precision": 0.9943799081540997,
                    "recall": 0.994375,
                    "f1-score": 0.9943739210681691,
                    "support": 3200
                },
                "samples avg": {
                    "precision": 0.994375,
                    "recall": 0.994375,
                    "f1-score": 0.994375,
                    "support": 3200
                }
            }
        },
        "val": {
            "accuracy": 0.989062488079071,
            "precision": 0.989062488079071,
            "recall": 0.989062488079071,
            "f1": 0.9890624380790736,
            "classification_report": {
                "chihuahua": {
                    "precision": 0.9876543209876543,
                    "recall": 0.9907120743034056,
                    "f1-score": 0.9891808346213292,
                    "support": 323
                },
                "muffin": {
                    "precision": 0.990506329113924,
                    "recall": 0.9873817034700315,
                    "f1-score": 0.9889415481832543,
                    "support": 317
                },
                "micro avg": {
                    "precision": 0.9890625,
                    "recall": 0.9890625,
                    "f1-score": 0.9890625,
                    "support": 640
                },
                "macro avg": {
                    "precision": 0.9890803250507891,
                    "recall": 0.9890468888867185,
                    "f1-score": 0.9890611914022918,
                    "support": 640
                },
                "weighted avg": {
                    "precision": 0.9890669562626971,
                    "recall": 0.9890625,
                    "f1-score": 0.9890623130574703,
                    "support": 640
                },
                "samples avg": {
                    "precision": 0.9890625,
                    "recall": 0.9890625,
                    "f1-score": 0.9890625,
                    "support": 640
                }
            }
        },
        "test": {
            "accuracy": 0.9820828437805176,
            "precision": 0.9820828437805176,
            "recall": 0.9820828437805176,
            "f1": 0.9820827937805201,
            "classification_report": {
                "chihuahua": {
                    "precision": 0.9792099792099792,
                    "recall": 0.9874213836477987,
                    "f1-score": 0.9832985386221295,
                    "support": 477
                },
                "muffin": {
                    "precision": 0.9854368932038835,
                    "recall": 0.9759615384615384,
                    "f1-score": 0.9806763285024155,
                    "support": 416
                },
                "micro avg": {
                    "precision": 0.9820828667413214,
                    "recall": 0.9820828667413214,
                    "f1-score": 0.9820828667413214,
                    "support": 893
                },
                "macro avg": {
                    "precision": 0.9823234362069313,
                    "recall": 0.9816914610546685,
                    "f1-score": 0.9819874335622725,
                    "support": 893
                },
                "weighted avg": {
                    "precision": 0.982110758853276,
                    "recall": 0.9820828667413214,
                    "f1-score": 0.9820769939303029,
                    "support": 893
                },
                "samples avg": {
                    "precision": 0.9820828667413214,
                    "recall": 0.9820828667413214,
                    "f1-score": 0.9820828667413214,
                    "support": 893
                }
            }
        }
    },
    "training_history": {
        "accuracy": [
            0.6362500190734863,
            0.8421875238418579,
            0.9100000262260437,
            0.9384375214576721,
            0.9540625214576721,
            0.9574999809265137,
            0.9690625071525574,
            0.9715625047683716,
            0.96875,
            0.9775000214576721,
            0.9746875166893005,
            0.9787499904632568,
            0.9815624952316284,
            0.9793750047683716,
            0.9806249737739563,
            0.9837499856948853,
            0.9856250286102295,
            0.9865624904632568,
            0.9850000143051147,
            0.9853125214576721,
            0.9896875023841858,
            0.9884374737739563,
            0.9893749952316284,
            0.9859374761581421,
            0.9881250262260437
        ],
        "loss": [
            0.718543529510498,
            0.3703517019748688,
            0.23592111468315125,
            0.1751990169286728,
            0.1403338760137558,
            0.12123050540685654,
            0.09900110214948654,
            0.0909338966012001,
            0.08931718021631241,
            0.07346279174089432,
            0.0736519992351532,
            0.06791821867227554,
            0.06126967817544937,
            0.06191510707139969,
            0.05549614503979683,
            0.0531499944627285,
            0.048188019543886185,
            0.04794635251164436,
            0.04773293435573578,
            0.04154301807284355,
            0.03621789067983627,
            0.03863811865448952,
            0.03823880851268768,
            0.038925979286432266,
            0.037088897079229355
        ],