{
    "name": "trial_70",
    "start_time": "2024-10-23 08:48:23.327",
    "duration": "20.821",
    "directory": "/home/krakerlu/github/ImageMLResearch/demo/chihuahua_vs_muffin/experiments/experiment_05/output/trial_70",
    "hyperparameters": {
        "dense_units": 512,
        "dropout_rate": 0.47978812577570157,
        "learning_rate": 2.1450448596466712e-05
    },
    "figures": {
        "model_summary": "/home/krakerlu/github/ImageMLResearch/demo/chihuahua_vs_muffin/experiments/experiment_05/output/trial_70/model_summary.png",
        "confusion_matrix": "/home/krakerlu/github/ImageMLResearch/demo/chihuahua_vs_muffin/experiments/experiment_05/output/trial_70/confusion_matrix.png",
        "training_history": "/home/krakerlu/github/ImageMLResearch/demo/chihuahua_vs_muffin/experiments/experiment_05/output/trial_70/training_history.png"
    },
    "evaluation_metrics": {
        "train": {
            "accuracy": 0.9950000047683716,
            "precision": 0.9950000047683716,
            "recall": 0.9950000047683716,
            "f1": 0.9949999547683741,
            "classification_report": {
                "chihuahua": {
                    "precision": 0.9937677053824363,
                    "recall": 0.9971574758385446,
                    "f1-score": 0.9954597048808173,
                    "support": 1759
                },
                "muffin": {
                    "precision": 0.9965156794425087,
                    "recall": 0.9923664122137404,
                    "f1-score": 0.9944367176634215,
                    "support": 1441
                },
                "micro avg": {
                    "precision": 0.995,
                    "recall": 0.995,
                    "f1-score": 0.995,
                    "support": 3200
                },
                "macro avg": {
                    "precision": 0.9951416924124725,
                    "recall": 0.9947619440261426,
                    "f1-score": 0.9949482112721193,
                    "support": 3200
                },
                "weighted avg": {
                    "precision": 0.9950051524513627,
                    "recall": 0.995,
                    "f1-score": 0.9949990409494837,
                    "support": 3200
                },
                "samples avg": {
                    "precision": 0.995,
                    "recall": 0.995,
                    "f1-score": 0.995,
                    "support": 3200
                }
            }
        },
        "val": {
            "accuracy": 0.989062488079071,
            "precision": 0.989062488079071,
            "recall": 0.989062488079071,
            "f1": 0.9890624380790736,
            "classification_report": {
                "chihuahua": {
                    "precision": 0.9876543209876543,
                    "recall": 0.9907120743034056,
                    "f1-score": 0.9891808346213292,
                    "support": 323
                },
                "muffin": {
                    "precision": 0.990506329113924,
                    "recall": 0.9873817034700315,
                    "f1-score": 0.9889415481832543,
                    "support": 317
                },
                "micro avg": {
                    "precision": 0.9890625,
                    "recall": 0.9890625,
                    "f1-score": 0.9890625,
                    "support": 640
                },
                "macro avg": {
                    "precision": 0.9890803250507891,
                    "recall": 0.9890468888867185,
                    "f1-score": 0.9890611914022918,
                    "support": 640
                },
                "weighted avg": {
                    "precision": 0.9890669562626971,
                    "recall": 0.9890625,
                    "f1-score": 0.9890623130574703,
                    "support": 640
                },
                "samples avg": {
                    "precision": 0.9890625,
                    "recall": 0.9890625,
                    "f1-score": 0.9890625,
                    "support": 640
                }
            }
        },
        "test": {
            "accuracy": 0.9865621328353882,
            "precision": 0.9865621328353882,
            "recall": 0.9865621328353882,
            "f1": 0.9865620828353907,
            "classification_report": {
                "chihuahua": {
                    "precision": 0.9853862212943633,
                    "recall": 0.989517819706499,
                    "f1-score": 0.9874476987447699,
                    "support": 477
                },
                "muffin": {
                    "precision": 0.9879227053140096,
                    "recall": 0.9831730769230769,
                    "f1-score": 0.9855421686746988,
                    "support": 416
                },
                "micro avg": {
                    "precision": 0.986562150055991,
                    "recall": 0.986562150055991,
                    "f1-score": 0.986562150055991,
                    "support": 893
                },
                "macro avg": {
                    "precision": 0.9866544633041865,
                    "recall": 0.986345448314788,
                    "f1-score": 0.9864949337097344,
                    "support": 893
                },
                "weighted avg": {
                    "precision": 0.9865678308712645,
                    "recall": 0.986562150055991,
                    "f1-score": 0.9865600162037289,
                    "support": 893
                },
                "samples avg": {
                    "precision": 0.986562150055991,
                    "recall": 0.986562150055991,
                    "f1-score": 0.986562150055991,
                    "support": 893
                }
            }
        }
    },
    "training_history": {
        "accuracy": [
            0.6615625023841858,
            0.8381249904632568,
            0.9159374833106995,
            0.9368749856948853,
            0.9534375071525574,
            0.9584375023841858,
            0.9662500023841858,
            0.9681249856948853,
            0.9765625,
            0.9765625,
            0.9762499928474426,
            0.9746875166893005,
            0.9771875143051147,
            0.9806249737739563,
            0.9828125238418579,
            0.9821875095367432,
            0.9837499856948853,
            0.9825000166893005,
            0.9862499833106995,
            0.9884374737739563,
            0.9884374737739563,
            0.9887499809265137,
            0.9868749976158142,
            0.9900000095367432,
            0.9921875
        ],
        "loss": [
            0.7096762657165527,
            0.35553866624832153,
            0.22099937498569489,
            0.16767548024654388,
            0.13133473694324493,
            0.1153457909822464,
            0.09545673429965973,
            0.08699346333742142,
            0.07073299586772919,
            0.07243192195892334,
            0.06430113315582275,
            0.06375752389431,
            0.06224175915122032,
            0.05190420150756836,
            0.04885430634021759,
            0.0510096549987793,
            0.04973643645644188,
            0.04765694588422775,
            0.04082007706165314,
            0.038702286779880524,
            0.03724082559347153,
            0.033221535384655,
            0.035958800464868546,
            0.031219743192195892,
            0.030361199751496315
        ],