{
    "name": "trial_25",
    "start_time": "2024-10-23 08:31:17.935",
    "duration": "21.888",
    "directory": "/home/krakerlu/github/ImageMLResearch/demo/chihuahua_vs_muffin/experiments/experiment_05/output/trial_25",
    "hyperparameters": {
        "dense_units": 512,
        "dropout_rate": 0.39764931776526286,
        "learning_rate": 3.2109528653206545e-05
    },
    "figures": {
        "model_summary": "/home/krakerlu/github/ImageMLResearch/demo/chihuahua_vs_muffin/experiments/experiment_05/output/trial_25/model_summary.png",
        "confusion_matrix": "/home/krakerlu/github/ImageMLResearch/demo/chihuahua_vs_muffin/experiments/experiment_05/output/trial_25/confusion_matrix.png",
        "training_history": "/home/krakerlu/github/ImageMLResearch/demo/chihuahua_vs_muffin/experiments/experiment_05/output/trial_25/training_history.png"
    },
    "evaluation_metrics": {
        "train": {
            "accuracy": 0.9993749856948853,
            "precision": 0.9993749856948853,
            "recall": 0.9993749856948853,
            "f1": 0.9993749356948878,
            "classification_report": {
                "chihuahua": {
                    "precision": 0.9994314951677089,
                    "recall": 0.9994314951677089,
                    "f1-score": 0.9994314951677089,
                    "support": 1759
                },
                "muffin": {
                    "precision": 0.9993060374739764,
                    "recall": 0.9993060374739764,
                    "f1-score": 0.9993060374739764,
                    "support": 1441
                },
                "micro avg": {
                    "precision": 0.999375,
                    "recall": 0.999375,
                    "f1-score": 0.999375,
                    "support": 3200
                },
                "macro avg": {
                    "precision": 0.9993687663208426,
                    "recall": 0.9993687663208426,
                    "f1-score": 0.9993687663208426,
                    "support": 3200
                },
                "weighted avg": {
                    "precision": 0.999375,
                    "recall": 0.999375,
                    "f1-score": 0.999375,
                    "support": 3200
                },
                "samples avg": {
                    "precision": 0.999375,
                    "recall": 0.999375,
                    "f1-score": 0.999375,
                    "support": 3200
                }
            }
        },
        "val": {
            "accuracy": 0.989062488079071,
            "precision": 0.989062488079071,
            "recall": 0.989062488079071,
            "f1": 0.9890624380790736,
            "classification_report": {
                "chihuahua": {
                    "precision": 0.9876543209876543,
                    "recall": 0.9907120743034056,
                    "f1-score": 0.9891808346213292,
                    "support": 323
                },
                "muffin": {
                    "precision": 0.990506329113924,
                    "recall": 0.9873817034700315,
                    "f1-score": 0.9889415481832543,
                    "support": 317
                },
                "micro avg": {
                    "precision": 0.9890625,
                    "recall": 0.9890625,
                    "f1-score": 0.9890625,
                    "support": 640
                },
                "macro avg": {
                    "precision": 0.9890803250507891,
                    "recall": 0.9890468888867185,
                    "f1-score": 0.9890611914022918,
                    "support": 640
                },
                "weighted avg": {
                    "precision": 0.9890669562626971,
                    "recall": 0.9890625,
                    "f1-score": 0.9890623130574703,
                    "support": 640
                },
                "samples avg": {
                    "precision": 0.9890625,
                    "recall": 0.9890625,
                    "f1-score": 0.9890625,
                    "support": 640
                }
            }
        },
        "test": {
            "accuracy": 0.9865621328353882,
            "precision": 0.9865621328353882,
            "recall": 0.9865621328353882,
            "f1": 0.9865620828353907,
            "classification_report": {
                "chihuahua": {
                    "precision": 0.9874213836477987,
                    "recall": 0.9874213836477987,
                    "f1-score": 0.9874213836477987,
                    "support": 477
                },
                "muffin": {
                    "precision": 0.9855769230769231,
                    "recall": 0.9855769230769231,
                    "f1-score": 0.9855769230769231,
                    "support": 416
                },
                "micro avg": {
                    "precision": 0.986562150055991,
                    "recall": 0.986562150055991,
                    "f1-score": 0.986562150055991,
                    "support": 893
                },
                "macro avg": {
                    "precision": 0.9864991533623609,
                    "recall": 0.9864991533623609,
                    "f1-score": 0.9864991533623609,
                    "support": 893
                },
                "weighted avg": {
                    "precision": 0.986562150055991,
                    "recall": 0.986562150055991,
                    "f1-score": 0.986562150055991,
                    "support": 893
                },
                "samples avg": {
                    "precision": 0.986562150055991,
                    "recall": 0.986562150055991,
                    "f1-score": 0.986562150055991,
                    "support": 893
                }
            }
        }
    },
    "training_history": {
        "accuracy": [
            0.7368749976158142,
            0.925000011920929,
            0.9606249928474426,
            0.9684374928474426,
            0.9737499952316284,
            0.9740625023841858,
            0.979687511920929,
            0.981249988079071,
            0.984375,
            0.9837499856948853,
            0.9871875047683716,
            0.9884374737739563,
            0.9915624856948853,
            0.9909374713897705,
            0.9912499785423279,
            0.9921875,
            0.9909374713897705,
            0.9931250214576721,
            0.9921875,
            0.9928125143051147,
            0.9959375262260437,
            0.9946874976158142,
            0.9940624833106995,
            0.9959375262260437,
            0.9950000047683716
        ],
        "loss": [
            0.5530035495758057,
            0.19951507449150085,
            0.11880100518465042,
            0.09434905648231506,
            0.08309415727853775,
            0.07127167284488678,
            0.06072350963950157,
            0.05601126328110695,
            0.049618326127529144,
            0.0468640960752964,
            0.04168466478586197,
            0.03916545957326889,
            0.0314045250415802,
            0.030472204089164734,
            0.029112577438354492,
            0.026973586529493332,
            0.02663853019475937,
            0.021079538390040398,
            0.023318564519286156,
            0.023674650117754936,
            0.018220078200101852,
            0.018983028829097748,
            0.019099747762084007,
            0.015928970649838448,
            0.015974370762705803
        ],