{
    "name": "trial_54",
    "start_time": "2024-10-20 12:03:59.720",
    "duration": "33.078",
    "directory": "/home/krakerlu/github/ImageMLResearch/demo/chihuahua_vs_muffin/experiments/experiment_03/output/trial_54",
    "hyperparameters": {
        "units1": 128,
        "kernel_size1": 3,
        "units2": 64,
        "kernel_size2": 7,
        "dense_units": 256,
        "dropout_rate": 0.11888642101807746,
        "learning_rate": 2.7378369699168327e-05
    },
    "figures": {
        "model_summary": "/home/krakerlu/github/ImageMLResearch/demo/chihuahua_vs_muffin/experiments/experiment_03/output/trial_54/model_summary.png",
        "confusion_matrix": "/home/krakerlu/github/ImageMLResearch/demo/chihuahua_vs_muffin/experiments/experiment_03/output/trial_54/confusion_matrix.png",
        "training_history": "/home/krakerlu/github/ImageMLResearch/demo/chihuahua_vs_muffin/experiments/experiment_03/output/trial_54/training_history.png"
    },
    "evaluation_metrics": {
        "train": {
            "accuracy": 0.9046875238418579,
            "precision": 0.9046875238418579,
            "recall": 0.9046875238418579,
            "f1": 0.9046874738418607,
            "classification_report": {
                "chihuahua": {
                    "precision": 0.939540507859734,
                    "recall": 0.8834565093803297,
                    "f1-score": 0.9106358042777615,
                    "support": 1759
                },
                "muffin": {
                    "precision": 0.8673997412677878,
                    "recall": 0.9306037473976405,
                    "f1-score": 0.8978908603950452,
                    "support": 1441
                },
                "micro avg": {
                    "precision": 0.9046875,
                    "recall": 0.9046875,
                    "f1-score": 0.9046875,
                    "support": 3200
                },
                "macro avg": {
                    "precision": 0.9034701245637609,
                    "recall": 0.9070301283889851,
                    "f1-score": 0.9042633323364033,
                    "support": 3200
                },
                "weighted avg": {
                    "precision": 0.9070546189037982,
                    "recall": 0.9046875,
                    "f1-score": 0.9048965967355759,
                    "support": 3200
                },
                "samples avg": {
                    "precision": 0.9046875,
                    "recall": 0.9046875,
                    "f1-score": 0.9046875,
                    "support": 3200
                }
            }
        },
        "val": {
            "accuracy": 0.8921874761581421,
            "precision": 0.8921874761581421,
            "recall": 0.8921874761581421,
            "f1": 0.8921874261581448,
            "classification_report": {
                "chihuahua": {
                    "precision": 0.9096774193548387,
                    "recall": 0.8730650154798761,
                    "f1-score": 0.8909952606635071,
                    "support": 323
                },
                "muffin": {
                    "precision": 0.8757575757575757,
                    "recall": 0.9116719242902208,
                    "f1-score": 0.893353941267388,
                    "support": 317
                },
                "micro avg": {
                    "precision": 0.8921875,
                    "recall": 0.8921875,
                    "f1-score": 0.8921875,
                    "support": 640
                },
                "macro avg": {
                    "precision": 0.8927174975562072,
                    "recall": 0.8923684698850485,
                    "f1-score": 0.8921746009654475,
                    "support": 640
                },
                "weighted avg": {
                    "precision": 0.8928764968230695,
                    "recall": 0.8921875,
                    "f1-score": 0.8921635446501168,
                    "support": 640
                },
                "samples avg": {
                    "precision": 0.8921875,
                    "recall": 0.8921875,
                    "f1-score": 0.8921875,
                    "support": 640
                }
            }
        },
        "test": {
            "accuracy": 0.8868981003761292,
            "precision": 0.8868981003761292,
            "recall": 0.8868981003761292,
            "f1": 0.8868980503761319,
            "classification_report": {
                "chihuahua": {
                    "precision": 0.9196428571428571,
                    "recall": 0.8637316561844863,
                    "f1-score": 0.8908108108108108,
                    "support": 477
                },
                "muffin": {
                    "precision": 0.8539325842696629,
                    "recall": 0.9134615384615384,
                    "f1-score": 0.8826945412311266,
                    "support": 416
                },
                "micro avg": {
                    "precision": 0.8868980963045913,
                    "recall": 0.8868980963045913,
                    "f1-score": 0.8868980963045913,
                    "support": 893
                },
                "macro avg": {
                    "precision": 0.88678772070626,
                    "recall": 0.8885965973230123,
                    "f1-score": 0.8867526760209687,
                    "support": 893
                },
                "weighted avg": {
                    "precision": 0.8890320245389951,
                    "recall": 0.8868980963045913,
                    "f1-score": 0.8870298834366241,
                    "support": 893
                },
                "samples avg": {
                    "precision": 0.8868980963045913,
                    "recall": 0.8868980963045913,
                    "f1-score": 0.8868980963045913,
                    "support": 893
                }
            }
        }
    },
    "training_history": {
        "accuracy": [
            0.6187499761581421,
            0.7303125262260437,
            0.7599999904632568,
            0.776562511920929,
            0.7962499856948853,
            0.8096874952316284,
            0.8262500166893005,
            0.8321874737739563,
            0.8365625143051147,
            0.8471875190734863,
            0.8565624952316284,
            0.859375,
            0.8628125190734863,
            0.8656250238418579,
            0.8696874976158142,
            0.8784375190734863,
            0.8803125023841858,
            0.8849999904632568,
            0.8862500190734863,
            0.8878124952316284,
            0.8912500143051147,
            0.8968750238418579,
            0.9043750166893005,
            0.9018750190734863,
            0.8965625166893005
        ],
        "loss": [
            0.6624123454093933,
            0.5622916221618652,
            0.5075049996376038,
            0.47530797123908997,
            0.4492742121219635,
            0.4229337275028229,
            0.4064267873764038,
            0.394057035446167,
            0.3792126476764679,
            0.36490750312805176,
            0.35546231269836426,
            0.35019761323928833,
            0.3391741216182709,
            0.3298184871673584,
            0.3211405277252197,
            0.307817280292511,
            0.2992793321609497,
            0.2867688834667206,
            0.274983674287796,
            0.27125149965286255,
            0.26173630356788635,
            0.2537417709827423,
            0.24395616352558136,
            0.24342189729213715,
            0.24744006991386414
        ],