{
    "name": "trial_71",
    "start_time": "2024-10-20 12:13:13.920",
    "duration": "22.933",
    "directory": "/home/krakerlu/github/ImageMLResearch/demo/chihuahua_vs_muffin/experiments/experiment_03/output/trial_71",
    "hyperparameters": {
        "units1": 128,
        "kernel_size1": 3,
        "units2": 32,
        "kernel_size2": 3,
        "dense_units": 128,
        "dropout_rate": 0.14117755210502736,
        "learning_rate": 6.434106144148028e-05
    },
    "figures": {
        "model_summary": "/home/krakerlu/github/ImageMLResearch/demo/chihuahua_vs_muffin/experiments/experiment_03/output/trial_71/model_summary.png",
        "confusion_matrix": "/home/krakerlu/github/ImageMLResearch/demo/chihuahua_vs_muffin/experiments/experiment_03/output/trial_71/confusion_matrix.png",
        "training_history": "/home/krakerlu/github/ImageMLResearch/demo/chihuahua_vs_muffin/experiments/experiment_03/output/trial_71/training_history.png"
    },
    "evaluation_metrics": {
        "train": {
            "accuracy": 0.917187511920929,
            "precision": 0.917187511920929,
            "recall": 0.917187511920929,
            "f1": 0.9171874619209317,
            "classification_report": {
                "chihuahua": {
                    "precision": 0.9353146853146853,
                    "recall": 0.9124502558271745,
                    "f1-score": 0.9237410071942446,
                    "support": 1759
                },
                "muffin": {
                    "precision": 0.8962264150943396,
                    "recall": 0.922970159611381,
                    "f1-score": 0.9094017094017094,
                    "support": 1441
                },
                "micro avg": {
                    "precision": 0.9171875,
                    "recall": 0.9171875,
                    "f1-score": 0.9171875,
                    "support": 3200
                },
                "macro avg": {
                    "precision": 0.9157705502045125,
                    "recall": 0.9177102077192778,
                    "f1-score": 0.916571358297977,
                    "support": 3200
                },
                "weighted avg": {
                    "precision": 0.9177127486310859,
                    "recall": 0.9171875,
                    "f1-score": 0.9172838421570435,
                    "support": 3200
                },
                "samples avg": {
                    "precision": 0.9171875,
                    "recall": 0.9171875,
                    "f1-score": 0.9171875,
                    "support": 3200
                }
            }
        },
        "val": {
            "accuracy": 0.8921874761581421,
            "precision": 0.8921874761581421,
            "recall": 0.8921874761581421,
            "f1": 0.8921874261581448,
            "classification_report": {
                "chihuahua": {
                    "precision": 0.89937106918239,
                    "recall": 0.8854489164086687,
                    "f1-score": 0.8923556942277691,
                    "support": 323
                },
                "muffin": {
                    "precision": 0.8850931677018633,
                    "recall": 0.8990536277602523,
                    "f1-score": 0.892018779342723,
                    "support": 317
                },
                "micro avg": {
                    "precision": 0.8921875,
                    "recall": 0.8921875,
                    "f1-score": 0.8921875,
                    "support": 640
                },
                "macro avg": {
                    "precision": 0.8922321184421267,
                    "recall": 0.8922512720844605,
                    "f1-score": 0.892187236785246,
                    "support": 640
                },
                "weighted avg": {
                    "precision": 0.8922990461053166,
                    "recall": 0.8921875,
                    "f1-score": 0.8921888160737698,
                    "support": 640
                },
                "samples avg": {
                    "precision": 0.8921875,
                    "recall": 0.8921875,
                    "f1-score": 0.8921875,
                    "support": 640
                }
            }
        },
        "test": {
            "accuracy": 0.8768197298049927,
            "precision": 0.8768197298049927,
            "recall": 0.8768197298049927,
            "f1": 0.8768196798049955,
            "classification_report": {
                "chihuahua": {
                    "precision": 0.8946236559139785,
                    "recall": 0.8721174004192872,
                    "f1-score": 0.8832271762208068,
                    "support": 477
                },
                "muffin": {
                    "precision": 0.8574766355140186,
                    "recall": 0.8822115384615384,
                    "f1-score": 0.8696682464454977,
                    "support": 416
                },
                "micro avg": {
                    "precision": 0.8768197088465846,
                    "recall": 0.8768197088465846,
                    "f1-score": 0.8768197088465846,
                    "support": 893
                },
                "macro avg": {
                    "precision": 0.8760501457139986,
                    "recall": 0.8771644694404128,
                    "f1-score": 0.8764477113331522,
                    "support": 893
                },
                "weighted avg": {
                    "precision": 0.8773188849325863,
                    "recall": 0.8768197088465846,
                    "f1-score": 0.8769108102784456,
                    "support": 893
                },
                "samples avg": {
                    "precision": 0.8768197088465846,
                    "recall": 0.8768197088465846,
                    "f1-score": 0.8768197088465846,
                    "support": 893
                }
            }
        }
    },
    "training_history": {
        "accuracy": [
            0.604687511920929,
            0.7071874737739563,
            0.7506250143051147,
            0.7768750190734863,
            0.7981250286102295,
            0.807812511920929,
            0.824999988079071,
            0.8399999737739563,
            0.8453124761581421,
            0.8584374785423279,
            0.8584374785423279,
            0.8628125190734863,
            0.8609374761581421,
            0.8778125047683716,
            0.887499988079071,
            0.8840625286102295,
            0.8868749737739563,
            0.8868749737739563,
            0.8896874785423279,
            0.8946874737739563,
            0.8943750262260437,
            0.9034374952316284,
            0.9046875238418579,
            0.9053124785423279,
            0.9103124737739563
        ],
        "loss": [
            0.671058714389801,
            0.6037883162498474,
            0.5268135666847229,
            0.4792727530002594,
            0.44684794545173645,
            0.42045772075653076,
            0.3960692882537842,
            0.37952467799186707,
            0.36979907751083374,
            0.353143572807312,
            0.3411911725997925,
            0.33064156770706177,
            0.32150065898895264,
            0.3089880347251892,
            0.2969658076763153,
            0.2885069251060486,
            0.27729332447052,
            0.274101585149765,
            0.26316744089126587,
            0.2653530538082123,
            0.2503015697002411,
            0.24349455535411835,
            0.24138179421424866,
            0.23688331246376038,
            0.23254504799842834
        ],