{
    "name": "trial_69",
    "start_time": "2024-10-20 12:12:08.976",
    "duration": "33.253",
    "directory": "/home/krakerlu/github/ImageMLResearch/demo/chihuahua_vs_muffin/experiments/experiment_03/output/trial_69",
    "hyperparameters": {
        "units1": 128,
        "kernel_size1": 3,
        "units2": 64,
        "kernel_size2": 7,
        "dense_units": 512,
        "dropout_rate": 0.17657357567634888,
        "learning_rate": 4.2044741673961205e-05
    },
    "figures": {
        "model_summary": "/home/krakerlu/github/ImageMLResearch/demo/chihuahua_vs_muffin/experiments/experiment_03/output/trial_69/model_summary.png",
        "confusion_matrix": "/home/krakerlu/github/ImageMLResearch/demo/chihuahua_vs_muffin/experiments/experiment_03/output/trial_69/confusion_matrix.png",
        "training_history": "/home/krakerlu/github/ImageMLResearch/demo/chihuahua_vs_muffin/experiments/experiment_03/output/trial_69/training_history.png"
    },
    "evaluation_metrics": {
        "train": {
            "accuracy": 0.9487500190734863,
            "precision": 0.9487500190734863,
            "recall": 0.9487500190734863,
            "f1": 0.948749969073489,
            "classification_report": {
                "chihuahua": {
                    "precision": 0.9418282548476454,
                    "recall": 0.9664582148948266,
                    "f1-score": 0.9539842873176206,
                    "support": 1759
                },
                "muffin": {
                    "precision": 0.9577060931899641,
                    "recall": 0.9271339347675226,
                    "f1-score": 0.9421720733427362,
                    "support": 1441
                },
                "micro avg": {
                    "precision": 0.94875,
                    "recall": 0.94875,
                    "f1-score": 0.94875,
                    "support": 3200
                },
                "macro avg": {
                    "precision": 0.9497671740188047,
                    "recall": 0.9467960748311746,
                    "f1-score": 0.9480781803301784,
                    "support": 3200
                },
                "weighted avg": {
                    "precision": 0.9489782439261708,
                    "recall": 0.94875,
                    "f1-score": 0.9486650997120555,
                    "support": 3200
                },
                "samples avg": {
                    "precision": 0.94875,
                    "recall": 0.94875,
                    "f1-score": 0.94875,
                    "support": 3200
                }
            }
        },
        "val": {
            "accuracy": 0.901562511920929,
            "precision": 0.901562511920929,
            "recall": 0.901562511920929,
            "f1": 0.9015624619209317,
            "classification_report": {
                "chihuahua": {
                    "precision": 0.8846153846153846,
                    "recall": 0.9256965944272446,
                    "f1-score": 0.9046898638426626,
                    "support": 323
                },
                "muffin": {
                    "precision": 0.9205298013245033,
                    "recall": 0.8769716088328076,
                    "f1-score": 0.8982229402261712,
                    "support": 317
                },
                "micro avg": {
                    "precision": 0.9015625,
                    "recall": 0.9015625,
                    "f1-score": 0.9015625,
                    "support": 640
                },
                "macro avg": {
                    "precision": 0.902572592969944,
                    "recall": 0.901334101630026,
                    "f1-score": 0.9014564020344169,
                    "support": 640
                },
                "weighted avg": {
                    "precision": 0.9024042441416199,
                    "recall": 0.9015625,
                    "f1-score": 0.9014867157388693,
                    "support": 640
                },
                "samples avg": {
                    "precision": 0.9015625,
                    "recall": 0.9015625,
                    "f1-score": 0.9015625,
                    "support": 640
                }
            }
        },
        "test": {
            "accuracy": 0.9025756120681763,
            "precision": 0.9025756120681763,
            "recall": 0.9025756120681763,
            "f1": 0.902575562068179,
            "classification_report": {
                "chihuahua": {
                    "precision": 0.8838582677165354,
                    "recall": 0.9412997903563941,
                    "f1-score": 0.9116751269035533,
                    "support": 477
                },
                "muffin": {
                    "precision": 0.9272727272727272,
                    "recall": 0.8581730769230769,
                    "f1-score": 0.8913857677902621,
                    "support": 416
                },
                "micro avg": {
                    "precision": 0.9025755879059351,
                    "recall": 0.9025755879059351,
                    "f1-score": 0.9025755879059351,
                    "support": 893
                },
                "macro avg": {
                    "precision": 0.9055654974946313,
                    "recall": 0.8997364336397355,
                    "f1-score": 0.9015304473469077,
                    "support": 893
                },
                "weighted avg": {
                    "precision": 0.9040826968043023,
                    "recall": 0.9025755879059351,
                    "f1-score": 0.9022234209784366,
                    "support": 893
                },
                "samples avg": {
                    "precision": 0.9025755879059351,
                    "recall": 0.9025755879059351,
                    "f1-score": 0.9025755879059351,
                    "support": 893
                }
            }
        }
    },
    "training_history": {
        "accuracy": [
            0.6518750190734863,
            0.7553125023841858,
            0.7887499928474426,
            0.8128125071525574,
            0.8356249928474426,
            0.8475000262260437,
            0.854687511920929,
            0.8628125190734863,
            0.8759375214576721,
            0.8803125023841858,
            0.8853124976158142,
            0.8893749713897705,
            0.8924999833106995,
            0.8978124856948853,
            0.9018750190734863,
            0.9153125286102295,
            0.9090625047683716,
            0.921875,
            0.9256250262260437,
            0.9281250238418579,
            0.9287499785423279,
            0.9306250214576721,
            0.9331250190734863,
            0.9371874928474426,
            0.9453125
        ],
        "loss": [
            0.6270729899406433,
            0.5155904293060303,
            0.45810428261756897,
            0.41599971055984497,
            0.38056010007858276,
            0.3621844947338104,
            0.34298205375671387,
            0.3212694227695465,
            0.3029167354106903,
            0.2839759588241577,
            0.27863386273384094,
            0.2661720812320709,
            0.2518162429332733,
            0.24620430171489716,
            0.24122831225395203,
            0.2213709056377411,
            0.23112700879573822,
            0.20498089492321014,
            0.20186571776866913,
            0.18992096185684204,
            0.187901109457016,
            0.1822400689125061,
            0.17600753903388977,
            0.16707555949687958,
            0.15361957252025604
        ],