{
    "name": "trial_29",
    "start_time": "2024-10-17 15:53:31.742",
    "duration": "06.855",
    "directory": "/home/krakerlu/github/ImageMLResearch/demo/chihuahua_vs_muffin/experiments/experiment_02/output/trial_29",
    "hyperparameters": {
        "units1": 32,
        "kernel_size1": 5,
        "units2": 128,
        "kernel_size2": 3,
        "units3": 32,
        "learning_rate": 0.0006457083952806414
    },
    "figures": {
        "model_summary": "/home/krakerlu/github/ImageMLResearch/demo/chihuahua_vs_muffin/experiments/experiment_02/output/trial_29/model_summary.png",
        "confusion_matrix": "/home/krakerlu/github/ImageMLResearch/demo/chihuahua_vs_muffin/experiments/experiment_02/output/trial_29/confusion_matrix.png",
        "training_history": "/home/krakerlu/github/ImageMLResearch/demo/chihuahua_vs_muffin/experiments/experiment_02/output/trial_29/training_history.png"
    },
    "evaluation_metrics": {
        "train": {
            "accuracy": 0.7356250286102295,
            "precision": 0.7356250286102295,
            "recall": 0.7356250286102295,
            "f1": 0.7356249786102329,
            "classification_report": {
                "chihuahua": {
                    "precision": 0.7154318074563474,
                    "recall": 0.8618533257532689,
                    "f1-score": 0.7818463125322331,
                    "support": 1759
                },
                "muffin": {
                    "precision": 0.7752081406105458,
                    "recall": 0.5815405968077724,
                    "f1-score": 0.6645519429024583,
                    "support": 1441
                },
                "micro avg": {
                    "precision": 0.735625,
                    "recall": 0.735625,
                    "f1-score": 0.735625,
                    "support": 3200
                },
                "macro avg": {
                    "precision": 0.7453199740334466,
                    "recall": 0.7216969612805206,
                    "f1-score": 0.7231991277173457,
                    "support": 3200
                },
                "weighted avg": {
                    "precision": 0.7423498374798473,
                    "recall": 0.735625,
                    "f1-score": 0.7290271917083251,
                    "support": 3200
                },
                "samples avg": {
                    "precision": 0.735625,
                    "recall": 0.735625,
                    "f1-score": 0.735625,
                    "support": 3200
                }
            }
        },
        "val": {
            "accuracy": 0.6859375238418579,
            "precision": 0.6859375238418579,
            "recall": 0.6859375238418579,
            "f1": 0.6859374738418615,
            "classification_report": {
                "chihuahua": {
                    "precision": 0.6480582524271845,
                    "recall": 0.826625386996904,
                    "f1-score": 0.726530612244898,
                    "support": 323
                },
                "muffin": {
                    "precision": 0.7543859649122807,
                    "recall": 0.5425867507886435,
                    "f1-score": 0.6311926605504588,
                    "support": 317
                },
                "micro avg": {
                    "precision": 0.6859375,
                    "recall": 0.6859375,
                    "f1-score": 0.6859375,
                    "support": 640
                },
                "macro avg": {
                    "precision": 0.7012221086697326,
                    "recall": 0.6846060688927738,
                    "f1-score": 0.6788616363976784,
                    "support": 640
                },
                "weighted avg": {
                    "precision": 0.7007236975174587,
                    "recall": 0.6859375,
                    "f1-score": 0.679308533046246,
                    "support": 640
                },
                "samples avg": {
                    "precision": 0.6859375,
                    "recall": 0.6859375,
                    "f1-score": 0.6859375,
                    "support": 640
                }
            }
        },
        "test": {
            "accuracy": 0.6998879909515381,
            "precision": 0.6998879909515381,
            "recall": 0.6998879909515381,
            "f1": 0.6998879409515416,
            "classification_report": {
                "chihuahua": {
                    "precision": 0.6823734729493892,
                    "recall": 0.8197064989517819,
                    "f1-score": 0.7447619047619047,
                    "support": 477
                },
                "muffin": {
                    "precision": 0.73125,
                    "recall": 0.5625,
                    "f1-score": 0.6358695652173914,
                    "support": 416
                },
                "micro avg": {
                    "precision": 0.6998880179171333,
                    "recall": 0.6998880179171333,
                    "f1-score": 0.6998880179171333,
                    "support": 893
                },
                "macro avg": {
                    "precision": 0.7068117364746946,
                    "recall": 0.691103249475891,
                    "f1-score": 0.690315734989648,
                    "support": 893
                },
                "weighted avg": {
                    "precision": 0.7051423814074566,
                    "recall": 0.6998880179171333,
                    "f1-score": 0.6940349022417283,
                    "support": 893
                },
                "samples avg": {
                    "precision": 0.6998880179171333,
                    "recall": 0.6998880179171333,
                    "f1-score": 0.6998880179171333,
                    "support": 893
                }
            }
        }
    },
    "training_history": {
        "accuracy": [
            0.6328125,
            0.7884374856948853,
            0.8381249904632568,
            0.8696874976158142
        ],
        "loss": [
            0.7882584929466248,
            0.4610825777053833,
            0.3704074025154114,
            0.30784329771995544
        ],
        "val_accuracy": [
            0.6859375238418579,
            0.8187500238418579,
            0.84375,
            0.8734375238418579
        ],
        "val_loss": [
            0.5843087434768677,
            0.3897988498210907,
            0.34975844621658325,
            0.31117063760757446
        ]
    }
}