{
    "name": "trial_86",
    "start_time": "2024-10-27 13:28:32.541",
    "duration": "0:05:46.935",
    "directory": "/home/krakerlu/github/ImageMLResearch/demo/chihuahua_vs_muffin/experiments/experiment_04/output/trial_86",
    "hyperparameters": {
        "normalization": "standard",
        "batch_size": 128,
        "learning_rate": 6.633234641706978e-05
    },
    "figures": {
        "training_history": "/home/krakerlu/github/ImageMLResearch/demo/chihuahua_vs_muffin/experiments/experiment_04/output/trial_86/training_history.png"
    },
    "evaluation_metrics": {
        "train": {
            "accuracy": 0.9331421852111816,
            "precision": 0.9331421852111816,
            "recall": 0.9331421852111816,
            "f1": 0.9331421352111843,
            "classification_report": {
                "chihuahua": {
                    "precision": 0.9028930817610062,
                    "recall": 0.9843664289632474,
                    "f1-score": 0.9418711455189608,
                    "support": 3646
                },
                "muffin": {
                    "precision": 0.978498679743493,
                    "recall": 0.8704697986577181,
                    "f1-score": 0.9213283608595276,
                    "support": 2980
                },
                "micro avg": {
                    "precision": 0.9331421672200423,
                    "recall": 0.9331421672200423,
                    "f1-score": 0.9331421672200423,
                    "support": 6626
                },
                "macro avg": {
                    "precision": 0.9406958807522496,
                    "recall": 0.9274181138104828,
                    "f1-score": 0.9315997531892442,
                    "support": 6626
                },
                "weighted avg": {
                    "precision": 0.9368962030993416,
                    "recall": 0.9331421672200423,
                    "f1-score": 0.9326321629827231,
                    "support": 6626
                },
                "samples avg": {
                    "precision": 0.9331421672200423,
                    "recall": 0.9331421672200423,
                    "f1-score": 0.9331421672200423,
                    "support": 6626
                }
            }
        },
        "val": {
            "accuracy": 0.8970381021499634,
            "precision": 0.8970381021499634,
            "recall": 0.8970381021499634,
            "f1": 0.8970380521499661,
            "classification_report": {
                "chihuahua": {
                    "precision": 0.9262536873156342,
                    "recall": 0.8674033149171271,
                    "f1-score": 0.8958630527817404,
                    "support": 362
                },
                "muffin": {
                    "precision": 0.8702702702702703,
                    "recall": 0.9279538904899135,
                    "f1-score": 0.898186889818689,
                    "support": 347
                },
                "micro avg": {
                    "precision": 0.8970380818053597,
                    "recall": 0.8970380818053597,
                    "f1-score": 0.8970380818053597,
                    "support": 709
                },
                "macro avg": {
                    "precision": 0.8982619787929522,
                    "recall": 0.8976786027035203,
                    "f1-score": 0.8970249713002147,
                    "support": 709
                },
                "weighted avg": {
                    "precision": 0.8988541870127551,
                    "recall": 0.8970380818053597,
                    "f1-score": 0.8970003891030679,
                    "support": 709
                },
                "samples avg": {
                    "precision": 0.8970380818053597,
                    "recall": 0.8970380818053597,
                    "f1-score": 0.8970380818053597,
                    "support": 709
                }
            }
        },
        "test": {
            "accuracy": 0.897327721118927,
            "precision": 0.897327721118927,
            "recall": 0.897327721118927,
            "f1": 0.8973276711189297,
            "classification_report": {
                "chihuahua": {
                    "precision": 0.9192200557103064,
                    "recall": 0.8823529411764706,
                    "f1-score": 0.9004092769440655,
                    "support": 374
                },
                "muffin": {
                    "precision": 0.875,
                    "recall": 0.913946587537092,
                    "f1-score": 0.8940493468795355,
                    "support": 337
                },
                "micro avg": {
                    "precision": 0.8973277074542897,
                    "recall": 0.8973277074542897,
                    "f1-score": 0.8973277074542897,
                    "support": 711
                },
                "macro avg": {
                    "precision": 0.8971100278551531,
                    "recall": 0.8981497643567813,
                    "f1-score": 0.8972293119118004,
                    "support": 711
                },
                "weighted avg": {
                    "precision": 0.8982606200220177,
                    "recall": 0.8973277074542897,
                    "f1-score": 0.8973947953241688,
                    "support": 711
                },
                "samples avg": {
                    "precision": 0.8973277074542897,
                    "recall": 0.8973277074542897,
                    "f1-score": 0.8973277074542897,
                    "support": 711
                }
            }
        }
    },
    "training_history": {
        "accuracy": [
            0.688952624797821,
            0.7739208936691284,
            0.8166314363479614,
            0.8379112482070923,
            0.8593419790267944,
            0.8779052495956421,
            0.8911862373352051,
            0.9032598733901978,
            0.8984304070472717,
            0.913522481918335,
            0.9178991913795471,
            0.928010880947113,
            0.9351041316986084,
            0.9345004558563232,
            0.9396317601203918
        ],
        "loss": [
            0.5770114064216614,
            0.47876590490341187,
            0.4149138927459717,
            0.3706614673137665,
            0.33332347869873047,
            0.2966810166835785,
            0.2724997401237488,
            0.2521321475505829,
            0.2500310242176056,
            0.21989798545837402,
            0.20519617199897766,
            0.18662124872207642,
            0.17186413705348969,
            0.17080552875995636,
            0.15559811890125275
        ],
        "val_accuracy": [
            0.7700987458229065,
            0.8236953616142273,
            0.8208744525909424,
            0.8363893032073975,
            0.8406205773353577,
            0.8349788188934326,
            0.8406205773353577,
            0.866008460521698,
            0.8730606436729431,
            0.8871650099754333,
            0.8899859189987183,
            0.9040902853012085,
            0.9111424684524536,
            0.8772919774055481,
            0.8970381021499634
        ],
        "val_loss": [
            0.4839751422405243,
            0.4049686789512634,
            0.41303011775016785,
            0.3855893015861511,
            0.39971816539764404,
            0.410708487033844,
            0.3959513306617737,
            0.3444184958934784,
            0.29668882489204407,
            0.2858489751815796,
            0.28079766035079956,
            0.25592532753944397,
            0.25256267189979553,
            0.30291348695755005,
            0.27106761932373047
        ]
    }
}