{
    "name": "trial_46",
    "start_time": "2024-10-20 11:59:19.670",
    "duration": "32.868",
    "directory": "/home/krakerlu/github/ImageMLResearch/demo/chihuahua_vs_muffin/experiments/experiment_03/output/trial_46",
    "hyperparameters": {
        "units1": 128,
        "kernel_size1": 3,
        "units2": 64,
        "kernel_size2": 7,
        "dense_units": 128,
        "dropout_rate": 0.036544088621522246,
        "learning_rate": 0.00013457145748833213
    },
    "figures": {
        "model_summary": "/home/krakerlu/github/ImageMLResearch/demo/chihuahua_vs_muffin/experiments/experiment_03/output/trial_46/model_summary.png",
        "confusion_matrix": "/home/krakerlu/github/ImageMLResearch/demo/chihuahua_vs_muffin/experiments/experiment_03/output/trial_46/confusion_matrix.png",
        "training_history": "/home/krakerlu/github/ImageMLResearch/demo/chihuahua_vs_muffin/experiments/experiment_03/output/trial_46/training_history.png"
    },
    "evaluation_metrics": {
        "train": {
            "accuracy": 0.9828125238418579,
            "precision": 0.9828125238418579,
            "recall": 0.9828125238418579,
            "f1": 0.9828124738418604,
            "classification_report": {
                "chihuahua": {
                    "precision": 0.9749163879598662,
                    "recall": 0.9943149516770893,
                    "f1-score": 0.9845201238390093,
                    "support": 1759
                },
                "muffin": {
                    "precision": 0.9928876244665719,
                    "recall": 0.9687716863289383,
                    "f1-score": 0.9806814190375834,
                    "support": 1441
                },
                "micro avg": {
                    "precision": 0.9828125,
                    "recall": 0.9828125,
                    "f1-score": 0.9828125,
                    "support": 3200
                },
                "macro avg": {
                    "precision": 0.9839020062132191,
                    "recall": 0.9815433190030138,
                    "f1-score": 0.9826007714382964,
                    "support": 3200
                },
                "weighted avg": {
                    "precision": 0.983009060399292,
                    "recall": 0.9828125,
                    "f1-score": 0.9827915070831171,
                    "support": 3200
                },
                "samples avg": {
                    "precision": 0.9828125,
                    "recall": 0.9828125,
                    "f1-score": 0.9828125,
                    "support": 3200
                }
            }
        },
        "val": {
            "accuracy": 0.901562511920929,
            "precision": 0.901562511920929,
            "recall": 0.901562511920929,
            "f1": 0.9015624619209317,
            "classification_report": {
                "chihuahua": {
                    "precision": 0.8735632183908046,
                    "recall": 0.9411764705882353,
                    "f1-score": 0.9061102831594635,
                    "support": 323
                },
                "muffin": {
                    "precision": 0.934931506849315,
                    "recall": 0.861198738170347,
                    "f1-score": 0.896551724137931,
                    "support": 317
                },
                "micro avg": {
                    "precision": 0.9015625,
                    "recall": 0.9015625,
                    "f1-score": 0.9015625,
                    "support": 640
                },
                "macro avg": {
                    "precision": 0.9042473626200598,
                    "recall": 0.9011876043792911,
                    "f1-score": 0.9013310036486972,
                    "support": 640
                },
                "weighted avg": {
                    "precision": 0.9039596987679104,
                    "recall": 0.9015625,
                    "f1-score": 0.9013758093941107,
                    "support": 640
                },
                "samples avg": {
                    "precision": 0.9015625,
                    "recall": 0.9015625,
                    "f1-score": 0.9015625,
                    "support": 640
                }
            }
        },
        "test": {
            "accuracy": 0.8980963230133057,
            "precision": 0.8980963230133057,
            "recall": 0.8980963230133057,
            "f1": 0.8980962730133084,
            "classification_report": {
                "chihuahua": {
                    "precision": 0.8814229249011858,
                    "recall": 0.9350104821802935,
                    "f1-score": 0.9074262461851476,
                    "support": 477
                },
                "muffin": {
                    "precision": 0.9198966408268734,
                    "recall": 0.8557692307692307,
                    "f1-score": 0.8866749688667497,
                    "support": 416
                },
                "micro avg": {
                    "precision": 0.8980963045912654,
                    "recall": 0.8980963045912654,
                    "f1-score": 0.8980963045912654,
                    "support": 893
                },
                "macro avg": {
                    "precision": 0.9006597828640296,
                    "recall": 0.8953898564747621,
                    "f1-score": 0.8970506075259486,
                    "support": 893
                },
                "weighted avg": {
                    "precision": 0.8993457309763101,
                    "recall": 0.8980963045912654,
                    "f1-score": 0.8977593577591079,
                    "support": 893
                },
                "samples avg": {
                    "precision": 0.8980963045912654,
                    "recall": 0.8980963045912654,
                    "f1-score": 0.8980963045912654,
                    "support": 893
                }
            }
        }
    },
    "training_history": {
        "accuracy": [
            0.6675000190734863,
            0.7753124833106995,
            0.8134375214576721,
            0.8262500166893005,
            0.8475000262260437,
            0.8659374713897705,
            0.8668749928474426,
            0.8790624737739563,
            0.8918750286102295,
            0.8928124904632568,
            0.9084374904632568,
            0.9084374904632568,
            0.918749988079071,
            0.895312488079071,
            0.9156249761581421,
            0.9275000095367432,
            0.9318749904632568,
            0.9337499737739563,
            0.9403125047683716,
            0.9437500238418579,
            0.9521874785423279,
            0.9593750238418579,
            0.9678124785423279,
            0.9725000262260437,
            0.9775000214576721
        ],
        "loss": [
            0.6043125987052917,
            0.47931671142578125,
            0.42497482895851135,
            0.3949354887008667,
            0.3578373193740845,
            0.3250425457954407,
            0.3078349232673645,
            0.2961621880531311,
            0.2627373933792114,
            0.2587336301803589,
            0.22886420786380768,
            0.23169413208961487,
            0.2184213101863861,
            0.24379652738571167,
            0.2147589474916458,
            0.18956367671489716,
            0.1794990748167038,
            0.1755000501871109,
            0.15803873538970947,
            0.13946831226348877,
            0.12396059185266495,
            0.11008825153112411,
            0.09570866823196411,
            0.08163350075483322,
            0.0736149325966835
        ],