{
    "name": "trial_35",
    "start_time": "2024-10-23 08:35:06.785",
    "duration": "21.387",
    "directory": "/home/krakerlu/github/ImageMLResearch/demo/chihuahua_vs_muffin/experiments/experiment_05/output/trial_35",
    "hyperparameters": {
        "dense_units": 512,
        "dropout_rate": 0.2926226204881526,
        "learning_rate": 2.6327528577677017e-05
    },
    "figures": {
        "model_summary": "/home/krakerlu/github/ImageMLResearch/demo/chihuahua_vs_muffin/experiments/experiment_05/output/trial_35/model_summary.png",
        "confusion_matrix": "/home/krakerlu/github/ImageMLResearch/demo/chihuahua_vs_muffin/experiments/experiment_05/output/trial_35/confusion_matrix.png",
        "training_history": "/home/krakerlu/github/ImageMLResearch/demo/chihuahua_vs_muffin/experiments/experiment_05/output/trial_35/training_history.png"
    },
    "evaluation_metrics": {
        "train": {
            "accuracy": 0.9990624785423279,
            "precision": 0.9990624785423279,
            "recall": 0.9990624785423279,
            "f1": 0.9990624285423304,
            "classification_report": {
                "chihuahua": {
                    "precision": 0.9994311717861206,
                    "recall": 0.9988629903354178,
                    "f1-score": 0.9991470002843332,
                    "support": 1759
                },
                "muffin": {
                    "precision": 0.9986130374479889,
                    "recall": 0.9993060374739764,
                    "f1-score": 0.9989594172736732,
                    "support": 1441
                },
                "micro avg": {
                    "precision": 0.9990625,
                    "recall": 0.9990625,
                    "f1-score": 0.9990625,
                    "support": 3200
                },
                "macro avg": {
                    "precision": 0.9990221046170548,
                    "recall": 0.9990845139046971,
                    "f1-score": 0.9990532087790032,
                    "support": 3200
                },
                "weighted avg": {
                    "precision": 0.9990627556669807,
                    "recall": 0.9990625,
                    "f1-score": 0.9990625293098454,
                    "support": 3200
                },
                "samples avg": {
                    "precision": 0.9990625,
                    "recall": 0.9990625,
                    "f1-score": 0.9990625,
                    "support": 3200
                }
            }
        },
        "val": {
            "accuracy": 0.9859374761581421,
            "precision": 0.9859374761581421,
            "recall": 0.9859374761581421,
            "f1": 0.9859374261581446,
            "classification_report": {
                "chihuahua": {
                    "precision": 0.9845679012345679,
                    "recall": 0.9876160990712074,
                    "f1-score": 0.9860896445131375,
                    "support": 323
                },
                "muffin": {
                    "precision": 0.9873417721518988,
                    "recall": 0.9842271293375394,
                    "f1-score": 0.985781990521327,
                    "support": 317
                },
                "micro avg": {
                    "precision": 0.9859375,
                    "recall": 0.9859375,
                    "f1-score": 0.9859375,
                    "support": 640
                },
                "macro avg": {
                    "precision": 0.9859548366932334,
                    "recall": 0.9859216142043734,
                    "f1-score": 0.9859358175172322,
                    "support": 640
                },
                "weighted avg": {
                    "precision": 0.9859418341733084,
                    "recall": 0.9859375,
                    "f1-score": 0.9859372596453188,
                    "support": 640
                },
                "samples avg": {
                    "precision": 0.9859375,
                    "recall": 0.9859375,
                    "f1-score": 0.9859375,
                    "support": 640
                }
            }
        },
        "test": {
            "accuracy": 0.9832026958465576,
            "precision": 0.9832026958465576,
            "recall": 0.9832026958465576,
            "f1": 0.9832026458465601,
            "classification_report": {
                "chihuahua": {
                    "precision": 0.9832635983263598,
                    "recall": 0.9853249475890985,
                    "f1-score": 0.9842931937172775,
                    "support": 477
                },
                "muffin": {
                    "precision": 0.983132530120482,
                    "recall": 0.9807692307692307,
                    "f1-score": 0.9819494584837545,
                    "support": 416
                },
                "micro avg": {
                    "precision": 0.9832026875699889,
                    "recall": 0.9832026875699889,
                    "f1-score": 0.9832026875699889,
                    "support": 893
                },
                "macro avg": {
                    "precision": 0.9831980642234208,
                    "recall": 0.9830470891791646,
                    "f1-score": 0.9831213261005161,
                    "support": 893
                },
                "weighted avg": {
                    "precision": 0.9832025407970818,
                    "recall": 0.9832026875699889,
                    "f1-score": 0.9832013752882232,
                    "support": 893
                },
                "samples avg": {
                    "precision": 0.9832026875699889,
                    "recall": 0.9832026875699889,
                    "f1-score": 0.9832026875699889,
                    "support": 893
                }
            }
        }
    },
    "training_history": {
        "accuracy": [
            0.6043750047683716,
            0.893750011920929,
            0.948437511920929,
            0.9621875286102295,
            0.9709374904632568,
            0.9753124713897705,
            0.9809374809265137,
            0.9828125238418579,
            0.9821875095367432,
            0.9868749976158142,
            0.9862499833106995,
            0.987500011920929,
            0.9893749952316284,
            0.9878125190734863,
            0.9903125166893005,
            0.9903125166893005,
            0.9918749928474426,
            0.989062488079071,
            0.9950000047683716,
            0.9915624856948853,
            0.9915624856948853,
            0.9940624833106995,
            0.9943749904632568,
            0.9950000047683716,
            0.9937499761581421
        ],
        "loss": [
            0.7378624677658081,
            0.27422255277633667,
            0.16060414910316467,
            0.11943437904119492,
            0.0942828580737114,
            0.0794721245765686,
            0.07130822539329529,
            0.062615767121315,
            0.05909769609570503,
            0.04953968524932861,
            0.04819943755865097,
            0.04235382005572319,
            0.03836645931005478,
            0.03605293482542038,
            0.0343334898352623,
            0.03461137413978577,
            0.031102018430829048,
            0.031462691724300385,
            0.026553938165307045,
            0.026620114222168922,
            0.024943973869085312,
            0.023312514647841454,
            0.023124275729060173,
            0.01991098001599312,
            0.01978345774114132
        ],