{
    "name": "trial_8",
    "start_time": "2024-10-20 11:41:56.074",
    "duration": "29.385",
    "directory": "/home/krakerlu/github/ImageMLResearch/demo/chihuahua_vs_muffin/experiments/experiment_03/output/trial_8",
    "hyperparameters": {
        "units1": 128,
        "kernel_size1": 5,
        "units2": 64,
        "kernel_size2": 3,
        "dense_units": 256,
        "dropout_rate": 0.10948281219395428,
        "learning_rate": 0.00020019484108021215
    },
    "figures": {
        "model_summary": "/home/krakerlu/github/ImageMLResearch/demo/chihuahua_vs_muffin/experiments/experiment_03/output/trial_8/model_summary.png",
        "confusion_matrix": "/home/krakerlu/github/ImageMLResearch/demo/chihuahua_vs_muffin/experiments/experiment_03/output/trial_8/confusion_matrix.png",
        "training_history": "/home/krakerlu/github/ImageMLResearch/demo/chihuahua_vs_muffin/experiments/experiment_03/output/trial_8/training_history.png"
    },
    "evaluation_metrics": {
        "train": {
            "accuracy": 0.9596874713897705,
            "precision": 0.9596874713897705,
            "recall": 0.9596874713897705,
            "f1": 0.959687421389773,
            "classification_report": {
                "chihuahua": {
                    "precision": 0.9321314952279958,
                    "recall": 0.9994314951677089,
                    "f1-score": 0.9646090534979423,
                    "support": 1759
                },
                "muffin": {
                    "precision": 0.9992389649923896,
                    "recall": 0.9111727966689799,
                    "f1-score": 0.9531760435571688,
                    "support": 1441
                },
                "micro avg": {
                    "precision": 0.9596875,
                    "recall": 0.9596875,
                    "f1-score": 0.9596875,
                    "support": 3200
                },
                "macro avg": {
                    "precision": 0.9656852301101927,
                    "recall": 0.9553021459183444,
                    "f1-score": 0.9588925485275556,
                    "support": 3200
                },
                "weighted avg": {
                    "precision": 0.9623508277062744,
                    "recall": 0.9596875,
                    "f1-score": 0.9594606262089878,
                    "support": 3200
                },
                "samples avg": {
                    "precision": 0.9596875,
                    "recall": 0.9596875,
                    "f1-score": 0.9596875,
                    "support": 3200
                }
            }
        },
        "val": {
            "accuracy": 0.8656250238418579,
            "precision": 0.8656250238418579,
            "recall": 0.8656250238418579,
            "f1": 0.8656249738418608,
            "classification_report": {
                "chihuahua": {
                    "precision": 0.8046272493573264,
                    "recall": 0.9690402476780186,
                    "f1-score": 0.8792134831460674,
                    "support": 323
                },
                "muffin": {
                    "precision": 0.9601593625498008,
                    "recall": 0.7602523659305994,
                    "f1-score": 0.8485915492957746,
                    "support": 317
                },
                "micro avg": {
                    "precision": 0.865625,
                    "recall": 0.865625,
                    "f1-score": 0.865625,
                    "support": 640
                },
                "macro avg": {
                    "precision": 0.8823933059535636,
                    "recall": 0.864646306804309,
                    "f1-score": 0.8639025162209211,
                    "support": 640
                },
                "weighted avg": {
                    "precision": 0.8816642491729738,
                    "recall": 0.865625,
                    "f1-score": 0.8640460565358442,
                    "support": 640
                },
                "samples avg": {
                    "precision": 0.865625,
                    "recall": 0.865625,
                    "f1-score": 0.865625,
                    "support": 640
                }
            }
        },
        "test": {
            "accuracy": 0.8667412996292114,
            "precision": 0.8667412996292114,
            "recall": 0.8667412996292114,
            "f1": 0.8667412496292143,
            "classification_report": {
                "chihuahua": {
                    "precision": 0.8242753623188406,
                    "recall": 0.9538784067085954,
                    "f1-score": 0.8843537414965986,
                    "support": 477
                },
                "muffin": {
                    "precision": 0.9354838709677419,
                    "recall": 0.7668269230769231,
                    "f1-score": 0.8428005284015853,
                    "support": 416
                },
                "micro avg": {
                    "precision": 0.8667413213885778,
                    "recall": 0.8667413213885778,
                    "f1-score": 0.8667413213885778,
                    "support": 893
                },
                "macro avg": {
                    "precision": 0.8798796166432912,
                    "recall": 0.8603526648927593,
                    "f1-score": 0.8635771349490919,
                    "support": 893
                },
                "weighted avg": {
                    "precision": 0.8760813417118337,
                    "recall": 0.8667413213885778,
                    "f1-score": 0.8649963656315084,
                    "support": 893
                },
                "samples avg": {
                    "precision": 0.8667413213885778,
                    "recall": 0.8667413213885778,
                    "f1-score": 0.8667413213885778,
                    "support": 893
                }
            }
        }
    },
    "training_history": {
        "accuracy": [
            0.6575000286102295,
            0.7862499952316284,
            0.8290625214576721,
            0.8518750071525574,
            0.8525000214576721,
            0.8878124952316284,
            0.8846874833106995,
            0.8974999785423279,
            0.917187511920929,
            0.9215624928474426,
            0.9303125143051147,
            0.9368749856948853,
            0.9287499785423279,
            0.8968750238418579,
            0.9331250190734863,
            0.9546874761581421,
            0.9684374928474426,
            0.9728124737739563,
            0.9768750071525574,
            0.9846875071525574,
            0.984375,
            0.9825000166893005,
            0.965624988079071,
            0.9681249856948853,
            0.9631249904632568
        ],
        "loss": [
            0.6070727705955505,
            0.4584140479564667,
            0.38895881175994873,
            0.3516908884048462,
            0.33254286646842957,
            0.2804548740386963,
            0.26416805386543274,
            0.2497372180223465,
            0.21565745770931244,
            0.19713808596134186,
            0.17907515168190002,
            0.1651083379983902,
            0.1847344934940338,
            0.22983203828334808,
            0.17743484675884247,
            0.1306314617395401,
            0.10515611618757248,
            0.0869131088256836,
            0.07376385480165482,
            0.059035029262304306,
            0.051657870411872864,
            0.052336160093545914,
            0.08234508335590363,
            0.08203116059303284,
            0.09429138153791428
        ],