{
    "name": "trial_40",
    "start_time": "2024-10-20 11:56:03.442",
    "duration": "30.374",
    "directory": "/home/krakerlu/github/ImageMLResearch/demo/chihuahua_vs_muffin/experiments/experiment_03/output/trial_40",
    "hyperparameters": {
        "units1": 128,
        "kernel_size1": 5,
        "units2": 32,
        "kernel_size2": 5,
        "dense_units": 512,
        "dropout_rate": 0.18583592219170775,
        "learning_rate": 9.666660986054943e-05
    },
    "figures": {
        "model_summary": "/home/krakerlu/github/ImageMLResearch/demo/chihuahua_vs_muffin/experiments/experiment_03/output/trial_40/model_summary.png",
        "confusion_matrix": "/home/krakerlu/github/ImageMLResearch/demo/chihuahua_vs_muffin/experiments/experiment_03/output/trial_40/confusion_matrix.png",
        "training_history": "/home/krakerlu/github/ImageMLResearch/demo/chihuahua_vs_muffin/experiments/experiment_03/output/trial_40/training_history.png"
    },
    "evaluation_metrics": {
        "train": {
            "accuracy": 0.9556249976158142,
            "precision": 0.9556249976158142,
            "recall": 0.9556249976158142,
            "f1": 0.9556249476158168,
            "classification_report": {
                "chihuahua": {
                    "precision": 0.9349112426035503,
                    "recall": 0.9880613985218875,
                    "f1-score": 0.960751796572692,
                    "support": 1759
                },
                "muffin": {
                    "precision": 0.9843400447427293,
                    "recall": 0.916030534351145,
                    "f1-score": 0.9489575844716032,
                    "support": 1441
                },
                "micro avg": {
                    "precision": 0.955625,
                    "recall": 0.955625,
                    "f1-score": 0.955625,
                    "support": 3200
                },
                "macro avg": {
                    "precision": 0.9596256436731398,
                    "recall": 0.9520459664365162,
                    "f1-score": 0.9548546905221476,
                    "support": 3200
                },
                "weighted avg": {
                    "precision": 0.9571696500668493,
                    "recall": 0.955625,
                    "f1-score": 0.9554407154359206,
                    "support": 3200
                },
                "samples avg": {
                    "precision": 0.955625,
                    "recall": 0.955625,
                    "f1-score": 0.955625,
                    "support": 3200
                }
            }
        },
        "val": {
            "accuracy": 0.890625,
            "precision": 0.890625,
            "recall": 0.890625,
            "f1": 0.8906249500000027,
            "classification_report": {
                "chihuahua": {
                    "precision": 0.8603988603988604,
                    "recall": 0.934984520123839,
                    "f1-score": 0.8961424332344213,
                    "support": 323
                },
                "muffin": {
                    "precision": 0.9273356401384083,
                    "recall": 0.8454258675078864,
                    "f1-score": 0.8844884488448845,
                    "support": 317
                },
                "micro avg": {
                    "precision": 0.890625,
                    "recall": 0.890625,
                    "f1-score": 0.890625,
                    "support": 640
                },
                "macro avg": {
                    "precision": 0.8938672502686343,
                    "recall": 0.8902051938158627,
                    "f1-score": 0.890315441039653,
                    "support": 640
                },
                "weighted avg": {
                    "precision": 0.8935534841136054,
                    "recall": 0.890625,
                    "f1-score": 0.8903700690914789,
                    "support": 640
                },
                "samples avg": {
                    "precision": 0.890625,
                    "recall": 0.890625,
                    "f1-score": 0.890625,
                    "support": 640
                }
            }
        },
        "test": {
            "accuracy": 0.8846584558486938,
            "precision": 0.8846584558486938,
            "recall": 0.8846584558486938,
            "f1": 0.8846584058486966,
            "classification_report": {
                "chihuahua": {
                    "precision": 0.8596153846153847,
                    "recall": 0.9371069182389937,
                    "f1-score": 0.8966900702106319,
                    "support": 477
                },
                "muffin": {
                    "precision": 0.9195710455764075,
                    "recall": 0.8245192307692307,
                    "f1-score": 0.8694550063371356,
                    "support": 416
                },
                "micro avg": {
                    "precision": 0.8846584546472565,
                    "recall": 0.8846584546472565,
                    "f1-score": 0.8846584546472565,
                    "support": 893
                },
                "macro avg": {
                    "precision": 0.8895932150958961,
                    "recall": 0.8808130745041123,
                    "f1-score": 0.8830725382738838,
                    "support": 893
                },
                "weighted avg": {
                    "precision": 0.8875454573587055,
                    "recall": 0.8846584546472565,
                    "f1-score": 0.8840027392236504,
                    "support": 893
                },
                "samples avg": {
                    "precision": 0.8846584546472565,
                    "recall": 0.8846584546472565,
                    "f1-score": 0.8846584546472565,
                    "support": 893
                }
            }
        }
    },
    "training_history": {
        "accuracy": [
            0.6625000238418579,
            0.7646874785423279,
            0.8174999952316284,
            0.8337500095367432,
            0.8459374904632568,
            0.8671875,
            0.8715624809265137,
            0.8818749785423279,
            0.890625,
            0.890625,
            0.9056249856948853,
            0.9012500047683716,
            0.9150000214576721,
            0.918749988079071,
            0.9184374809265137,
            0.9231250286102295,
            0.9084374904632568,
            0.9053124785423279,
            0.925000011920929,
            0.9362499713897705,
            0.921875,
            0.9381250143051147,
            0.9428125023841858,
            0.9503124952316284,
            0.9465625286102295
        ],
        "loss": [
            0.6198111176490784,
            0.491545706987381,
            0.4214928448200226,
            0.38210782408714294,
            0.3557741045951843,
            0.3230436444282532,
            0.30240824818611145,
            0.27515700459480286,
            0.27005136013031006,
            0.26144805550575256,
            0.2352224737405777,
            0.2387646734714508,
            0.21393218636512756,
            0.2071785032749176,
            0.20747292041778564,
            0.19791516661643982,
            0.22327007353305817,
            0.23012880980968475,
            0.1853528618812561,
            0.16741099953651428,
            0.20020772516727448,
            0.1631428599357605,
            0.14693400263786316,
            0.14027422666549683,
            0.1376340389251709
        ],