{
    "name": "trial_14",
    "start_time": "2024-10-17 15:51:35.631",
    "duration": "09.354",
    "directory": "/home/krakerlu/github/ImageMLResearch/demo/chihuahua_vs_muffin/experiments/experiment_02/output/trial_14",
    "hyperparameters": {
        "units1": 64,
        "kernel_size1": 3,
        "units2": 128,
        "kernel_size2": 5,
        "units3": 32,
        "learning_rate": 0.00031911573696807676
    },
    "figures": {
        "model_summary": "/home/krakerlu/github/ImageMLResearch/demo/chihuahua_vs_muffin/experiments/experiment_02/output/trial_14/model_summary.png",
        "confusion_matrix": "/home/krakerlu/github/ImageMLResearch/demo/chihuahua_vs_muffin/experiments/experiment_02/output/trial_14/confusion_matrix.png",
        "training_history": "/home/krakerlu/github/ImageMLResearch/demo/chihuahua_vs_muffin/experiments/experiment_02/output/trial_14/training_history.png"
    },
    "evaluation_metrics": {
        "train": {
            "accuracy": 0.7206249833106995,
            "precision": 0.7206249833106995,
            "recall": 0.7206249833106995,
            "f1": 0.7206249333107029,
            "classification_report": {
                "chihuahua": {
                    "precision": 0.7082330284063553,
                    "recall": 0.8362706083001705,
                    "f1-score": 0.7669447340980188,
                    "support": 1759
                },
                "muffin": {
                    "precision": 0.7435440783615316,
                    "recall": 0.5794587092297016,
                    "f1-score": 0.6513260530421217,
                    "support": 1441
                },
                "micro avg": {
                    "precision": 0.720625,
                    "recall": 0.720625,
                    "f1-score": 0.720625,
                    "support": 3200
                },
                "macro avg": {
                    "precision": 0.7258885533839434,
                    "recall": 0.707864658764936,
                    "f1-score": 0.7091353935700702,
                    "support": 3200
                },
                "weighted avg": {
                    "precision": 0.7241340355892956,
                    "recall": 0.720625,
                    "f1-score": 0.714880196785035,
                    "support": 3200
                },
                "samples avg": {
                    "precision": 0.720625,
                    "recall": 0.720625,
                    "f1-score": 0.720625,
                    "support": 3200
                }
            }
        },
        "val": {
            "accuracy": 0.676562488079071,
            "precision": 0.676562488079071,
            "recall": 0.676562488079071,
            "f1": 0.6765624380790747,
            "classification_report": {
                "chihuahua": {
                    "precision": 0.6442786069651741,
                    "recall": 0.8018575851393189,
                    "f1-score": 0.7144827586206897,
                    "support": 323
                },
                "muffin": {
                    "precision": 0.7310924369747899,
                    "recall": 0.5488958990536278,
                    "f1-score": 0.6270270270270271,
                    "support": 317
                },
                "micro avg": {
                    "precision": 0.6765625,
                    "recall": 0.6765625,
                    "f1-score": 0.6765625,
                    "support": 640
                },
                "macro avg": {
                    "precision": 0.687685521969982,
                    "recall": 0.6753767420964734,
                    "f1-score": 0.6707548928238584,
                    "support": 640
                },
                "weighted avg": {
                    "precision": 0.6872785821418119,
                    "recall": 0.6765625,
                    "f1-score": 0.6711648415657037,
                    "support": 640
                },
                "samples avg": {
                    "precision": 0.6765625,
                    "recall": 0.6765625,
                    "f1-score": 0.6765625,
                    "support": 640
                }
            }
        },
        "test": {
            "accuracy": 0.6965285539627075,
            "precision": 0.6965285539627075,
            "recall": 0.6965285539627075,
            "f1": 0.696528503962711,
            "classification_report": {
                "chihuahua": {
                    "precision": 0.6865942028985508,
                    "recall": 0.7945492662473794,
                    "f1-score": 0.7366375121477162,
                    "support": 477
                },
                "muffin": {
                    "precision": 0.7126099706744868,
                    "recall": 0.5841346153846154,
                    "f1-score": 0.6420079260237781,
                    "support": 416
                },
                "micro avg": {
                    "precision": 0.696528555431131,
                    "recall": 0.696528555431131,
                    "f1-score": 0.696528555431131,
                    "support": 893
                },
                "macro avg": {
                    "precision": 0.6996020867865188,
                    "recall": 0.6893419408159974,
                    "f1-score": 0.6893227190857472,
                    "support": 893
                },
                "weighted avg": {
                    "precision": 0.6987135303283262,
                    "recall": 0.696528555431131,
                    "f1-score": 0.6925547486230149,
                    "support": 893
                },
                "samples avg": {
                    "precision": 0.696528555431131,
                    "recall": 0.696528555431131,
                    "f1-score": 0.696528555431131,
                    "support": 893
                }
            }
        }
    },
    "training_history": {
        "accuracy": [
            0.5584375262260437,
            0.7521874904632568,
            0.8253124952316284,
            0.8643749952316284
        ],
        "loss": [
            0.784003734588623,
            0.523195207118988,
            0.38722750544548035,
            0.3285612165927887
        ],
        "val_accuracy": [
            0.676562488079071,
            0.7984374761581421,
            0.854687511920929,
            0.831250011920929
        ],
        "val_loss": [
            0.651826024055481,
            0.43983086943626404,
            0.34014812111854553,
            0.35078221559524536
        ]
    }
}