{
    "name": "trial_48",
    "start_time": "2024-10-24 15:16:57.278",
    "duration": "0:05:45.407",
    "directory": "/home/krakerlu/github/ImageMLResearch/demo/chihuahua_vs_muffin/experiments/experiment_04/output/trial_48",
    "hyperparameters": {
        "normalization": "min_max",
        "batch_size": 64,
        "learning_rate": 5.4805598691575897e-05
    },
    "figures": {
        "training_history": "/home/krakerlu/github/ImageMLResearch/demo/chihuahua_vs_muffin/experiments/experiment_04/output/trial_48/training_history.png"
    },
    "evaluation_metrics": {
        "train": {
            "accuracy": 0.9366133213043213,
            "precision": 0.9366133213043213,
            "recall": 0.9366133213043213,
            "f1": 0.9366132713043239,
            "classification_report": {
                "chihuahua": {
                    "precision": 0.9438635112823335,
                    "recall": 0.9407569939659901,
                    "f1-score": 0.9423076923076923,
                    "support": 3646
                },
                "muffin": {
                    "precision": 0.9278074866310161,
                    "recall": 0.9315436241610738,
                    "f1-score": 0.9296718017414601,
                    "support": 2980
                },
                "micro avg": {
                    "precision": 0.9366133413824328,
                    "recall": 0.9366133413824328,
                    "f1-score": 0.9366133413824328,
                    "support": 6626
                },
                "macro avg": {
                    "precision": 0.9358354989566748,
                    "recall": 0.9361503090635319,
                    "f1-score": 0.9359897470245762,
                    "support": 6626
                },
                "weighted avg": {
                    "precision": 0.9366424196039566,
                    "recall": 0.9366133413824328,
                    "f1-score": 0.9366247834807422,
                    "support": 6626
                },
                "samples avg": {
                    "precision": 0.9366133413824328,
                    "recall": 0.9366133413824328,
                    "f1-score": 0.9366133413824328,
                    "support": 6626
                }
            }
        },
        "val": {
            "accuracy": 0.861777126789093,
            "precision": 0.861777126789093,
            "recall": 0.861777126789093,
            "f1": 0.8617770767890959,
            "classification_report": {
                "chihuahua": {
                    "precision": 0.9074074074074074,
                    "recall": 0.8121546961325967,
                    "f1-score": 0.8571428571428571,
                    "support": 362
                },
                "muffin": {
                    "precision": 0.8233766233766234,
                    "recall": 0.9135446685878963,
                    "f1-score": 0.8661202185792349,
                    "support": 347
                },
                "micro avg": {
                    "precision": 0.8617771509167842,
                    "recall": 0.8617771509167842,
                    "f1-score": 0.8617771509167842,
                    "support": 709
                },
                "macro avg": {
                    "precision": 0.8653920153920154,
                    "recall": 0.8628496823602465,
                    "f1-score": 0.861631537861046,
                    "support": 709
                },
                "weighted avg": {
                    "precision": 0.8662809164924821,
                    "recall": 0.8617771509167842,
                    "f1-score": 0.8615365728246951,
                    "support": 709
                },
                "samples avg": {
                    "precision": 0.8617771509167842,
                    "recall": 0.8617771509167842,
                    "f1-score": 0.8617771509167842,
                    "support": 709
                }
            }
        },
        "test": {
            "accuracy": 0.8790435791015625,
            "precision": 0.8790435791015625,
            "recall": 0.8790435791015625,
            "f1": 0.8790435291015654,
            "classification_report": {
                "chihuahua": {
                    "precision": 0.9235294117647059,
                    "recall": 0.839572192513369,
                    "f1-score": 0.8795518207282913,
                    "support": 374
                },
                "muffin": {
                    "precision": 0.8382749326145552,
                    "recall": 0.9228486646884273,
                    "f1-score": 0.8785310734463276,
                    "support": 337
                },
                "micro avg": {
                    "precision": 0.8790436005625879,
                    "recall": 0.8790436005625879,
                    "f1-score": 0.8790436005625879,
                    "support": 711
                },
                "macro avg": {
                    "precision": 0.8809021721896306,
                    "recall": 0.8812104286008982,
                    "f1-score": 0.8790414470873095,
                    "support": 711
                },
                "weighted avg": {
                    "precision": 0.8831204673573911,
                    "recall": 0.8790436005625879,
                    "f1-score": 0.8790680066157432,
                    "support": 711
                },
                "samples avg": {
                    "precision": 0.8790436005625879,
                    "recall": 0.8790436005625879,
                    "f1-score": 0.8790436005625879,
                    "support": 711
                }
            }
        }
    },
    "training_history": {
        "accuracy": [
            0.7055538892745972,
            0.7959553003311157,
            0.8259885311126709,
            0.8588892221450806,
            0.8727739453315735,
            0.8788107633590698,
            0.8869604468345642,
            0.8946574330329895,
            0.8960157036781311,
            0.9017506837844849,
            0.9088439345359802,
            0.9099003672599792,
            0.9144279956817627,
            0.915635347366333,
            0.9091457724571228
        ],
        "loss": [
            0.573928713798523,
            0.4597298502922058,
            0.40389779210090637,
            0.3465992510318756,
            0.3206012547016144,
            0.30052968859672546,
            0.283201664686203,
            0.26886633038520813,
            0.2619292140007019,
            0.24693895876407623,
            0.23726189136505127,
            0.22920376062393188,
            0.22243337333202362,
            0.22098344564437866,
            0.2303147315979004
        ],
        "val_accuracy": [
            0.7574048042297363,
            0.7729195952415466,
            0.7856135368347168,
            0.8476727604866028,
            0.8533145189285278,
            0.8406205773353577,
            0.8392101526260376,
            0.8420310020446777,
            0.8476727604866028,
            0.8462623357772827,
            0.866008460521698,
            0.8674188852310181,
            0.8575458526611328,
            0.8377997279167175,
            0.861777126789093
        ],
        "val_loss": [
            0.48862168192863464,
            0.4804719388484955,
            0.4591577649116516,
            0.3784426748752594,
            0.3475244641304016,
            0.37171483039855957,
            0.4022883474826813,
            0.4026123881340027,
            0.35676947236061096,
            0.35603782534599304,
            0.32965031266212463,
            0.3312285542488098,
            0.35568398237228394,
            0.385348379611969,
            0.32760345935821533
        ]
    }
}