{
    "name": "trial_10",
    "start_time": "2024-10-24 11:37:52.331",
    "duration": "0:05:45.990",
    "directory": "/home/krakerlu/github/ImageMLResearch/demo/chihuahua_vs_muffin/experiments/experiment_04/output/trial_10",
    "hyperparameters": {
        "normalization": "min_max",
        "batch_size": 32,
        "learning_rate": 0.00041427185155288145
    },
    "figures": {
        "training_history": "/home/krakerlu/github/ImageMLResearch/demo/chihuahua_vs_muffin/experiments/experiment_04/output/trial_10/training_history.png"
    },
    "evaluation_metrics": {
        "train": {
            "accuracy": 0.9619680047035217,
            "precision": 0.9619680047035217,
            "recall": 0.9619680047035217,
            "f1": 0.9619679547035243,
            "classification_report": {
                "chihuahua": {
                    "precision": 0.9355749486652978,
                    "recall": 0.9997257268239166,
                    "f1-score": 0.9665871121718377,
                    "support": 3646
                },
                "muffin": {
                    "precision": 0.9996336996336996,
                    "recall": 0.9157718120805369,
                    "f1-score": 0.9558669001751313,
                    "support": 2980
                },
                "micro avg": {
                    "precision": 0.9619680048294597,
                    "recall": 0.9619680048294597,
                    "f1-score": 0.9619680048294597,
                    "support": 6626
                },
                "macro avg": {
                    "precision": 0.9676043241494987,
                    "recall": 0.9577487694522268,
                    "f1-score": 0.9612270061734844,
                    "support": 6626
                },
                "weighted avg": {
                    "precision": 0.9643849513646394,
                    "recall": 0.9619680048294597,
                    "f1-score": 0.9617657672050123,
                    "support": 6626
                },
                "samples avg": {
                    "precision": 0.9619680048294597,
                    "recall": 0.9619680048294597,
                    "f1-score": 0.9619680048294597,
                    "support": 6626
                }
            }
        },
        "val": {
            "accuracy": 0.8645980358123779,
            "precision": 0.8645980358123779,
            "recall": 0.8645980358123779,
            "f1": 0.8645979858123808,
            "classification_report": {
                "chihuahua": {
                    "precision": 0.8181818181818182,
                    "recall": 0.9447513812154696,
                    "f1-score": 0.8769230769230769,
                    "support": 362
                },
                "muffin": {
                    "precision": 0.9312714776632303,
                    "recall": 0.7809798270893372,
                    "f1-score": 0.8495297805642633,
                    "support": 347
                },
                "micro avg": {
                    "precision": 0.8645980253878702,
                    "recall": 0.8645980253878702,
                    "f1-score": 0.8645980253878702,
                    "support": 709
                },
                "macro avg": {
                    "precision": 0.8747266479225242,
                    "recall": 0.8628656041524034,
                    "f1-score": 0.8632264287436702,
                    "support": 709
                },
                "weighted avg": {
                    "precision": 0.8735303539223682,
                    "recall": 0.8645980253878702,
                    "f1-score": 0.8635162026825857,
                    "support": 709
                },
                "samples avg": {
                    "precision": 0.8645980253878702,
                    "recall": 0.8645980253878702,
                    "f1-score": 0.8645980253878702,
                    "support": 709
                }
            }
        },
        "test": {
            "accuracy": 0.8776371479034424,
            "precision": 0.8776371479034424,
            "recall": 0.8776371479034424,
            "f1": 0.8776370979034452,
            "classification_report": {
                "chihuahua": {
                    "precision": 0.8329466357308585,
                    "recall": 0.9598930481283422,
                    "f1-score": 0.8919254658385093,
                    "support": 374
                },
                "muffin": {
                    "precision": 0.9464285714285714,
                    "recall": 0.7863501483679525,
                    "f1-score": 0.8589951377633711,
                    "support": 337
                },
                "micro avg": {
                    "precision": 0.8776371308016878,
                    "recall": 0.8776371308016878,
                    "f1-score": 0.8776371308016878,
                    "support": 711
                },
                "macro avg": {
                    "precision": 0.889687603579715,
                    "recall": 0.8731215982481473,
                    "f1-score": 0.8754603018009401,
                    "support": 711
                },
                "weighted avg": {
                    "precision": 0.8867348387268208,
                    "recall": 0.8776371308016878,
                    "f1-score": 0.8763171387480428,
                    "support": 711
                },
                "samples avg": {
                    "precision": 0.8776371308016878,
                    "recall": 0.8776371308016878,
                    "f1-score": 0.8776371308016878,
                    "support": 711
                }
            }
        }
    },
    "training_history": {
        "accuracy": [
            0.7381527423858643,
            0.833987295627594,
            0.8573800325393677,
            0.8822818994522095,
            0.8925445079803467,
            0.8979776501655579,
            0.91940838098526,
            0.928010880947113,
            0.9393299221992493,
            0.9453667402267456,
            0.9654392004013062,
            0.9741925597190857,
            0.970721423625946,
            0.9841533303260803,
            0.9826441407203674
        ],
        "loss": [
            0.5357155799865723,
            0.3975830376148224,
            0.3502897024154663,
            0.2968999147415161,
            0.2701795995235443,
            0.25004807114601135,
            0.2012454867362976,
            0.18266378343105316,
            0.154717817902565,
            0.13722828030586243,
            0.09186749905347824,
            0.07014228403568268,
            0.07800199091434479,
            0.04330923408269882,
            0.05005989596247673
        ],
        "val_accuracy": [
            0.8251057863235474,
            0.8490832448005676,
            0.7870239615440369,
            0.8533145189285278,
            0.8406205773353577,
            0.8490832448005676,
            0.860366702079773,
            0.8589562773704529,
            0.871650218963623,
            0.875881552696228,
            0.8730606436729431,
            0.8561354279518127,
            0.8829337358474731,
            0.8871650099754333,
            0.8645980358123779
        ],
        "val_loss": [
            0.3977431356906891,
            0.3611026704311371,
            0.4398877024650574,
            0.41552385687828064,
            0.36963382363319397,
            0.35688281059265137,
            0.33341988921165466,
            0.37697774171829224,
            0.4239789843559265,
            0.3901439607143402,
            0.38497865200042725,
            0.6396508812904358,
            0.4434814751148224,
            0.6507207751274109,
            0.6263243556022644
        ]
    }
}