{
    "name": "trial_83",
    "start_time": "2024-10-17 16:31:13.618",
    "duration": "06.817",
    "directory": "/home/krakerlu/github/ImageMLResearch/demo/chihuahua_vs_muffin/experiments/experiment_02/output/trial_83",
    "hyperparameters": {
        "units1": 64,
        "kernel_size1": 3,
        "units2": 128,
        "kernel_size2": 3,
        "units3": 128,
        "learning_rate": 0.0004098777226829769
    },
    "figures": {
        "model_summary": "/home/krakerlu/github/ImageMLResearch/demo/chihuahua_vs_muffin/experiments/experiment_02/output/trial_83/model_summary.png",
        "confusion_matrix": "/home/krakerlu/github/ImageMLResearch/demo/chihuahua_vs_muffin/experiments/experiment_02/output/trial_83/confusion_matrix.png",
        "training_history": "/home/krakerlu/github/ImageMLResearch/demo/chihuahua_vs_muffin/experiments/experiment_02/output/trial_83/training_history.png"
    },
    "evaluation_metrics": {
        "train": {
            "accuracy": 0.7728124856948853,
            "precision": 0.7728124856948853,
            "recall": 0.7728124856948853,
            "f1": 0.7728124356948884,
            "classification_report": {
                "chihuahua": {
                    "precision": 0.8208955223880597,
                    "recall": 0.7504263786242183,
                    "f1-score": 0.7840807840807841,
                    "support": 1759
                },
                "muffin": {
                    "precision": 0.7242462311557789,
                    "recall": 0.8001387925052047,
                    "f1-score": 0.7603033300362677,
                    "support": 1441
                },
                "micro avg": {
                    "precision": 0.7728125,
                    "recall": 0.7728125,
                    "f1-score": 0.7728125,
                    "support": 3200
                },
                "macro avg": {
                    "precision": 0.7725708767719193,
                    "recall": 0.7752825855647115,
                    "f1-score": 0.7721920570585259,
                    "support": 3200
                },
                "weighted avg": {
                    "precision": 0.7773731384300233,
                    "recall": 0.7728125,
                    "f1-score": 0.7733734993063629,
                    "support": 3200
                },
                "samples avg": {
                    "precision": 0.7728125,
                    "recall": 0.7728125,
                    "f1-score": 0.7728125,
                    "support": 3200
                }
            }
        },
        "val": {
            "accuracy": 0.753125011920929,
            "precision": 0.753125011920929,
            "recall": 0.753125011920929,
            "f1": 0.7531249619209323,
            "classification_report": {
                "chihuahua": {
                    "precision": 0.7815699658703071,
                    "recall": 0.7089783281733746,
                    "f1-score": 0.7435064935064936,
                    "support": 323
                },
                "muffin": {
                    "precision": 0.729106628242075,
                    "recall": 0.7981072555205048,
                    "f1-score": 0.7620481927710844,
                    "support": 317
                },
                "micro avg": {
                    "precision": 0.753125,
                    "recall": 0.753125,
                    "f1-score": 0.753125,
                    "support": 640
                },
                "macro avg": {
                    "precision": 0.755338297056191,
                    "recall": 0.7535427918469397,
                    "f1-score": 0.752777343138789,
                    "support": 640
                },
                "weighted avg": {
                    "precision": 0.7555842189513233,
                    "recall": 0.753125,
                    "f1-score": 0.7526904289234861,
                    "support": 640
                },
                "samples avg": {
                    "precision": 0.753125,
                    "recall": 0.753125,
                    "f1-score": 0.753125,
                    "support": 640
                }
            }
        },
        "test": {
            "accuracy": 0.7581186890602112,
            "precision": 0.7581186890602112,
            "recall": 0.7581186890602112,
            "f1": 0.7581186390602145,
            "classification_report": {
                "chihuahua": {
                    "precision": 0.8175182481751825,
                    "recall": 0.7044025157232704,
                    "f1-score": 0.7567567567567568,
                    "support": 477
                },
                "muffin": {
                    "precision": 0.7074688796680498,
                    "recall": 0.8197115384615384,
                    "f1-score": 0.7594654788418709,
                    "support": 416
                },
                "micro avg": {
                    "precision": 0.7581187010078387,
                    "recall": 0.7581187010078387,
                    "f1-score": 0.7581187010078387,
                    "support": 893
                },
                "macro avg": {
                    "precision": 0.7624935639216162,
                    "recall": 0.7620570270924044,
                    "f1-score": 0.7581111177993138,
                    "support": 893
                },
                "weighted avg": {
                    "precision": 0.7662522489602137,
                    "recall": 0.7581187010078387,
                    "f1-score": 0.7580186026553093,
                    "support": 893
                },
                "samples avg": {
                    "precision": 0.7581187010078387,
                    "recall": 0.7581187010078387,
                    "f1-score": 0.7581187010078387,
                    "support": 893
                }
            }
        }
    },
    "training_history": {
        "accuracy": [
            0.6334375143051147,
            0.8106250166893005,
            0.8615624904632568,
            0.893750011920929
        ],
        "loss": [
            0.8503251671791077,
            0.4313738942146301,
            0.32489514350891113,
            0.26377609372138977
        ],
        "val_accuracy": [
            0.753125011920929,
            0.8500000238418579,
            0.875,
            0.823437511920929
        ],
        "val_loss": [
            0.5425237417221069,
            0.36683741211891174,
            0.31079500913619995,
            0.37570762634277344
        ]
    }
}