{
    "name": "trial_52",
    "start_time": "2024-10-24 15:39:59.380",
    "duration": "0:05:42.311",
    "directory": "/home/krakerlu/github/ImageMLResearch/demo/chihuahua_vs_muffin/experiments/experiment_04/output/trial_52",
    "hyperparameters": {
        "normalization": "standard",
        "batch_size": 128,
        "learning_rate": 5.749495138375783e-05
    },
    "figures": {
        "training_history": "/home/krakerlu/github/ImageMLResearch/demo/chihuahua_vs_muffin/experiments/experiment_04/output/trial_52/training_history.png"
    },
    "evaluation_metrics": {
        "train": {
            "accuracy": 0.946121335029602,
            "precision": 0.946121335029602,
            "recall": 0.946121335029602,
            "f1": 0.9461212850296047,
            "classification_report": {
                "chihuahua": {
                    "precision": 0.9265888456549936,
                    "recall": 0.9797037849698299,
                    "f1-score": 0.9524063458205573,
                    "support": 3646
                },
                "muffin": {
                    "precision": 0.9732948394081559,
                    "recall": 0.9050335570469799,
                    "f1-score": 0.9379238393322901,
                    "support": 2980
                },
                "micro avg": {
                    "precision": 0.9461213401750679,
                    "recall": 0.9461213401750679,
                    "f1-score": 0.9461213401750679,
                    "support": 6626
                },
                "macro avg": {
                    "precision": 0.9499418425315747,
                    "recall": 0.9423686710084049,
                    "f1-score": 0.9451650925764237,
                    "support": 6626
                },
                "weighted avg": {
                    "precision": 0.9475945597184442,
                    "recall": 0.9461213401750679,
                    "f1-score": 0.9458929336057916,
                    "support": 6626
                },
                "samples avg": {
                    "precision": 0.9461213401750679,
                    "recall": 0.9461213401750679,
                    "f1-score": 0.9461213401750679,
                    "support": 6626
                }
            }
        },
        "val": {
            "accuracy": 0.8645980358123779,
            "precision": 0.8645980358123779,
            "recall": 0.8645980358123779,
            "f1": 0.8645979858123808,
            "classification_report": {
                "chihuahua": {
                    "precision": 0.9182389937106918,
                    "recall": 0.8066298342541437,
                    "f1-score": 0.8588235294117647,
                    "support": 362
                },
                "muffin": {
                    "precision": 0.8209718670076727,
                    "recall": 0.9250720461095101,
                    "f1-score": 0.8699186991869918,
                    "support": 347
                },
                "micro avg": {
                    "precision": 0.8645980253878702,
                    "recall": 0.8645980253878702,
                    "f1-score": 0.8645980253878702,
                    "support": 709
                },
                "macro avg": {
                    "precision": 0.8696054303591823,
                    "recall": 0.8658509401818268,
                    "f1-score": 0.8643711142993782,
                    "support": 709
                },
                "weighted avg": {
                    "precision": 0.8706343491889038,
                    "recall": 0.8645980253878702,
                    "f1-score": 0.8642537464949859,
                    "support": 709
                },
                "samples avg": {
                    "precision": 0.8645980253878702,
                    "recall": 0.8645980253878702,
                    "f1-score": 0.8645980253878702,
                    "support": 709
                }
            }
        },
        "test": {
            "accuracy": 0.8790435791015625,
            "precision": 0.8790435791015625,
            "recall": 0.8790435791015625,
            "f1": 0.8790435291015654,
            "classification_report": {
                "chihuahua": {
                    "precision": 0.9285714285714286,
                    "recall": 0.8342245989304813,
                    "f1-score": 0.8788732394366198,
                    "support": 374
                },
                "muffin": {
                    "precision": 0.8346666666666667,
                    "recall": 0.9287833827893175,
                    "f1-score": 0.8792134831460674,
                    "support": 337
                },
                "micro avg": {
                    "precision": 0.8790436005625879,
                    "recall": 0.8790436005625879,
                    "f1-score": 0.8790436005625879,
                    "support": 711
                },
                "macro avg": {
                    "precision": 0.8816190476190476,
                    "recall": 0.8815039908598994,
                    "f1-score": 0.8790433612913435,
                    "support": 711
                },
                "weighted avg": {
                    "precision": 0.8840624204674837,
                    "recall": 0.8790436005625879,
                    "f1-score": 0.879034508255303,
                    "support": 711
                },
                "samples avg": {
                    "precision": 0.8790436005625879,
                    "recall": 0.8790436005625879,
                    "f1-score": 0.8790436005625879,
                    "support": 711
                }
            }
        }
    },
    "training_history": {
        "accuracy": [
            0.6931784152984619,
            0.7718080282211304,
            0.8116510510444641,
            0.8374584913253784,
            0.8582855463027954,
            0.8723211884498596,
            0.8889224529266357,
            0.8913371562957764,
            0.8984304070472717,
            0.909749448299408,
            0.9144279956817627,
            0.9207666516304016,
            0.9345004558563232,
            0.9355568885803223,
            0.935405969619751
        ],
        "loss": [
            0.5770252346992493,
            0.4867808222770691,
            0.4143700897693634,
            0.37828174233436584,
            0.3399312496185303,
            0.3112916648387909,
            0.27669844031333923,
            0.26636427640914917,
            0.2523455023765564,
            0.2271326780319214,
            0.214118093252182,
            0.1995837241411209,
            0.17823277413845062,
            0.1654719114303589,
            0.16646206378936768
        ],
        "val_accuracy": [
            0.7799717783927917,
            0.8053596615791321,
            0.8194640278816223,
            0.8081805109977722,
            0.8194640278816223,
            0.8321579694747925,
            0.8519040942192078,
            0.8434414863586426,
            0.8222849369049072,
            0.8561354279518127,
            0.875881552696228,
            0.8448519110679626,
            0.8547249436378479,
            0.8462623357772827,
            0.8645980358123779
        ],
        "val_loss": [
            0.48498600721359253,
            0.43775254487991333,
            0.4298195242881775,
            0.4900476634502411,
            0.4858240485191345,
            0.4544421136379242,
            0.38500165939331055,
            0.41423332691192627,
            0.4427574574947357,
            0.3461650311946869,
            0.30778080224990845,
            0.38135433197021484,
            0.357422411441803,
            0.38020822405815125,
            0.3305274546146393
        ]
    }
}