{
    "name": "trial_59",
    "start_time": "2024-10-20 12:06:51.703",
    "duration": "33.295",
    "directory": "/home/krakerlu/github/ImageMLResearch/demo/chihuahua_vs_muffin/experiments/experiment_03/output/trial_59",
    "hyperparameters": {
        "units1": 128,
        "kernel_size1": 3,
        "units2": 64,
        "kernel_size2": 7,
        "dense_units": 256,
        "dropout_rate": 0.23734973624048822,
        "learning_rate": 3.363843720343416e-05
    },
    "figures": {
        "model_summary": "/home/krakerlu/github/ImageMLResearch/demo/chihuahua_vs_muffin/experiments/experiment_03/output/trial_59/model_summary.png",
        "confusion_matrix": "/home/krakerlu/github/ImageMLResearch/demo/chihuahua_vs_muffin/experiments/experiment_03/output/trial_59/confusion_matrix.png",
        "training_history": "/home/krakerlu/github/ImageMLResearch/demo/chihuahua_vs_muffin/experiments/experiment_03/output/trial_59/training_history.png"
    },
    "evaluation_metrics": {
        "train": {
            "accuracy": 0.9168750047683716,
            "precision": 0.9168750047683716,
            "recall": 0.9168750047683716,
            "f1": 0.9168749547683743,
            "classification_report": {
                "chihuahua": {
                    "precision": 0.9243888573052871,
                    "recall": 0.9243888573052871,
                    "f1-score": 0.9243888573052871,
                    "support": 1759
                },
                "muffin": {
                    "precision": 0.9077029840388618,
                    "recall": 0.9077029840388618,
                    "f1-score": 0.9077029840388618,
                    "support": 1441
                },
                "micro avg": {
                    "precision": 0.916875,
                    "recall": 0.916875,
                    "f1-score": 0.916875,
                    "support": 3200
                },
                "macro avg": {
                    "precision": 0.9160459206720745,
                    "recall": 0.9160459206720745,
                    "f1-score": 0.9160459206720745,
                    "support": 3200
                },
                "weighted avg": {
                    "precision": 0.916875,
                    "recall": 0.916875,
                    "f1-score": 0.916875,
                    "support": 3200
                },
                "samples avg": {
                    "precision": 0.916875,
                    "recall": 0.916875,
                    "f1-score": 0.916875,
                    "support": 3200
                }
            }
        },
        "val": {
            "accuracy": 0.901562511920929,
            "precision": 0.901562511920929,
            "recall": 0.901562511920929,
            "f1": 0.9015624619209317,
            "classification_report": {
                "chihuahua": {
                    "precision": 0.8939393939393939,
                    "recall": 0.913312693498452,
                    "f1-score": 0.9035222052067381,
                    "support": 323
                },
                "muffin": {
                    "precision": 0.9096774193548387,
                    "recall": 0.889589905362776,
                    "f1-score": 0.8995215311004785,
                    "support": 317
                },
                "micro avg": {
                    "precision": 0.9015625,
                    "recall": 0.9015625,
                    "f1-score": 0.9015625,
                    "support": 640
                },
                "macro avg": {
                    "precision": 0.9018084066471164,
                    "recall": 0.9014512994306141,
                    "f1-score": 0.9015218681536084,
                    "support": 640
                },
                "weighted avg": {
                    "precision": 0.9017346346529814,
                    "recall": 0.9015625,
                    "f1-score": 0.9015406213134813,
                    "support": 640
                },
                "samples avg": {
                    "precision": 0.9015625,
                    "recall": 0.9015625,
                    "f1-score": 0.9015625,
                    "support": 640
                }
            }
        },
        "test": {
            "accuracy": 0.8913773894309998,
            "precision": 0.8913773894309998,
            "recall": 0.8913773894309998,
            "f1": 0.8913773394310025,
            "classification_report": {
                "chihuahua": {
                    "precision": 0.8991596638655462,
                    "recall": 0.8972746331236897,
                    "f1-score": 0.8982161594963274,
                    "support": 477
                },
                "muffin": {
                    "precision": 0.882494004796163,
                    "recall": 0.8846153846153846,
                    "f1-score": 0.8835534213685474,
                    "support": 416
                },
                "micro avg": {
                    "precision": 0.8913773796192609,
                    "recall": 0.8913773796192609,
                    "f1-score": 0.8913773796192609,
                    "support": 893
                },
                "macro avg": {
                    "precision": 0.8908268343308546,
                    "recall": 0.8909450088695372,
                    "f1-score": 0.8908847904324374,
                    "support": 893
                },
                "weighted avg": {
                    "precision": 0.8913960421714102,
                    "recall": 0.8913773796192609,
                    "f1-score": 0.8913855894390413,
                    "support": 893
                },
                "samples avg": {
                    "precision": 0.8913773796192609,
                    "recall": 0.8913773796192609,
                    "f1-score": 0.8913773796192609,
                    "support": 893
                }
            }
        }
    },
    "training_history": {
        "accuracy": [
            0.5809375047683716,
            0.7099999785423279,
            0.7493749856948853,
            0.7709375023841858,
            0.7978125214576721,
            0.8221874833106995,
            0.832812488079071,
            0.8378124833106995,
            0.8418750166893005,
            0.8612499833106995,
            0.8553125262260437,
            0.864062488079071,
            0.8700000047683716,
            0.8706250190734863,
            0.8753125071525574,
            0.8840625286102295,
            0.8853124976158142,
            0.885937511920929,
            0.8903124928474426,
            0.8909375071525574,
            0.8940625190734863,
            0.8943750262260437,
            0.8984375,
            0.9037500023841858,
            0.9071875214576721
        ],
        "loss": [
            0.6752607226371765,
            0.5881189703941345,
            0.523356556892395,
            0.4820133447647095,
            0.45048823952674866,
            0.4180552661418915,
            0.3937424123287201,
            0.3697544038295746,
            0.359617680311203,
            0.3380233645439148,
            0.3350010812282562,
            0.32050803303718567,
            0.316226601600647,
            0.31065890192985535,
            0.29671207070350647,
            0.2866748571395874,
            0.28780993819236755,
            0.27546557784080505,
            0.2682803273200989,
            0.2685684263706207,
            0.26182833313941956,
            0.25405022501945496,
            0.24900449812412262,
            0.23900608718395233,
            0.23244965076446533
        ],