{
    "name": "trial_94",
    "start_time": "2024-10-20 12:25:17.379",
    "duration": "32.988",
    "directory": "/home/krakerlu/github/ImageMLResearch/demo/chihuahua_vs_muffin/experiments/experiment_03/output/trial_94",
    "hyperparameters": {
        "units1": 128,
        "kernel_size1": 3,
        "units2": 64,
        "kernel_size2": 7,
        "dense_units": 128,
        "dropout_rate": 0.20494771584496596,
        "learning_rate": 0.00013488839008780903
    },
    "figures": {
        "model_summary": "/home/krakerlu/github/ImageMLResearch/demo/chihuahua_vs_muffin/experiments/experiment_03/output/trial_94/model_summary.png",
        "confusion_matrix": "/home/krakerlu/github/ImageMLResearch/demo/chihuahua_vs_muffin/experiments/experiment_03/output/trial_94/confusion_matrix.png",
        "training_history": "/home/krakerlu/github/ImageMLResearch/demo/chihuahua_vs_muffin/experiments/experiment_03/output/trial_94/training_history.png"
    },
    "evaluation_metrics": {
        "train": {
            "accuracy": 0.9709374904632568,
            "precision": 0.9709374904632568,
            "recall": 0.9709374904632568,
            "f1": 0.9709374404632594,
            "classification_report": {
                "chihuahua": {
                    "precision": 0.978735632183908,
                    "recall": 0.9681637293916998,
                    "f1-score": 0.9734209774221206,
                    "support": 1759
                },
                "muffin": {
                    "precision": 0.9616438356164384,
                    "recall": 0.974323386537127,
                    "f1-score": 0.96794208893485,
                    "support": 1441
                },
                "micro avg": {
                    "precision": 0.9709375,
                    "recall": 0.9709375,
                    "f1-score": 0.9709375,
                    "support": 3200
                },
                "macro avg": {
                    "precision": 0.9701897339001733,
                    "recall": 0.9712435579644134,
                    "f1-score": 0.9706815331784853,
                    "support": 3200
                },
                "weighted avg": {
                    "precision": 0.9710389825421194,
                    "recall": 0.9709375,
                    "f1-score": 0.9709537654501966,
                    "support": 3200
                },
                "samples avg": {
                    "precision": 0.9709375,
                    "recall": 0.9709375,
                    "f1-score": 0.9709375,
                    "support": 3200
                }
            }
        },
        "val": {
            "accuracy": 0.8999999761581421,
            "precision": 0.8999999761581421,
            "recall": 0.8999999761581421,
            "f1": 0.8999999261581448,
            "classification_report": {
                "chihuahua": {
                    "precision": 0.9034267912772586,
                    "recall": 0.8978328173374613,
                    "f1-score": 0.9006211180124224,
                    "support": 323
                },
                "muffin": {
                    "precision": 0.896551724137931,
                    "recall": 0.9022082018927445,
                    "f1-score": 0.89937106918239,
                    "support": 317
                },
                "micro avg": {
                    "precision": 0.9,
                    "recall": 0.9,
                    "f1-score": 0.9,
                    "support": 640
                },
                "macro avg": {
                    "precision": 0.8999892577075947,
                    "recall": 0.9000205096151029,
                    "f1-score": 0.8999960935974062,
                    "support": 640
                },
                "weighted avg": {
                    "precision": 0.9000214845848105,
                    "recall": 0.9,
                    "f1-score": 0.9000019532012971,
                    "support": 640
                },
                "samples avg": {
                    "precision": 0.9,
                    "recall": 0.9,
                    "f1-score": 0.9,
                    "support": 640
                }
            }
        },
        "test": {
            "accuracy": 0.9160134196281433,
            "precision": 0.9160134196281433,
            "recall": 0.9160134196281433,
            "f1": 0.9160133696281461,
            "classification_report": {
                "chihuahua": {
                    "precision": 0.91701244813278,
                    "recall": 0.9266247379454927,
                    "f1-score": 0.921793534932221,
                    "support": 477
                },
                "muffin": {
                    "precision": 0.9148418491484185,
                    "recall": 0.9038461538461539,
                    "f1-score": 0.909310761789601,
                    "support": 416
                },
                "micro avg": {
                    "precision": 0.916013437849944,
                    "recall": 0.916013437849944,
                    "f1-score": 0.916013437849944,
                    "support": 893
                },
                "macro avg": {
                    "precision": 0.9159271486405993,
                    "recall": 0.9152354458958233,
                    "f1-score": 0.915552148360911,
                    "support": 893
                },
                "weighted avg": {
                    "precision": 0.9160012844401771,
                    "recall": 0.916013437849944,
                    "f1-score": 0.9159784916765324,
                    "support": 893
                },
                "samples avg": {
                    "precision": 0.916013437849944,
                    "recall": 0.916013437849944,
                    "f1-score": 0.916013437849944,
                    "support": 893
                }
            }
        }
    },
    "training_history": {
        "accuracy": [
            0.6393749713897705,
            0.7593749761581421,
            0.7981250286102295,
            0.8290625214576721,
            0.8431249856948853,
            0.8490625023841858,
            0.8578125238418579,
            0.8762500286102295,
            0.8840625286102295,
            0.8884375095367432,
            0.8971874713897705,
            0.8946874737739563,
            0.885937511920929,
            0.8962500095367432,
            0.9056249856948853,
            0.9143750071525574,
            0.9221875071525574,
            0.9212499856948853,
            0.9228125214576721,
            0.9306250214576721,
            0.9362499713897705,
            0.948437511920929,
            0.949999988079071,
            0.9609375,
            0.9615625143051147
        ],
        "loss": [
            0.6248704791069031,
            0.5050504803657532,
            0.4533482491970062,
            0.3999893069267273,
            0.37435999512672424,
            0.35718363523483276,
            0.3429475724697113,
            0.30717697739601135,
            0.2905452251434326,
            0.2891944944858551,
            0.26106107234954834,
            0.26056352257728577,
            0.2689765989780426,
            0.26180630922317505,
            0.23728591203689575,
            0.21462497115135193,
            0.20490331947803497,
            0.20855842530727386,
            0.19803212583065033,
            0.1796729862689972,
            0.16328895092010498,
            0.13970732688903809,
            0.13932009041309357,
            0.11621960997581482,
            0.10128787159919739
        ],