{
    "name": "trial_97",
    "start_time": "2024-10-20 12:27:00.081",
    "duration": "32.958",
    "directory": "/home/krakerlu/github/ImageMLResearch/demo/chihuahua_vs_muffin/experiments/experiment_03/output/trial_97",
    "hyperparameters": {
        "units1": 128,
        "kernel_size1": 3,
        "units2": 64,
        "kernel_size2": 7,
        "dense_units": 128,
        "dropout_rate": 0.28021837387631926,
        "learning_rate": 3.076777375370746e-05
    },
    "figures": {
        "model_summary": "/home/krakerlu/github/ImageMLResearch/demo/chihuahua_vs_muffin/experiments/experiment_03/output/trial_97/model_summary.png",
        "confusion_matrix": "/home/krakerlu/github/ImageMLResearch/demo/chihuahua_vs_muffin/experiments/experiment_03/output/trial_97/confusion_matrix.png",
        "training_history": "/home/krakerlu/github/ImageMLResearch/demo/chihuahua_vs_muffin/experiments/experiment_03/output/trial_97/training_history.png"
    },
    "evaluation_metrics": {
        "train": {
            "accuracy": 0.8978124856948853,
            "precision": 0.8978124856948853,
            "recall": 0.8978124856948853,
            "f1": 0.897812435694888,
            "classification_report": {
                "chihuahua": {
                    "precision": 0.9272076372315036,
                    "recall": 0.8834565093803297,
                    "f1-score": 0.9048034934497816,
                    "support": 1759
                },
                "muffin": {
                    "precision": 0.865485564304462,
                    "recall": 0.9153365718251214,
                    "f1-score": 0.8897133220910624,
                    "support": 1441
                },
                "micro avg": {
                    "precision": 0.8978125,
                    "recall": 0.8978125,
                    "f1-score": 0.8978125,
                    "support": 3200
                },
                "macro avg": {
                    "precision": 0.8963466007679828,
                    "recall": 0.8993965406027256,
                    "f1-score": 0.897258407770422,
                    "support": 3200
                },
                "weighted avg": {
                    "precision": 0.8994134162665453,
                    "recall": 0.8978125,
                    "f1-score": 0.8980082006598085,
                    "support": 3200
                },
                "samples avg": {
                    "precision": 0.8978125,
                    "recall": 0.8978125,
                    "f1-score": 0.8978125,
                    "support": 3200
                }
            }
        },
        "val": {
            "accuracy": 0.890625,
            "precision": 0.890625,
            "recall": 0.890625,
            "f1": 0.8906249500000027,
            "classification_report": {
                "chihuahua": {
                    "precision": 0.9093851132686084,
                    "recall": 0.8699690402476781,
                    "f1-score": 0.8892405063291139,
                    "support": 323
                },
                "muffin": {
                    "precision": 0.8731117824773413,
                    "recall": 0.9116719242902208,
                    "f1-score": 0.8919753086419753,
                    "support": 317
                },
                "micro avg": {
                    "precision": 0.890625,
                    "recall": 0.890625,
                    "f1-score": 0.890625,
                    "support": 640
                },
                "macro avg": {
                    "precision": 0.8912484478729749,
                    "recall": 0.8908204822689494,
                    "f1-score": 0.8906079074855446,
                    "support": 640
                },
                "weighted avg": {
                    "precision": 0.8914184791110589,
                    "recall": 0.890625,
                    "f1-score": 0.8905950880997031,
                    "support": 640
                },
                "samples avg": {
                    "precision": 0.890625,
                    "recall": 0.890625,
                    "f1-score": 0.890625,
                    "support": 640
                }
            }
        },
        "test": {
            "accuracy": 0.8913773894309998,
            "precision": 0.8913773894309998,
            "recall": 0.8913773894309998,
            "f1": 0.8913773394310025,
            "classification_report": {
                "chihuahua": {
                    "precision": 0.9130434782608695,
                    "recall": 0.8805031446540881,
                    "f1-score": 0.8964781216648879,
                    "support": 477
                },
                "muffin": {
                    "precision": 0.8683602771362586,
                    "recall": 0.9038461538461539,
                    "f1-score": 0.8857479387514723,
                    "support": 416
                },
                "micro avg": {
                    "precision": 0.8913773796192609,
                    "recall": 0.8913773796192609,
                    "f1-score": 0.8913773796192609,
                    "support": 893
                },
                "macro avg": {
                    "precision": 0.890701877698564,
                    "recall": 0.892174649250121,
                    "f1-score": 0.8911130302081801,
                    "support": 893
                },
                "weighted avg": {
                    "precision": 0.8922280116675458,
                    "recall": 0.8913773796192609,
                    "f1-score": 0.8914795146189968,
                    "support": 893
                },
                "samples avg": {
                    "precision": 0.8913773796192609,
                    "recall": 0.8913773796192609,
                    "f1-score": 0.8913773796192609,
                    "support": 893
                }
            }
        }
    },
    "training_history": {
        "accuracy": [
            0.5293750166893005,
            0.6306250095367432,
            0.7250000238418579,
            0.7446874976158142,
            0.7668750286102295,
            0.7959374785423279,
            0.8131250143051147,
            0.815625011920929,
            0.8334375023841858,
            0.8371875286102295,
            0.8459374904632568,
            0.8540624976158142,
            0.8543750047683716,
            0.8596875071525574,
            0.8612499833106995,
            0.8687499761581421,
            0.8715624809265137,
            0.8725000023841858,
            0.8725000023841858,
            0.8809375166893005,
            0.8887500166893005,
            0.8846874833106995,
            0.8871874809265137,
            0.8959375023841858,
            0.8965625166893005
        ],
        "loss": [
            0.6879178881645203,
            0.6540097594261169,
            0.5665486454963684,
            0.5285321474075317,
            0.4948779344558716,
            0.4651663899421692,
            0.43940848112106323,
            0.4235970377922058,
            0.39837658405303955,
            0.3848055899143219,
            0.3670753538608551,
            0.3565448820590973,
            0.35301753878593445,
            0.34375080466270447,
            0.3345925509929657,
            0.3151610493659973,
            0.3131268322467804,
            0.31614407896995544,
            0.32390740513801575,
            0.2971426844596863,
            0.29302310943603516,
            0.2857596278190613,
            0.2912060618400574,
            0.27096039056777954,
            0.2656773030757904
        ],