{
    "name": "trial_44",
    "start_time": "2024-10-23 08:38:29.566",
    "duration": "21.254",
    "directory": "/home/krakerlu/github/ImageMLResearch/demo/chihuahua_vs_muffin/experiments/experiment_05/output/trial_44",
    "hyperparameters": {
        "dense_units": 512,
        "dropout_rate": 0.365182597129303,
        "learning_rate": 1.2883070605895913e-05
    },
    "figures": {
        "model_summary": "/home/krakerlu/github/ImageMLResearch/demo/chihuahua_vs_muffin/experiments/experiment_05/output/trial_44/model_summary.png",
        "confusion_matrix": "/home/krakerlu/github/ImageMLResearch/demo/chihuahua_vs_muffin/experiments/experiment_05/output/trial_44/confusion_matrix.png",
        "training_history": "/home/krakerlu/github/ImageMLResearch/demo/chihuahua_vs_muffin/experiments/experiment_05/output/trial_44/training_history.png"
    },
    "evaluation_metrics": {
        "train": {
            "accuracy": 0.9931250214576721,
            "precision": 0.9931250214576721,
            "recall": 0.9931250214576721,
            "f1": 0.9931249714576746,
            "classification_report": {
                "chihuahua": {
                    "precision": 0.9898477157360406,
                    "recall": 0.9977259806708357,
                    "f1-score": 0.9937712344280861,
                    "support": 1759
                },
                "muffin": {
                    "precision": 0.9971969166082691,
                    "recall": 0.9875086745315753,
                    "f1-score": 0.9923291492329149,
                    "support": 1441
                },
                "micro avg": {
                    "precision": 0.993125,
                    "recall": 0.993125,
                    "f1-score": 0.993125,
                    "support": 3200
                },
                "macro avg": {
                    "precision": 0.9935223161721549,
                    "recall": 0.9926173276012056,
                    "f1-score": 0.9930501918305006,
                    "support": 3200
                },
                "weighted avg": {
                    "precision": 0.9931571527538161,
                    "recall": 0.993125,
                    "f1-score": 0.9931218454386357,
                    "support": 3200
                },
                "samples avg": {
                    "precision": 0.993125,
                    "recall": 0.993125,
                    "f1-score": 0.993125,
                    "support": 3200
                }
            }
        },
        "val": {
            "accuracy": 0.9906250238418579,
            "precision": 0.9906250238418579,
            "recall": 0.9906250238418579,
            "f1": 0.9906249738418604,
            "classification_report": {
                "chihuahua": {
                    "precision": 0.9937694704049844,
                    "recall": 0.9876160990712074,
                    "f1-score": 0.9906832298136646,
                    "support": 323
                },
                "muffin": {
                    "precision": 0.987460815047022,
                    "recall": 0.9936908517350158,
                    "f1-score": 0.9905660377358491,
                    "support": 317
                },
                "micro avg": {
                    "precision": 0.990625,
                    "recall": 0.990625,
                    "f1-score": 0.990625,
                    "support": 640
                },
                "macro avg": {
                    "precision": 0.9906151427260033,
                    "recall": 0.9906534754031115,
                    "f1-score": 0.9906246337747568,
                    "support": 640
                },
                "weighted avg": {
                    "precision": 0.9906447145479937,
                    "recall": 0.990625,
                    "f1-score": 0.9906251831126216,
                    "support": 640
                },
                "samples avg": {
                    "precision": 0.990625,
                    "recall": 0.990625,
                    "f1-score": 0.990625,
                    "support": 640
                }
            }
        },
        "test": {
            "accuracy": 0.978723406791687,
            "precision": 0.978723406791687,
            "recall": 0.978723406791687,
            "f1": 0.9787233567916895,
            "classification_report": {
                "chihuahua": {
                    "precision": 0.9711934156378601,
                    "recall": 0.989517819706499,
                    "f1-score": 0.980269989615784,
                    "support": 477
                },
                "muffin": {
                    "precision": 0.9877149877149877,
                    "recall": 0.9663461538461539,
                    "f1-score": 0.976913730255164,
                    "support": 416
                },
                "micro avg": {
                    "precision": 0.9787234042553191,
                    "recall": 0.9787234042553191,
                    "f1-score": 0.9787234042553191,
                    "support": 893
                },
                "macro avg": {
                    "precision": 0.9794542016764238,
                    "recall": 0.9779319867763264,
                    "f1-score": 0.978591859935474,
                    "support": 893
                },
                "weighted avg": {
                    "precision": 0.9788899150601279,
                    "recall": 0.9787234042553191,
                    "f1-score": 0.9787064914141962,
                    "support": 893
                },
                "samples avg": {
                    "precision": 0.9787234042553191,
                    "recall": 0.9787234042553191,
                    "f1-score": 0.9787234042553191,
                    "support": 893
                }
            }
        }
    },
    "training_history": {
        "accuracy": [
            0.6621875166893005,
            0.8134375214576721,
            0.8912500143051147,
            0.9271875023841858,
            0.942187488079071,
            0.9553124904632568,
            0.9556249976158142,
            0.9624999761581421,
            0.9671875238418579,
            0.9703124761581421,
            0.9759374856948853,
            0.9740625023841858,
            0.9787499904632568,
            0.9803125262260437,
            0.9825000166893005,
            0.979687511920929,
            0.9793750047683716,
            0.9862499833106995,
            0.9840624928474426,
            0.9853125214576721,
            0.9868749976158142,
            0.9859374761581421,
            0.9856250286102295,
            0.9853125214576721,
            0.9884374737739563
        ],
        "loss": [
            0.6995392441749573,
            0.4118017852306366,
            0.2812551259994507,
            0.21068984270095825,
            0.16602611541748047,
            0.14564913511276245,
            0.13279512524604797,
            0.1127094253897667,
            0.10243591666221619,
            0.09486308693885803,
            0.08304333686828613,
            0.08053610473871231,
            0.07036399096250534,
            0.06414705514907837,
            0.059045661240816116,
            0.061484456062316895,
            0.0610775388777256,
            0.05074441432952881,
            0.05282321572303772,
            0.050869885832071304,
            0.047639407217502594,
            0.04702914133667946,
            0.04457095265388489,
            0.04458356276154518,
            0.038875482976436615
        ],