{
    "name": "trial_43",
    "start_time": "2024-10-24 14:48:04.091",
    "duration": "0:05:45.609",
    "directory": "/home/krakerlu/github/ImageMLResearch/demo/chihuahua_vs_muffin/experiments/experiment_04/output/trial_43",
    "hyperparameters": {
        "normalization": "standard",
        "batch_size": 128,
        "learning_rate": 6.34914580214835e-05
    },
    "figures": {
        "training_history": "/home/krakerlu/github/ImageMLResearch/demo/chihuahua_vs_muffin/experiments/experiment_04/output/trial_43/training_history.png"
    },
    "evaluation_metrics": {
        "train": {
            "accuracy": 0.9556293487548828,
            "precision": 0.9556293487548828,
            "recall": 0.9556293487548828,
            "f1": 0.9556292987548854,
            "classification_report": {
                "chihuahua": {
                    "precision": 0.9326277749096541,
                    "recall": 0.9909489851892485,
                    "f1-score": 0.9609042553191489,
                    "support": 3646
                },
                "muffin": {
                    "precision": 0.9880087209302325,
                    "recall": 0.9124161073825503,
                    "f1-score": 0.9487090020935102,
                    "support": 2980
                },
                "micro avg": {
                    "precision": 0.955629338967703,
                    "recall": 0.955629338967703,
                    "f1-score": 0.955629338967703,
                    "support": 6626
                },
                "macro avg": {
                    "precision": 0.9603182479199432,
                    "recall": 0.9516825462858993,
                    "f1-score": 0.9548066287063295,
                    "support": 6626
                },
                "weighted avg": {
                    "precision": 0.9575349918039076,
                    "recall": 0.955629338967703,
                    "f1-score": 0.9554195202433259,
                    "support": 6626
                },
                "samples avg": {
                    "precision": 0.955629338967703,
                    "recall": 0.955629338967703,
                    "f1-score": 0.955629338967703,
                    "support": 6626
                }
            }
        },
        "val": {
            "accuracy": 0.8928067684173584,
            "precision": 0.8928067684173584,
            "recall": 0.8928067684173584,
            "f1": 0.8928067184173611,
            "classification_report": {
                "chihuahua": {
                    "precision": 0.9181286549707602,
                    "recall": 0.8674033149171271,
                    "f1-score": 0.8920454545454546,
                    "support": 362
                },
                "muffin": {
                    "precision": 0.8692098092643051,
                    "recall": 0.9193083573487032,
                    "f1-score": 0.8935574229691877,
                    "support": 347
                },
                "micro avg": {
                    "precision": 0.8928067700987306,
                    "recall": 0.8928067700987306,
                    "f1-score": 0.8928067700987306,
                    "support": 709
                },
                "macro avg": {
                    "precision": 0.8936692321175327,
                    "recall": 0.8933558361329151,
                    "f1-score": 0.8928014387573211,
                    "support": 709
                },
                "weighted avg": {
                    "precision": 0.894186709328814,
                    "recall": 0.8928067700987306,
                    "f1-score": 0.8927854447330926,
                    "support": 709
                },
                "samples avg": {
                    "precision": 0.8928067700987306,
                    "recall": 0.8928067700987306,
                    "f1-score": 0.8928067700987306,
                    "support": 709
                }
            }
        },
        "test": {
            "accuracy": 0.8931083083152771,
            "precision": 0.8931083083152771,
            "recall": 0.8931083083152771,
            "f1": 0.8931082583152798,
            "classification_report": {
                "chihuahua": {
                    "precision": 0.9257142857142857,
                    "recall": 0.8663101604278075,
                    "f1-score": 0.8950276243093923,
                    "support": 374
                },
                "muffin": {
                    "precision": 0.8614958448753463,
                    "recall": 0.9228486646884273,
                    "f1-score": 0.8911174785100286,
                    "support": 337
                },
                "micro avg": {
                    "precision": 0.8931082981715893,
                    "recall": 0.8931082981715893,
                    "f1-score": 0.8931082981715893,
                    "support": 711
                },
                "macro avg": {
                    "precision": 0.893605065294816,
                    "recall": 0.8945794125581175,
                    "f1-score": 0.8930725514097104,
                    "support": 711
                },
                "weighted avg": {
                    "precision": 0.8952760092547603,
                    "recall": 0.8931082981715893,
                    "f1-score": 0.8931742921935195,
                    "support": 711
                },
                "samples avg": {
                    "precision": 0.8931082981715893,
                    "recall": 0.8931082981715893,
                    "f1-score": 0.8931082981715893,
                    "support": 711
                }
            }
        }
    },
    "training_history": {
        "accuracy": [
            0.6969513893127441,
            0.779052197933197,
            0.8282523155212402,
            0.8519468903541565,
            0.8625113368034363,
            0.880470871925354,
            0.8871113657951355,
            0.9040144681930542,
            0.9159372448921204,
            0.9227286577224731,
            0.9304255843162537,
            0.9293691515922546,
            0.938122570514679,
            0.9388771653175354,
            0.9434047937393188
        ],
        "loss": [
            0.5689281821250916,
            0.4778023958206177,
            0.39511406421661377,
            0.3498225510120392,
            0.3265262246131897,
            0.29177629947662354,
            0.2714248597621918,
            0.2428838461637497,
            0.2198956310749054,
            0.19930535554885864,
            0.18234319984912872,
            0.17548131942749023,
            0.1592862755060196,
            0.15792343020439148,
            0.14763811230659485
        ],
        "val_accuracy": [
            0.7757405042648315,
            0.7968970537185669,
            0.8124118447303772,
            0.8462623357772827,
            0.8293371200561523,
            0.8519040942192078,
            0.8392101526260376,
            0.8349788188934326,
            0.8631876111030579,
            0.871650218963623,
            0.8533145189285278,
            0.8476727604866028,
            0.8575458526611328,
            0.8589562773704529,
            0.8928067684173584
        ],
        "val_loss": [
            0.472328782081604,
            0.44813501834869385,
            0.3971560299396515,
            0.3713098168373108,
            0.4032813608646393,
            0.3514541983604431,
            0.3922906517982483,
            0.3981095552444458,
            0.3299260139465332,
            0.3079119324684143,
            0.35579952597618103,
            0.3609560430049896,
            0.32915791869163513,
            0.32245931029319763,
            0.28431129455566406
        ]
    }
}