{
    "name": "trial_78",
    "start_time": "2024-10-23 08:51:28.471",
    "duration": "21.001",
    "directory": "/home/krakerlu/github/ImageMLResearch/demo/chihuahua_vs_muffin/experiments/experiment_05/output/trial_78",
    "hyperparameters": {
        "dense_units": 512,
        "dropout_rate": 0.2987290456087326,
        "learning_rate": 1.4558488937695981e-05
    },
    "figures": {
        "model_summary": "/home/krakerlu/github/ImageMLResearch/demo/chihuahua_vs_muffin/experiments/experiment_05/output/trial_78/model_summary.png",
        "confusion_matrix": "/home/krakerlu/github/ImageMLResearch/demo/chihuahua_vs_muffin/experiments/experiment_05/output/trial_78/confusion_matrix.png",
        "training_history": "/home/krakerlu/github/ImageMLResearch/demo/chihuahua_vs_muffin/experiments/experiment_05/output/trial_78/training_history.png"
    },
    "evaluation_metrics": {
        "train": {
            "accuracy": 0.9943749904632568,
            "precision": 0.9943749904632568,
            "recall": 0.9943749904632568,
            "f1": 0.9943749404632594,
            "classification_report": {
                "chihuahua": {
                    "precision": 0.9920859242509893,
                    "recall": 0.9977259806708357,
                    "f1-score": 0.9948979591836735,
                    "support": 1759
                },
                "muffin": {
                    "precision": 0.9972047519217331,
                    "recall": 0.9902845246356696,
                    "f1-score": 0.9937325905292479,
                    "support": 1441
                },
                "micro avg": {
                    "precision": 0.994375,
                    "recall": 0.994375,
                    "f1-score": 0.994375,
                    "support": 3200
                },
                "macro avg": {
                    "precision": 0.9946453380863611,
                    "recall": 0.9940052526532527,
                    "f1-score": 0.9943152748564608,
                    "support": 3200
                },
                "weighted avg": {
                    "precision": 0.9943909963364712,
                    "recall": 0.994375,
                    "f1-score": 0.9943731791114775,
                    "support": 3200
                },
                "samples avg": {
                    "precision": 0.994375,
                    "recall": 0.994375,
                    "f1-score": 0.994375,
                    "support": 3200
                }
            }
        },
        "val": {
            "accuracy": 0.984375,
            "precision": 0.984375,
            "recall": 0.984375,
            "f1": 0.9843749500000025,
            "classification_report": {
                "chihuahua": {
                    "precision": 0.9845201238390093,
                    "recall": 0.9845201238390093,
                    "f1-score": 0.9845201238390093,
                    "support": 323
                },
                "muffin": {
                    "precision": 0.9842271293375394,
                    "recall": 0.9842271293375394,
                    "f1-score": 0.9842271293375394,
                    "support": 317
                },
                "micro avg": {
                    "precision": 0.984375,
                    "recall": 0.984375,
                    "f1-score": 0.984375,
                    "support": 640
                },
                "macro avg": {
                    "precision": 0.9843736265882743,
                    "recall": 0.9843736265882743,
                    "f1-score": 0.9843736265882743,
                    "support": 640
                },
                "weighted avg": {
                    "precision": 0.984375,
                    "recall": 0.984375,
                    "f1-score": 0.984375,
                    "support": 640
                },
                "samples avg": {
                    "precision": 0.984375,
                    "recall": 0.984375,
                    "f1-score": 0.984375,
                    "support": 640
                }
            }
        },
        "test": {
            "accuracy": 0.9843224883079529,
            "precision": 0.9843224883079529,
            "recall": 0.9843224883079529,
            "f1": 0.9843224383079554,
            "classification_report": {
                "chihuahua": {
                    "precision": 0.979296066252588,
                    "recall": 0.9916142557651991,
                    "f1-score": 0.9854166666666667,
                    "support": 477
                },
                "muffin": {
                    "precision": 0.9902439024390244,
                    "recall": 0.9759615384615384,
                    "f1-score": 0.9830508474576272,
                    "support": 416
                },
                "micro avg": {
                    "precision": 0.9843225083986562,
                    "recall": 0.9843225083986562,
                    "f1-score": 0.9843225083986562,
                    "support": 893
                },
                "macro avg": {
                    "precision": 0.9847699843458062,
                    "recall": 0.9837878971133688,
                    "f1-score": 0.9842337570621469,
                    "support": 893
                },
                "weighted avg": {
                    "precision": 0.9843960660885988,
                    "recall": 0.9843225083986562,
                    "f1-score": 0.9843145605177748,
                    "support": 893
                },
                "samples avg": {
                    "precision": 0.9843225083986562,
                    "recall": 0.9843225083986562,
                    "f1-score": 0.9843225083986562,
                    "support": 893
                }
            }
        }
    },
    "training_history": {
        "accuracy": [
            0.6740624904632568,
            0.8393750190734863,
            0.9071875214576721,
            0.9356250166893005,
            0.9443749785423279,
            0.9634374976158142,
            0.9637500047683716,
            0.9668750166893005,
            0.9721875190734863,
            0.9775000214576721,
            0.9743750095367432,
            0.9793750047683716,
            0.9806249737739563,
            0.9821875095367432,
            0.9825000166893005,
            0.9831249713897705,
            0.9846875071525574,
            0.989062488079071,
            0.9850000143051147,
            0.9856250286102295,
            0.9893749952316284,
            0.987500011920929,
            0.9881250262260437,
            0.9903125166893005,
            0.989062488079071
        ],
        "loss": [
            0.6601440906524658,
            0.3682975471019745,
            0.24485062062740326,
            0.1919311285018921,
            0.1590842604637146,
            0.12359921634197235,
            0.11372722685337067,
            0.10151301324367523,
            0.08629399538040161,
            0.07934357970952988,
            0.0765945166349411,
            0.07159789651632309,
            0.06191687285900116,
            0.060557786375284195,
            0.05779949203133583,
            0.05600357428193092,
            0.05055878683924675,
            0.04391263425350189,
            0.04478012025356293,
            0.04353570565581322,
            0.03873252496123314,
            0.04172387719154358,
            0.03720591217279434,
            0.03450481966137886,
            0.035635992884635925
        ],