{
    "name": "trial_82",
    "start_time": "2024-10-23 08:53:01.738",
    "duration": "20.728",
    "directory": "/home/krakerlu/github/ImageMLResearch/demo/chihuahua_vs_muffin/experiments/experiment_05/output/trial_82",
    "hyperparameters": {
        "dense_units": 512,
        "dropout_rate": 0.45955507713388793,
        "learning_rate": 5.1543911055239724e-05
    },
    "figures": {
        "model_summary": "/home/krakerlu/github/ImageMLResearch/demo/chihuahua_vs_muffin/experiments/experiment_05/output/trial_82/model_summary.png",
        "confusion_matrix": "/home/krakerlu/github/ImageMLResearch/demo/chihuahua_vs_muffin/experiments/experiment_05/output/trial_82/confusion_matrix.png",
        "training_history": "/home/krakerlu/github/ImageMLResearch/demo/chihuahua_vs_muffin/experiments/experiment_05/output/trial_82/training_history.png"
    },
    "evaluation_metrics": {
        "train": {
            "accuracy": 0.9996874928474426,
            "precision": 0.9996874928474426,
            "recall": 0.9996874928474426,
            "f1": 0.9996874428474452,
            "classification_report": {
                "chihuahua": {
                    "precision": 1.0,
                    "recall": 0.9994314951677089,
                    "f1-score": 0.9997156667614444,
                    "support": 1759
                },
                "muffin": {
                    "precision": 0.9993065187239945,
                    "recall": 1.0,
                    "f1-score": 0.9996531390912244,
                    "support": 1441
                },
                "micro avg": {
                    "precision": 0.9996875,
                    "recall": 0.9996875,
                    "f1-score": 0.9996875,
                    "support": 3200
                },
                "macro avg": {
                    "precision": 0.9996532593619972,
                    "recall": 0.9997157475838545,
                    "f1-score": 0.9996844029263344,
                    "support": 3200
                },
                "weighted avg": {
                    "precision": 0.9996877167128987,
                    "recall": 0.9996875,
                    "f1-score": 0.9996875097699484,
                    "support": 3200
                },
                "samples avg": {
                    "precision": 0.9996875,
                    "recall": 0.9996875,
                    "f1-score": 0.9996875,
                    "support": 3200
                }
            }
        },
        "val": {
            "accuracy": 0.989062488079071,
            "precision": 0.989062488079071,
            "recall": 0.989062488079071,
            "f1": 0.9890624380790736,
            "classification_report": {
                "chihuahua": {
                    "precision": 0.9906832298136646,
                    "recall": 0.9876160990712074,
                    "f1-score": 0.9891472868217054,
                    "support": 323
                },
                "muffin": {
                    "precision": 0.9874213836477987,
                    "recall": 0.9905362776025236,
                    "f1-score": 0.988976377952756,
                    "support": 317
                },
                "micro avg": {
                    "precision": 0.9890625,
                    "recall": 0.9890625,
                    "f1-score": 0.9890625,
                    "support": 640
                },
                "macro avg": {
                    "precision": 0.9890523067307317,
                    "recall": 0.9890761883368655,
                    "f1-score": 0.9890618323872307,
                    "support": 640
                },
                "weighted avg": {
                    "precision": 0.9890675966346342,
                    "recall": 0.9890625,
                    "f1-score": 0.9890626335225537,
                    "support": 640
                },
                "samples avg": {
                    "precision": 0.9890625,
                    "recall": 0.9890625,
                    "f1-score": 0.9890625,
                    "support": 640
                }
            }
        },
        "test": {
            "accuracy": 0.9865621328353882,
            "precision": 0.9865621328353882,
            "recall": 0.9865621328353882,
            "f1": 0.9865620828353907,
            "classification_report": {
                "chihuahua": {
                    "precision": 0.9853862212943633,
                    "recall": 0.989517819706499,
                    "f1-score": 0.9874476987447699,
                    "support": 477
                },
                "muffin": {
                    "precision": 0.9879227053140096,
                    "recall": 0.9831730769230769,
                    "f1-score": 0.9855421686746988,
                    "support": 416
                },
                "micro avg": {
                    "precision": 0.986562150055991,
                    "recall": 0.986562150055991,
                    "f1-score": 0.986562150055991,
                    "support": 893
                },
                "macro avg": {
                    "precision": 0.9866544633041865,
                    "recall": 0.986345448314788,
                    "f1-score": 0.9864949337097344,
                    "support": 893
                },
                "weighted avg": {
                    "precision": 0.9865678308712645,
                    "recall": 0.986562150055991,
                    "f1-score": 0.9865600162037289,
                    "support": 893
                },
                "samples avg": {
                    "precision": 0.986562150055991,
                    "recall": 0.986562150055991,
                    "f1-score": 0.986562150055991,
                    "support": 893
                }
            }
        }
    },
    "training_history": {
        "accuracy": [
            0.8115624785423279,
            0.9553124904632568,
            0.9703124761581421,
            0.9787499904632568,
            0.9793750047683716,
            0.9856250286102295,
            0.9868749976158142,
            0.9881250262260437,
            0.989062488079071,
            0.9871875047683716,
            0.9931250214576721,
            0.9912499785423279,
            0.9928125143051147,
            0.9921875,
            0.9943749904632568,
            0.9943749904632568,
            0.9937499761581421,
            0.9962499737739563,
            0.9950000047683716,
            0.996874988079071,
            0.9950000047683716,
            0.9965624809265137,
            0.9984375238418579,
            0.9990624785423279,
            0.9984375238418579
        ],
        "loss": [
            0.41478535532951355,
            0.12799908220767975,
            0.08187726140022278,
            0.06510796397924423,
            0.059130650013685226,
            0.04764605686068535,
            0.039724770933389664,
            0.03914499282836914,
            0.034959577023983,
            0.034884944558143616,
            0.027050280943512917,
            0.026400184258818626,
            0.02191915549337864,
            0.023177092894911766,
            0.018858520314097404,
            0.016697265207767487,
            0.020631032064557076,
            0.014765974134206772,
            0.016394833102822304,
            0.012324216775596142,
            0.016206679865717888,
            0.011949721723794937,
            0.011199531145393848,
            0.008140482008457184,
            0.008655717596411705
        ],