{
    "name": "trial_27",
    "start_time": "2024-10-20 11:49:38.592",
    "duration": "21.172",
    "directory": "/home/krakerlu/github/ImageMLResearch/demo/chihuahua_vs_muffin/experiments/experiment_03/output/trial_27",
    "hyperparameters": {
        "units1": 64,
        "kernel_size1": 5,
        "units2": 64,
        "kernel_size2": 5,
        "dense_units": 256,
        "dropout_rate": 0.1693889449514277,
        "learning_rate": 4.069924895131436e-05
    },
    "figures": {
        "model_summary": "/home/krakerlu/github/ImageMLResearch/demo/chihuahua_vs_muffin/experiments/experiment_03/output/trial_27/model_summary.png",
        "confusion_matrix": "/home/krakerlu/github/ImageMLResearch/demo/chihuahua_vs_muffin/experiments/experiment_03/output/trial_27/confusion_matrix.png",
        "training_history": "/home/krakerlu/github/ImageMLResearch/demo/chihuahua_vs_muffin/experiments/experiment_03/output/trial_27/training_history.png"
    },
    "evaluation_metrics": {
        "train": {
            "accuracy": 0.9259374737739563,
            "precision": 0.9259374737739563,
            "recall": 0.9259374737739563,
            "f1": 0.9259374237739589,
            "classification_report": {
                "chihuahua": {
                    "precision": 0.9578820697954272,
                    "recall": 0.9050596930073905,
                    "f1-score": 0.9307220111078632,
                    "support": 1759
                },
                "muffin": {
                    "precision": 0.8914174252275683,
                    "recall": 0.9514226231783484,
                    "f1-score": 0.9204431017119838,
                    "support": 1441
                },
                "micro avg": {
                    "precision": 0.9259375,
                    "recall": 0.9259375,
                    "f1-score": 0.9259375,
                    "support": 3200
                },
                "macro avg": {
                    "precision": 0.9246497475114978,
                    "recall": 0.9282411580928694,
                    "f1-score": 0.9255825564099236,
                    "support": 3200
                },
                "weighted avg": {
                    "precision": 0.9279522095384632,
                    "recall": 0.9259375,
                    "f1-score": 0.9260932897205314,
                    "support": 3200
                },
                "samples avg": {
                    "precision": 0.9259375,
                    "recall": 0.9259375,
                    "f1-score": 0.9259375,
                    "support": 3200
                }
            }
        },
        "val": {
            "accuracy": 0.879687488079071,
            "precision": 0.879687488079071,
            "recall": 0.879687488079071,
            "f1": 0.8796874380790739,
            "classification_report": {
                "chihuahua": {
                    "precision": 0.9072847682119205,
                    "recall": 0.848297213622291,
                    "f1-score": 0.8768,
                    "support": 323
                },
                "muffin": {
                    "precision": 0.8550295857988166,
                    "recall": 0.9116719242902208,
                    "f1-score": 0.8824427480916031,
                    "support": 317
                },
                "micro avg": {
                    "precision": 0.8796875,
                    "recall": 0.8796875,
                    "f1-score": 0.8796875,
                    "support": 640
                },
                "macro avg": {
                    "precision": 0.8811571770053686,
                    "recall": 0.879984568956256,
                    "f1-score": 0.8796213740458015,
                    "support": 640
                },
                "weighted avg": {
                    "precision": 0.8814021231729299,
                    "recall": 0.8796875,
                    "f1-score": 0.8795949236641221,
                    "support": 640
                },
                "samples avg": {
                    "precision": 0.8796875,
                    "recall": 0.8796875,
                    "f1-score": 0.8796875,
                    "support": 640
                }
            }
        },
        "test": {
            "accuracy": 0.8880178928375244,
            "precision": 0.8880178928375244,
            "recall": 0.8880178928375244,
            "f1": 0.8880178428375272,
            "classification_report": {
                "chihuahua": {
                    "precision": 0.9217002237136466,
                    "recall": 0.8637316561844863,
                    "f1-score": 0.8917748917748918,
                    "support": 477
                },
                "muffin": {
                    "precision": 0.8542600896860987,
                    "recall": 0.9158653846153846,
                    "f1-score": 0.8839907192575406,
                    "support": 416
                },
                "micro avg": {
                    "precision": 0.8880179171332587,
                    "recall": 0.8880179171332587,
                    "f1-score": 0.8880179171332587,
                    "support": 893
                },
                "macro avg": {
                    "precision": 0.8879801566998726,
                    "recall": 0.8897985203999355,
                    "f1-score": 0.8878828055162162,
                    "support": 893
                },
                "weighted avg": {
                    "precision": 0.8902835431364239,
                    "recall": 0.8880179171332587,
                    "f1-score": 0.8881486703110417,
                    "support": 893
                },
                "samples avg": {
                    "precision": 0.8880179171332587,
                    "recall": 0.8880179171332587,
                    "f1-score": 0.8880179171332587,
                    "support": 893
                }
            }
        }
    },
    "training_history": {
        "accuracy": [
            0.6146875023841858,
            0.7193750143051147,
            0.7693750262260437,
            0.785937488079071,
            0.8100000023841858,
            0.831250011920929,
            0.8456249833106995,
            0.8543750047683716,
            0.8571875095367432,
            0.8675000071525574,
            0.8762500286102295,
            0.8771874904632568,
            0.8846874833106995,
            0.8884375095367432,
            0.8890625238418579,
            0.8928124904632568,
            0.9003124833106995,
            0.8996875286102295,
            0.9037500023841858,
            0.9043750166893005,
            0.9081249833106995,
            0.9140625,
            0.9162499904632568,
            0.9206249713897705,
            0.9209374785423279
        ],
        "loss": [
            0.6589846611022949,
            0.5629276037216187,
            0.5003665685653687,
            0.45748916268348694,
            0.42374858260154724,
            0.38415810465812683,
            0.3628818094730377,
            0.34338873624801636,
            0.3370061218738556,
            0.318548321723938,
            0.3033686578273773,
            0.2929360568523407,
            0.28076454997062683,
            0.27654045820236206,
            0.2743207812309265,
            0.2545900344848633,
            0.25451838970184326,
            0.24803507328033447,
            0.23871128261089325,
            0.23041580617427826,
            0.22537429630756378,
            0.21710799634456635,
            0.2163621485233307,
            0.2095373570919037,
            0.20798435807228088
        ],