{
    "name": "trial_61",
    "start_time": "2024-10-27 11:03:01.480",
    "duration": "0:05:41.639",
    "directory": "/home/krakerlu/github/ImageMLResearch/demo/chihuahua_vs_muffin/experiments/experiment_04/output/trial_61",
    "hyperparameters": {
        "normalization": "standard",
        "batch_size": 128,
        "learning_rate": 0.0001537011675546025
    },
    "figures": {
        "training_history": "/home/krakerlu/github/ImageMLResearch/demo/chihuahua_vs_muffin/experiments/experiment_04/output/trial_61/training_history.png"
    },
    "evaluation_metrics": {
        "train": {
            "accuracy": 0.9750980734825134,
            "precision": 0.9750980734825134,
            "recall": 0.9750980734825134,
            "f1": 0.975098023482516,
            "classification_report": {
                "chihuahua": {
                    "precision": 0.9960102593331434,
                    "recall": 0.9585847504114098,
                    "f1-score": 0.9769392033542977,
                    "support": 3646
                },
                "muffin": {
                    "precision": 0.9515559833172923,
                    "recall": 0.9953020134228188,
                    "f1-score": 0.9729375102509431,
                    "support": 2980
                },
                "micro avg": {
                    "precision": 0.9750980984002414,
                    "recall": 0.9750980984002414,
                    "f1-score": 0.9750980984002414,
                    "support": 6626
                },
                "macro avg": {
                    "precision": 0.9737831213252178,
                    "recall": 0.9769433819171143,
                    "f1-score": 0.9749383568026204,
                    "support": 6626
                },
                "weighted avg": {
                    "precision": 0.9760172405394163,
                    "recall": 0.9750980984002414,
                    "f1-score": 0.9751394681523664,
                    "support": 6626
                },
                "samples avg": {
                    "precision": 0.9750980984002414,
                    "recall": 0.9750980984002414,
                    "f1-score": 0.9750980984002414,
                    "support": 6626
                }
            }
        },
        "val": {
            "accuracy": 0.8279266357421875,
            "precision": 0.8279266357421875,
            "recall": 0.8279266357421875,
            "f1": 0.8279265857421905,
            "classification_report": {
                "chihuahua": {
                    "precision": 0.9651162790697675,
                    "recall": 0.6878453038674033,
                    "f1-score": 0.8032258064516129,
                    "support": 362
                },
                "muffin": {
                    "precision": 0.7494456762749445,
                    "recall": 0.9740634005763689,
                    "f1-score": 0.8471177944862155,
                    "support": 347
                },
                "micro avg": {
                    "precision": 0.8279266572637518,
                    "recall": 0.8279266572637518,
                    "f1-score": 0.8279266572637518,
                    "support": 709
                },
                "macro avg": {
                    "precision": 0.857280977672356,
                    "recall": 0.8309543522218861,
                    "f1-score": 0.8251718004689141,
                    "support": 709
                },
                "weighted avg": {
                    "precision": 0.8595624015383099,
                    "recall": 0.8279266572637518,
                    "f1-score": 0.8247074987619192,
                    "support": 709
                },
                "samples avg": {
                    "precision": 0.8279266572637518,
                    "recall": 0.8279266572637518,
                    "f1-score": 0.8279266572637518,
                    "support": 709
                }
            }
        },
        "test": {
            "accuracy": 0.8410689234733582,
            "precision": 0.8410689234733582,
            "recall": 0.8410689234733582,
            "f1": 0.8410688734733611,
            "classification_report": {
                "chihuahua": {
                    "precision": 0.9711191335740073,
                    "recall": 0.7192513368983957,
                    "f1-score": 0.82642089093702,
                    "support": 374
                },
                "muffin": {
                    "precision": 0.7580645161290323,
                    "recall": 0.9762611275964391,
                    "f1-score": 0.8534370946822308,
                    "support": 337
                },
                "micro avg": {
                    "precision": 0.8410689170182841,
                    "recall": 0.8410689170182841,
                    "f1-score": 0.8410689170182841,
                    "support": 711
                },
                "macro avg": {
                    "precision": 0.8645918248515198,
                    "recall": 0.8477562322474175,
                    "f1-score": 0.8399289928096254,
                    "support": 711
                },
                "weighted avg": {
                    "precision": 0.8701354400733651,
                    "recall": 0.8410689170182841,
                    "f1-score": 0.8392260395476191,
                    "support": 711
                },
                "samples avg": {
                    "precision": 0.8410689170182841,
                    "recall": 0.8410689170182841,
                    "f1-score": 0.8410689170182841,
                    "support": 711
                }
            }
        }
    },
    "training_history": {
        "accuracy": [
            0.7179293632507324,
            0.7968608736991882,
            0.8447026610374451,
            0.8742831349372864,
            0.8910353183746338,
            0.9046181440353394,
            0.914578914642334,
            0.9289163947105408,
            0.9399335980415344,
            0.942348301410675,
            0.9438575506210327,
            0.9385753273963928,
            0.9592514634132385,
            0.9372169971466064,
            0.9544219970703125
        ],
        "loss": [
            0.5456964373588562,
            0.44601961970329285,
            0.36876511573791504,
            0.3114788234233856,
            0.2710246741771698,
            0.24128462374210358,
            0.21676523983478546,
            0.1867995262145996,
            0.15832674503326416,
            0.1498030126094818,
            0.15522778034210205,
            0.15515056252479553,
            0.10680514574050903,
            0.15013544261455536,
            0.11584986001253128
        ],
        "val_accuracy": [
            0.799717903137207,
            0.8293371200561523,
            0.8095909953117371,
            0.871650218963623,
            0.8448519110679626,
            0.8787024021148682,
            0.8645980358123779,
            0.871650218963623,
            0.8180536031723022,
            0.9012693762779236,
            0.8984485268592834,
            0.9055007100105286,
            0.9012693762779236,
            0.8504936695098877,
            0.8279266357421875
        ],
        "val_loss": [
            0.4482915997505188,
            0.3881908655166626,
            0.43067413568496704,
            0.3083718717098236,
            0.36305665969848633,
            0.30225589871406555,
            0.3300790786743164,
            0.31080541014671326,
            0.4190664291381836,
            0.270170122385025,
            0.2928698658943176,
            0.2681657373905182,
            0.2903636693954468,
            0.36751389503479004,
            0.5238760709762573
        ]
    }
}