{
    "name": "trial_16",
    "start_time": "2024-10-17 15:51:54.191",
    "duration": "06.634",
    "directory": "/home/krakerlu/github/ImageMLResearch/demo/chihuahua_vs_muffin/experiments/experiment_02/output/trial_16",
    "hyperparameters": {
        "units1": 64,
        "kernel_size1": 5,
        "units2": 128,
        "kernel_size2": 3,
        "units3": 128,
        "learning_rate": 9.034169704306598e-05
    },
    "figures": {
        "model_summary": "/home/krakerlu/github/ImageMLResearch/demo/chihuahua_vs_muffin/experiments/experiment_02/output/trial_16/model_summary.png",
        "confusion_matrix": "/home/krakerlu/github/ImageMLResearch/demo/chihuahua_vs_muffin/experiments/experiment_02/output/trial_16/confusion_matrix.png",
        "training_history": "/home/krakerlu/github/ImageMLResearch/demo/chihuahua_vs_muffin/experiments/experiment_02/output/trial_16/training_history.png"
    },
    "evaluation_metrics": {
        "train": {
            "accuracy": 0.6853125095367432,
            "precision": 0.6853125095367432,
            "recall": 0.6853125095367432,
            "f1": 0.6853124595367468,
            "classification_report": {
                "chihuahua": {
                    "precision": 0.6570593149540518,
                    "recall": 0.8942581011938602,
                    "f1-score": 0.7575246809535275,
                    "support": 1759
                },
                "muffin": {
                    "precision": 0.7692307692307693,
                    "recall": 0.4302567661346287,
                    "f1-score": 0.5518469069870939,
                    "support": 1441
                },
                "micro avg": {
                    "precision": 0.6853125,
                    "recall": 0.6853125,
                    "f1-score": 0.6853125,
                    "support": 3200
                },
                "macro avg": {
                    "precision": 0.7131450420924106,
                    "recall": 0.6622574336642444,
                    "f1-score": 0.6546857939703108,
                    "support": 3200
                },
                "weighted avg": {
                    "precision": 0.7075715229580362,
                    "recall": 0.6853125,
                    "f1-score": 0.6649054083642679,
                    "support": 3200
                },
                "samples avg": {
                    "precision": 0.6853125,
                    "recall": 0.6853125,
                    "f1-score": 0.6853125,
                    "support": 3200
                }
            }
        },
        "val": {
            "accuracy": 0.6421874761581421,
            "precision": 0.6421874761581421,
            "recall": 0.6421874761581421,
            "f1": 0.642187426158146,
            "classification_report": {
                "chihuahua": {
                    "precision": 0.6026200873362445,
                    "recall": 0.8544891640866873,
                    "f1-score": 0.706786171574904,
                    "support": 323
                },
                "muffin": {
                    "precision": 0.7417582417582418,
                    "recall": 0.42586750788643535,
                    "f1-score": 0.5410821643286573,
                    "support": 317
                },
                "micro avg": {
                    "precision": 0.6421875,
                    "recall": 0.6421875,
                    "f1-score": 0.6421875,
                    "support": 640
                },
                "macro avg": {
                    "precision": 0.6721891645472431,
                    "recall": 0.6401783359865614,
                    "f1-score": 0.6239341679517807,
                    "support": 640
                },
                "weighted avg": {
                    "precision": 0.67153695444839,
                    "recall": 0.6421875,
                    "f1-score": 0.6247109054857474,
                    "support": 640
                },
                "samples avg": {
                    "precision": 0.6421875,
                    "recall": 0.6421875,
                    "f1-score": 0.6421875,
                    "support": 640
                }
            }
        },
        "test": {
            "accuracy": 0.6562150120735168,
            "precision": 0.6562150120735168,
            "recall": 0.6562150120735168,
            "f1": 0.6562149620735206,
            "classification_report": {
                "chihuahua": {
                    "precision": 0.6283987915407855,
                    "recall": 0.8721174004192872,
                    "f1-score": 0.7304653204565408,
                    "support": 477
                },
                "muffin": {
                    "precision": 0.7359307359307359,
                    "recall": 0.40865384615384615,
                    "f1-score": 0.5255023183925811,
                    "support": 416
                },
                "micro avg": {
                    "precision": 0.6562150055991042,
                    "recall": 0.6562150055991042,
                    "f1-score": 0.6562150055991042,
                    "support": 893
                },
                "macro avg": {
                    "precision": 0.6821647637357606,
                    "recall": 0.6403856232865667,
                    "f1-score": 0.6279838194245609,
                    "support": 893
                },
                "weighted avg": {
                    "precision": 0.6784920601479739,
                    "recall": 0.6562150055991042,
                    "f1-score": 0.6349842355084924,
                    "support": 893
                },
                "samples avg": {
                    "precision": 0.6562150055991042,
                    "recall": 0.6562150055991042,
                    "f1-score": 0.6562150055991042,
                    "support": 893
                }
            }
        }
    },
    "training_history": {
        "accuracy": [
            0.5815625190734863,
            0.7384374737739563,
            0.8125,
            0.8462499976158142
        ],
        "loss": [
            0.7071737051010132,
            0.5363367199897766,
            0.4339684545993805,
            0.3729449510574341
        ],
        "val_accuracy": [
            0.6421874761581421,
            0.768750011920929,
            0.8343750238418579,
            0.854687511920929
        ],
        "val_loss": [
            0.6267719268798828,
            0.5014632344245911,
            0.4071195125579834,
            0.36678457260131836
        ]
    }
}