{
    "name": "trial_38",
    "start_time": "2024-10-23 08:36:14.065",
    "duration": "20.919",
    "directory": "/home/krakerlu/github/ImageMLResearch/demo/chihuahua_vs_muffin/experiments/experiment_05/output/trial_38",
    "hyperparameters": {
        "dense_units": 512,
        "dropout_rate": 0.3230135735755826,
        "learning_rate": 1.930034078695228e-05
    },
    "figures": {
        "model_summary": "/home/krakerlu/github/ImageMLResearch/demo/chihuahua_vs_muffin/experiments/experiment_05/output/trial_38/model_summary.png",
        "confusion_matrix": "/home/krakerlu/github/ImageMLResearch/demo/chihuahua_vs_muffin/experiments/experiment_05/output/trial_38/confusion_matrix.png",
        "training_history": "/home/krakerlu/github/ImageMLResearch/demo/chihuahua_vs_muffin/experiments/experiment_05/output/trial_38/training_history.png"
    },
    "evaluation_metrics": {
        "train": {
            "accuracy": 0.9937499761581421,
            "precision": 0.9937499761581421,
            "recall": 0.9937499761581421,
            "f1": 0.9937499261581446,
            "classification_report": {
                "chihuahua": {
                    "precision": 0.9915206331260599,
                    "recall": 0.9971574758385446,
                    "f1-score": 0.9943310657596371,
                    "support": 1759
                },
                "muffin": {
                    "precision": 0.9965059399021663,
                    "recall": 0.9895905621096461,
                    "f1-score": 0.9930362116991643,
                    "support": 1441
                },
                "micro avg": {
                    "precision": 0.99375,
                    "recall": 0.99375,
                    "f1-score": 0.99375,
                    "support": 3200
                },
                "macro avg": {
                    "precision": 0.9940132865141131,
                    "recall": 0.9933740189740954,
                    "f1-score": 0.9936836387294008,
                    "support": 3200
                },
                "weighted avg": {
                    "precision": 0.9937655790836754,
                    "recall": 0.99375,
                    "f1-score": 0.9937479767905305,
                    "support": 3200
                },
                "samples avg": {
                    "precision": 0.99375,
                    "recall": 0.99375,
                    "f1-score": 0.99375,
                    "support": 3200
                }
            }
        },
        "val": {
            "accuracy": 0.987500011920929,
            "precision": 0.987500011920929,
            "recall": 0.987500011920929,
            "f1": 0.9874999619209315,
            "classification_report": {
                "chihuahua": {
                    "precision": 0.9876160990712074,
                    "recall": 0.9876160990712074,
                    "f1-score": 0.9876160990712074,
                    "support": 323
                },
                "muffin": {
                    "precision": 0.9873817034700315,
                    "recall": 0.9873817034700315,
                    "f1-score": 0.9873817034700315,
                    "support": 317
                },
                "micro avg": {
                    "precision": 0.9875,
                    "recall": 0.9875,
                    "f1-score": 0.9875,
                    "support": 640
                },
                "macro avg": {
                    "precision": 0.9874989012706195,
                    "recall": 0.9874989012706195,
                    "f1-score": 0.9874989012706195,
                    "support": 640
                },
                "weighted avg": {
                    "precision": 0.9875,
                    "recall": 0.9875,
                    "f1-score": 0.9875,
                    "support": 640
                },
                "samples avg": {
                    "precision": 0.9875,
                    "recall": 0.9875,
                    "f1-score": 0.9875,
                    "support": 640
                }
            }
        },
        "test": {
            "accuracy": 0.9832026958465576,
            "precision": 0.9832026958465576,
            "recall": 0.9832026958465576,
            "f1": 0.9832026458465601,
            "classification_report": {
                "chihuahua": {
                    "precision": 0.9772727272727273,
                    "recall": 0.9916142557651991,
                    "f1-score": 0.9843912591050988,
                    "support": 477
                },
                "muffin": {
                    "precision": 0.9902200488997555,
                    "recall": 0.9735576923076923,
                    "f1-score": 0.9818181818181818,
                    "support": 416
                },
                "micro avg": {
                    "precision": 0.9832026875699889,
                    "recall": 0.9832026875699889,
                    "f1-score": 0.9832026875699889,
                    "support": 893
                },
                "macro avg": {
                    "precision": 0.9837463880862414,
                    "recall": 0.9825859740364458,
                    "f1-score": 0.9831047204616403,
                    "support": 893
                },
                "weighted avg": {
                    "precision": 0.9833041783330225,
                    "recall": 0.9832026875699889,
                    "f1-score": 0.9831926027205999,
                    "support": 893
                },
                "samples avg": {
                    "precision": 0.9832026875699889,
                    "recall": 0.9832026875699889,
                    "f1-score": 0.9832026875699889,
                    "support": 893
                }
            }
        }
    },
    "training_history": {
        "accuracy": [
            0.6015625,
            0.8443750143051147,
            0.9134374856948853,
            0.9431250095367432,
            0.9556249976158142,
            0.9678124785423279,
            0.9706249833106995,
            0.9721875190734863,
            0.9750000238418579,
            0.9762499928474426,
            0.9834374785423279,
            0.9806249737739563,
            0.9856250286102295,
            0.9884374737739563,
            0.984375,
            0.9862499833106995,
            0.9878125190734863,
            0.989062488079071,
            0.9881250262260437,
            0.9878125190734863,
            0.9884374737739563,
            0.9921875,
            0.9912499785423279,
            0.9915624856948853,
            0.9909374713897705
        ],
        "loss": [
            0.787688136100769,
            0.36414021253585815,
            0.2303234487771988,
            0.16923555731773376,
            0.13432393968105316,
            0.11127084493637085,
            0.10272444784641266,
            0.08869507908821106,
            0.07471923530101776,
            0.07290942966938019,
            0.06140368431806564,
            0.06248147040605545,
            0.05383235961198807,
            0.04887908324599266,
            0.050984520465135574,
            0.044204410165548325,
            0.04167960584163666,
            0.039257410913705826,
            0.03699769824743271,
            0.03799160197377205,
            0.03719540685415268,
            0.031711794435977936,
            0.030505307018756866,
            0.027406437322497368,
            0.029445018619298935
        ],