{
    "name": "trial_57",
    "start_time": "2024-10-20 12:05:42.380",
    "duration": "33.248",
    "directory": "/home/krakerlu/github/ImageMLResearch/demo/chihuahua_vs_muffin/experiments/experiment_03/output/trial_57",
    "hyperparameters": {
        "units1": 128,
        "kernel_size1": 3,
        "units2": 64,
        "kernel_size2": 7,
        "dense_units": 256,
        "dropout_rate": 0.07726906680264775,
        "learning_rate": 6.242110191760458e-05
    },
    "figures": {
        "model_summary": "/home/krakerlu/github/ImageMLResearch/demo/chihuahua_vs_muffin/experiments/experiment_03/output/trial_57/model_summary.png",
        "confusion_matrix": "/home/krakerlu/github/ImageMLResearch/demo/chihuahua_vs_muffin/experiments/experiment_03/output/trial_57/confusion_matrix.png",
        "training_history": "/home/krakerlu/github/ImageMLResearch/demo/chihuahua_vs_muffin/experiments/experiment_03/output/trial_57/training_history.png"
    },
    "evaluation_metrics": {
        "train": {
            "accuracy": 0.9084374904632568,
            "precision": 0.9084374904632568,
            "recall": 0.9084374904632568,
            "f1": 0.9084374404632596,
            "classification_report": {
                "chihuahua": {
                    "precision": 0.9784595300261096,
                    "recall": 0.8521887436043206,
                    "f1-score": 0.9109693102400486,
                    "support": 1759
                },
                "muffin": {
                    "precision": 0.8441247002398081,
                    "recall": 0.9770992366412213,
                    "f1-score": 0.9057574782888389,
                    "support": 1441
                },
                "micro avg": {
                    "precision": 0.9084375,
                    "recall": 0.9084375,
                    "f1-score": 0.9084375,
                    "support": 3200
                },
                "macro avg": {
                    "precision": 0.9112921151329589,
                    "recall": 0.914643990122771,
                    "f1-score": 0.9083633942644438,
                    "support": 3200
                },
                "weighted avg": {
                    "precision": 0.9179668769879658,
                    "recall": 0.9084375,
                    "f1-score": 0.9086223571645194,
                    "support": 3200
                },
                "samples avg": {
                    "precision": 0.9084375,
                    "recall": 0.9084375,
                    "f1-score": 0.9084375,
                    "support": 3200
                }
            }
        },
        "val": {
            "accuracy": 0.8812500238418579,
            "precision": 0.8812500238418579,
            "recall": 0.8812500238418579,
            "f1": 0.8812499738418608,
            "classification_report": {
                "chihuahua": {
                    "precision": 0.9458483754512635,
                    "recall": 0.8111455108359134,
                    "f1-score": 0.8733333333333333,
                    "support": 323
                },
                "muffin": {
                    "precision": 0.8319559228650137,
                    "recall": 0.9526813880126183,
                    "f1-score": 0.888235294117647,
                    "support": 317
                },
                "micro avg": {
                    "precision": 0.88125,
                    "recall": 0.88125,
                    "f1-score": 0.88125,
                    "support": 640
                },
                "macro avg": {
                    "precision": 0.8889021491581386,
                    "recall": 0.8819134494242657,
                    "f1-score": 0.8807843137254902,
                    "support": 640
                },
                "weighted avg": {
                    "precision": 0.8894360200296367,
                    "recall": 0.88125,
                    "f1-score": 0.8807144607843137,
                    "support": 640
                },
                "samples avg": {
                    "precision": 0.88125,
                    "recall": 0.88125,
                    "f1-score": 0.88125,
                    "support": 640
                }
            }
        },
        "test": {
            "accuracy": 0.8689809441566467,
            "precision": 0.8689809441566467,
            "recall": 0.8689809441566467,
            "f1": 0.8689808941566496,
            "classification_report": {
                "chihuahua": {
                    "precision": 0.930622009569378,
                    "recall": 0.8155136268343816,
                    "f1-score": 0.8692737430167597,
                    "support": 477
                },
                "muffin": {
                    "precision": 0.8147368421052632,
                    "recall": 0.9302884615384616,
                    "f1-score": 0.8686868686868687,
                    "support": 416
                },
                "micro avg": {
                    "precision": 0.8689809630459127,
                    "recall": 0.8689809630459127,
                    "f1-score": 0.8689809630459127,
                    "support": 893
                },
                "macro avg": {
                    "precision": 0.8726794258373206,
                    "recall": 0.8729010441864216,
                    "f1-score": 0.8689803058518142,
                    "support": 893
                },
                "weighted avg": {
                    "precision": 0.8766374298772484,
                    "recall": 0.8689809630459127,
                    "f1-score": 0.8690003502718161,
                    "support": 893
                },
                "samples avg": {
                    "precision": 0.8689809630459127,
                    "recall": 0.8689809630459127,
                    "f1-score": 0.8689809630459127,
                    "support": 893
                }
            }
        }
    },
    "training_history": {
        "accuracy": [
            0.6618750095367432,
            0.7684375047683716,
            0.7965624928474426,
            0.8274999856948853,
            0.8290625214576721,
            0.8465625047683716,
            0.8584374785423279,
            0.8665624856948853,
            0.8731250166893005,
            0.8778125047683716,
            0.879687488079071,
            0.8871874809265137,
            0.8915625214576721,
            0.8949999809265137,
            0.9034374952316284,
            0.9053124785423279,
            0.903124988079071,
            0.9084374904632568,
            0.9125000238418579,
            0.9190624952316284,
            0.9087499976158142,
            0.9153125286102295,
            0.9084374904632568,
            0.9253125190734863,
            0.9256250262260437
        ],
        "loss": [
            0.6177709102630615,
            0.4944778084754944,
            0.43815532326698303,
            0.3992954194545746,
            0.37721049785614014,
            0.35655951499938965,
            0.34004008769989014,
            0.3181876242160797,
            0.3057093918323517,
            0.29473644495010376,
            0.2825045883655548,
            0.2755476236343384,
            0.2613794803619385,
            0.25708305835723877,
            0.2450394481420517,
            0.24270962178707123,
            0.2361951619386673,
            0.22445844113826752,
            0.214304119348526,
            0.21163097023963928,
            0.21734119951725006,
            0.207910418510437,
            0.21862855553627014,
            0.1932179480791092,
            0.18659672141075134
        ],