{
    "name": "trial_29",
    "start_time": "2024-10-20 11:50:26.467",
    "duration": "25.695",
    "directory": "/home/krakerlu/github/ImageMLResearch/demo/chihuahua_vs_muffin/experiments/experiment_03/output/trial_29",
    "hyperparameters": {
        "units1": 64,
        "kernel_size1": 3,
        "units2": 64,
        "kernel_size2": 7,
        "dense_units": 128,
        "dropout_rate": 0.21662157999261966,
        "learning_rate": 6.836396362949168e-05
    },
    "figures": {
        "model_summary": "/home/krakerlu/github/ImageMLResearch/demo/chihuahua_vs_muffin/experiments/experiment_03/output/trial_29/model_summary.png",
        "confusion_matrix": "/home/krakerlu/github/ImageMLResearch/demo/chihuahua_vs_muffin/experiments/experiment_03/output/trial_29/confusion_matrix.png",
        "training_history": "/home/krakerlu/github/ImageMLResearch/demo/chihuahua_vs_muffin/experiments/experiment_03/output/trial_29/training_history.png"
    },
    "evaluation_metrics": {
        "train": {
            "accuracy": 0.9403125047683716,
            "precision": 0.9403125047683716,
            "recall": 0.9403125047683716,
            "f1": 0.9403124547683742,
            "classification_report": {
                "chihuahua": {
                    "precision": 0.9537037037037037,
                    "recall": 0.9368959636156907,
                    "f1-score": 0.9452251218812733,
                    "support": 1759
                },
                "muffin": {
                    "precision": 0.9245923913043478,
                    "recall": 0.9444829979181124,
                    "f1-score": 0.9344318571918984,
                    "support": 1441
                },
                "micro avg": {
                    "precision": 0.9403125,
                    "recall": 0.9403125,
                    "f1-score": 0.9403125,
                    "support": 3200
                },
                "macro avg": {
                    "precision": 0.9391480475040257,
                    "recall": 0.9406894807669015,
                    "f1-score": 0.9398284895365858,
                    "support": 3200
                },
                "weighted avg": {
                    "precision": 0.9405945158388687,
                    "recall": 0.9403125,
                    "f1-score": 0.9403647798758391,
                    "support": 3200
                },
                "samples avg": {
                    "precision": 0.9403125,
                    "recall": 0.9403125,
                    "f1-score": 0.9403125,
                    "support": 3200
                }
            }
        },
        "val": {
            "accuracy": 0.8921874761581421,
            "precision": 0.8921874761581421,
            "recall": 0.8921874761581421,
            "f1": 0.8921874261581448,
            "classification_report": {
                "chihuahua": {
                    "precision": 0.896875,
                    "recall": 0.8885448916408669,
                    "f1-score": 0.8926905132192846,
                    "support": 323
                },
                "muffin": {
                    "precision": 0.8875,
                    "recall": 0.8958990536277602,
                    "f1-score": 0.8916797488226059,
                    "support": 317
                },
                "micro avg": {
                    "precision": 0.8921875,
                    "recall": 0.8921875,
                    "f1-score": 0.8921875,
                    "support": 640
                },
                "macro avg": {
                    "precision": 0.8921874999999999,
                    "recall": 0.8922219726343136,
                    "f1-score": 0.8921851310209452,
                    "support": 640
                },
                "weighted avg": {
                    "precision": 0.8922314453125001,
                    "recall": 0.8921875,
                    "f1-score": 0.8921898689790547,
                    "support": 640
                },
                "samples avg": {
                    "precision": 0.8921875,
                    "recall": 0.8921875,
                    "f1-score": 0.8921875,
                    "support": 640
                }
            }
        },
        "test": {
            "accuracy": 0.8980963230133057,
            "precision": 0.8980963230133057,
            "recall": 0.8980963230133057,
            "f1": 0.8980962730133084,
            "classification_report": {
                "chihuahua": {
                    "precision": 0.9071729957805907,
                    "recall": 0.9014675052410901,
                    "f1-score": 0.9043112513144059,
                    "support": 477
                },
                "muffin": {
                    "precision": 0.8878281622911695,
                    "recall": 0.8942307692307693,
                    "f1-score": 0.8910179640718563,
                    "support": 416
                },
                "micro avg": {
                    "precision": 0.8980963045912654,
                    "recall": 0.8980963045912654,
                    "f1-score": 0.8980963045912654,
                    "support": 893
                },
                "macro avg": {
                    "precision": 0.8975005790358801,
                    "recall": 0.8978491372359296,
                    "f1-score": 0.8976646076931312,
                    "support": 893
                },
                "weighted avg": {
                    "precision": 0.8981612928336711,
                    "recall": 0.8980963045912654,
                    "f1-score": 0.898118633741169,
                    "support": 893
                },
                "samples avg": {
                    "precision": 0.8980963045912654,
                    "recall": 0.8980963045912654,
                    "f1-score": 0.8980963045912654,
                    "support": 893
                }
            }
        }
    },
    "training_history": {
        "accuracy": [
            0.6134374737739563,
            0.7365624904632568,
            0.7749999761581421,
            0.8096874952316284,
            0.8199999928474426,
            0.8337500095367432,
            0.8478124737739563,
            0.8540624976158142,
            0.8571875095367432,
            0.8650000095367432,
            0.8734375238418579,
            0.8762500286102295,
            0.8843749761581421,
            0.890625,
            0.8884375095367432,
            0.8959375023841858,
            0.9037500023841858,
            0.8949999809265137,
            0.9053124785423279,
            0.9068750143051147,
            0.9115625023841858,
            0.9168750047683716,
            0.9196875095367432,
            0.9243749976158142,
            0.9306250214576721
        ],
        "loss": [
            0.6484243273735046,
            0.5381472706794739,
            0.47825393080711365,
            0.4394359290599823,
            0.4133955240249634,
            0.3908018469810486,
            0.36540430784225464,
            0.3507356345653534,
            0.3418693542480469,
            0.3275816738605499,
            0.3106721043586731,
            0.3026426434516907,
            0.29043373465538025,
            0.2730694115161896,
            0.26037880778312683,
            0.26463258266448975,
            0.25041210651397705,
            0.257920503616333,
            0.24236652255058289,
            0.22912625968456268,
            0.2268608659505844,
            0.2114621102809906,
            0.20906120538711548,
            0.19901043176651,
            0.1875709742307663
        ],