{
    "name": "trial_44",
    "start_time": "2024-10-20 11:58:12.179",
    "duration": "32.823",
    "directory": "/home/krakerlu/github/ImageMLResearch/demo/chihuahua_vs_muffin/experiments/experiment_03/output/trial_44",
    "hyperparameters": {
        "units1": 128,
        "kernel_size1": 3,
        "units2": 64,
        "kernel_size2": 7,
        "dense_units": 128,
        "dropout_rate": 0.30402426555404355,
        "learning_rate": 0.00019680487813609384
    },
    "figures": {
        "model_summary": "/home/krakerlu/github/ImageMLResearch/demo/chihuahua_vs_muffin/experiments/experiment_03/output/trial_44/model_summary.png",
        "confusion_matrix": "/home/krakerlu/github/ImageMLResearch/demo/chihuahua_vs_muffin/experiments/experiment_03/output/trial_44/confusion_matrix.png",
        "training_history": "/home/krakerlu/github/ImageMLResearch/demo/chihuahua_vs_muffin/experiments/experiment_03/output/trial_44/training_history.png"
    },
    "evaluation_metrics": {
        "train": {
            "accuracy": 0.9621875286102295,
            "precision": 0.9621875286102295,
            "recall": 0.9621875286102295,
            "f1": 0.962187478610232,
            "classification_report": {
                "chihuahua": {
                    "precision": 0.9904191616766467,
                    "recall": 0.9403069926094372,
                    "f1-score": 0.9647127442403033,
                    "support": 1759
                },
                "muffin": {
                    "precision": 0.9313725490196079,
                    "recall": 0.9888965995836225,
                    "f1-score": 0.9592729720632783,
                    "support": 1441
                },
                "micro avg": {
                    "precision": 0.9621875,
                    "recall": 0.9621875,
                    "f1-score": 0.9621875,
                    "support": 3200
                },
                "macro avg": {
                    "precision": 0.9608958553481273,
                    "recall": 0.9646017960965299,
                    "f1-score": 0.9619928581517908,
                    "support": 3200
                },
                "weighted avg": {
                    "precision": 0.963829733914524,
                    "recall": 0.9621875,
                    "f1-score": 0.9622631468318368,
                    "support": 3200
                },
                "samples avg": {
                    "precision": 0.9621875,
                    "recall": 0.9621875,
                    "f1-score": 0.9621875,
                    "support": 3200
                }
            }
        },
        "val": {
            "accuracy": 0.8921874761581421,
            "precision": 0.8921874761581421,
            "recall": 0.8921874761581421,
            "f1": 0.8921874261581448,
            "classification_report": {
                "chihuahua": {
                    "precision": 0.9319727891156463,
                    "recall": 0.848297213622291,
                    "f1-score": 0.8881685575364667,
                    "support": 323
                },
                "muffin": {
                    "precision": 0.8583815028901735,
                    "recall": 0.9369085173501577,
                    "f1-score": 0.8959276018099548,
                    "support": 317
                },
                "micro avg": {
                    "precision": 0.8921875,
                    "recall": 0.8921875,
                    "f1-score": 0.8921875,
                    "support": 640
                },
                "macro avg": {
                    "precision": 0.8951771460029099,
                    "recall": 0.8926028654862244,
                    "f1-score": 0.8920480796732108,
                    "support": 640
                },
                "weighted avg": {
                    "precision": 0.8955221051570916,
                    "recall": 0.8921875,
                    "f1-score": 0.8920117091531787,
                    "support": 640
                },
                "samples avg": {
                    "precision": 0.8921875,
                    "recall": 0.8921875,
                    "f1-score": 0.8921875,
                    "support": 640
                }
            }
        },
        "test": {
            "accuracy": 0.8936170339584351,
            "precision": 0.8936170339584351,
            "recall": 0.8936170339584351,
            "f1": 0.8936169839584378,
            "classification_report": {
                "chihuahua": {
                    "precision": 0.9360730593607306,
                    "recall": 0.859538784067086,
                    "f1-score": 0.8961748633879781,
                    "support": 477
                },
                "muffin": {
                    "precision": 0.8527472527472527,
                    "recall": 0.9326923076923077,
                    "f1-score": 0.8909299655568312,
                    "support": 416
                },
                "micro avg": {
                    "precision": 0.8936170212765957,
                    "recall": 0.8936170212765957,
                    "f1-score": 0.8936170212765957,
                    "support": 893
                },
                "macro avg": {
                    "precision": 0.8944101560539917,
                    "recall": 0.8961155458796968,
                    "f1-score": 0.8935524144724047,
                    "support": 893
                },
                "weighted avg": {
                    "precision": 0.8972561102552359,
                    "recall": 0.8936170212765957,
                    "f1-score": 0.8937315515203891,
                    "support": 893
                },
                "samples avg": {
                    "precision": 0.8936170212765957,
                    "recall": 0.8936170212765957,
                    "f1-score": 0.8936170212765957,
                    "support": 893
                }
            }
        }
    },
    "training_history": {
        "accuracy": [
            0.65625,
            0.7684375047683716,
            0.8043749928474426,
            0.8318750262260437,
            0.8424999713897705,
            0.8653125166893005,
            0.8690624833106995,
            0.878125011920929,
            0.8959375023841858,
            0.9049999713897705,
            0.9081249833106995,
            0.9153125286102295,
            0.910937488079071,
            0.9159374833106995,
            0.9096875190734863,
            0.9225000143051147,
            0.9356250166893005,
            0.9431250095367432,
            0.9381250143051147,
            0.9496874809265137,
            0.9440624713897705,
            0.953125,
            0.9081249833106995,
            0.9496874809265137,
            0.964062511920929
        ],
        "loss": [
            0.6115750074386597,
            0.49767088890075684,
            0.44041648507118225,
            0.4112715423107147,
            0.3848291039466858,
            0.33672410249710083,
            0.32453131675720215,
            0.2946510910987854,
            0.26593026518821716,
            0.24990709125995636,
            0.2308843582868576,
            0.22415515780448914,
            0.2298169881105423,
            0.2131805568933487,
            0.22076700627803802,
            0.19809962809085846,
            0.1659982055425644,
            0.1486223191022873,
            0.15511488914489746,
            0.13649901747703552,
            0.14677666127681732,
            0.12735439836978912,
            0.21685121953487396,
            0.13468416035175323,
            0.09687092900276184
        ],