{
    "name": "trial_27",
    "start_time": "2024-10-23 08:32:04.069",
    "duration": "21.989",
    "directory": "/home/krakerlu/github/ImageMLResearch/demo/chihuahua_vs_muffin/experiments/experiment_05/output/trial_27",
    "hyperparameters": {
        "dense_units": 512,
        "dropout_rate": 0.30477403789907076,
        "learning_rate": 2.318374365780824e-05
    },
    "figures": {
        "model_summary": "/home/krakerlu/github/ImageMLResearch/demo/chihuahua_vs_muffin/experiments/experiment_05/output/trial_27/model_summary.png",
        "confusion_matrix": "/home/krakerlu/github/ImageMLResearch/demo/chihuahua_vs_muffin/experiments/experiment_05/output/trial_27/confusion_matrix.png",
        "training_history": "/home/krakerlu/github/ImageMLResearch/demo/chihuahua_vs_muffin/experiments/experiment_05/output/trial_27/training_history.png"
    },
    "evaluation_metrics": {
        "train": {
            "accuracy": 0.9990624785423279,
            "precision": 0.9990624785423279,
            "recall": 0.9990624785423279,
            "f1": 0.9990624285423304,
            "classification_report": {
                "chihuahua": {
                    "precision": 0.9988636363636364,
                    "recall": 0.9994314951677089,
                    "f1-score": 0.9991474850809889,
                    "support": 1759
                },
                "muffin": {
                    "precision": 0.9993055555555556,
                    "recall": 0.9986120749479528,
                    "f1-score": 0.998958694897605,
                    "support": 1441
                },
                "micro avg": {
                    "precision": 0.9990625,
                    "recall": 0.9990625,
                    "f1-score": 0.9990625,
                    "support": 3200
                },
                "macro avg": {
                    "precision": 0.999084595959596,
                    "recall": 0.9990217850578309,
                    "f1-score": 0.999053089989297,
                    "support": 3200
                },
                "weighted avg": {
                    "precision": 0.9990626380997475,
                    "recall": 0.9990625,
                    "f1-score": 0.9990624705015339,
                    "support": 3200
                },
                "samples avg": {
                    "precision": 0.9990625,
                    "recall": 0.9990625,
                    "f1-score": 0.9990625,
                    "support": 3200
                }
            }
        },
        "val": {
            "accuracy": 0.989062488079071,
            "precision": 0.989062488079071,
            "recall": 0.989062488079071,
            "f1": 0.9890624380790736,
            "classification_report": {
                "chihuahua": {
                    "precision": 0.9876543209876543,
                    "recall": 0.9907120743034056,
                    "f1-score": 0.9891808346213292,
                    "support": 323
                },
                "muffin": {
                    "precision": 0.990506329113924,
                    "recall": 0.9873817034700315,
                    "f1-score": 0.9889415481832543,
                    "support": 317
                },
                "micro avg": {
                    "precision": 0.9890625,
                    "recall": 0.9890625,
                    "f1-score": 0.9890625,
                    "support": 640
                },
                "macro avg": {
                    "precision": 0.9890803250507891,
                    "recall": 0.9890468888867185,
                    "f1-score": 0.9890611914022918,
                    "support": 640
                },
                "weighted avg": {
                    "precision": 0.9890669562626971,
                    "recall": 0.9890625,
                    "f1-score": 0.9890623130574703,
                    "support": 640
                },
                "samples avg": {
                    "precision": 0.9890625,
                    "recall": 0.9890625,
                    "f1-score": 0.9890625,
                    "support": 640
                }
            }
        },
        "test": {
            "accuracy": 0.9854423403739929,
            "precision": 0.9854423403739929,
            "recall": 0.9854423403739929,
            "f1": 0.9854422903739954,
            "classification_report": {
                "chihuahua": {
                    "precision": 0.9833333333333333,
                    "recall": 0.989517819706499,
                    "f1-score": 0.9864158829676071,
                    "support": 477
                },
                "muffin": {
                    "precision": 0.9878934624697336,
                    "recall": 0.9807692307692307,
                    "f1-score": 0.9843184559710495,
                    "support": 416
                },
                "micro avg": {
                    "precision": 0.9854423292273237,
                    "recall": 0.9854423292273237,
                    "f1-score": 0.9854423292273237,
                    "support": 893
                },
                "macro avg": {
                    "precision": 0.9856133979015335,
                    "recall": 0.9851435252378649,
                    "f1-score": 0.9853671694693282,
                    "support": 893
                },
                "weighted avg": {
                    "precision": 0.9854576488100886,
                    "recall": 0.9854423292273237,
                    "f1-score": 0.9854388061136675,
                    "support": 893
                },
                "samples avg": {
                    "precision": 0.9854423292273237,
                    "recall": 0.9854423292273237,
                    "f1-score": 0.9854423292273237,
                    "support": 893
                }
            }
        }
    },
    "training_history": {
        "accuracy": [
            0.7790625095367432,
            0.9181249737739563,
            0.9559375047683716,
            0.9696875214576721,
            0.9731249809265137,
            0.9753124713897705,
            0.9781249761581421,
            0.9840624928474426,
            0.9840624928474426,
            0.9837499856948853,
            0.9871875047683716,
            0.9853125214576721,
            0.9896875023841858,
            0.9856250286102295,
            0.9896875023841858,
            0.9906250238418579,
            0.9903125166893005,
            0.9903125166893005,
            0.9931250214576721,
            0.9943749904632568,
            0.9918749928474426,
            0.9943749904632568,
            0.9943749904632568,
            0.9928125143051147,
            0.9956250190734863
        ],
        "loss": [
            0.47203877568244934,
            0.2184133380651474,
            0.13530947268009186,
            0.10365935415029526,
            0.08924445509910583,
            0.07364995032548904,
            0.06343463808298111,
            0.05631384998559952,
            0.04908740147948265,
            0.046711038798093796,
            0.04385090246796608,
            0.04369058087468147,
            0.03853043168783188,
            0.036923523992300034,
            0.031550437211990356,
            0.03113618679344654,
            0.03019728511571884,
            0.02792985364794731,
            0.0241631381213665,
            0.022692041471600533,
            0.02535918727517128,
            0.021722905337810516,
            0.019897008314728737,
            0.021143561229109764,
            0.01919473335146904
        ],