{
    "name": "trial_20",
    "start_time": "2024-10-20 11:46:43.575",
    "duration": "20.107",
    "directory": "/home/krakerlu/github/ImageMLResearch/demo/chihuahua_vs_muffin/experiments/experiment_03/output/trial_20",
    "hyperparameters": {
        "units1": 64,
        "kernel_size1": 3,
        "units2": 64,
        "kernel_size2": 3,
        "dense_units": 128,
        "dropout_rate": 0.010481830196475972,
        "learning_rate": 2.1805273979499866e-05
    },
    "figures": {
        "model_summary": "/home/krakerlu/github/ImageMLResearch/demo/chihuahua_vs_muffin/experiments/experiment_03/output/trial_20/model_summary.png",
        "confusion_matrix": "/home/krakerlu/github/ImageMLResearch/demo/chihuahua_vs_muffin/experiments/experiment_03/output/trial_20/confusion_matrix.png",
        "training_history": "/home/krakerlu/github/ImageMLResearch/demo/chihuahua_vs_muffin/experiments/experiment_03/output/trial_20/training_history.png"
    },
    "evaluation_metrics": {
        "train": {
            "accuracy": 0.8949999809265137,
            "precision": 0.8949999809265137,
            "recall": 0.8949999809265137,
            "f1": 0.8949999309265164,
            "classification_report": {
                "chihuahua": {
                    "precision": 0.8985994397759104,
                    "recall": 0.9118817509948834,
                    "f1-score": 0.9051918735891648,
                    "support": 1759
                },
                "muffin": {
                    "precision": 0.8904593639575972,
                    "recall": 0.8743927827897293,
                    "f1-score": 0.8823529411764706,
                    "support": 1441
                },
                "micro avg": {
                    "precision": 0.895,
                    "recall": 0.895,
                    "f1-score": 0.895,
                    "support": 3200
                },
                "macro avg": {
                    "precision": 0.8945294018667538,
                    "recall": 0.8931372668923063,
                    "f1-score": 0.8937724073828177,
                    "support": 3200
                },
                "weighted avg": {
                    "precision": 0.8949338618839762,
                    "recall": 0.895,
                    "f1-score": 0.8949072168370733,
                    "support": 3200
                },
                "samples avg": {
                    "precision": 0.895,
                    "recall": 0.895,
                    "f1-score": 0.895,
                    "support": 3200
                }
            }
        },
        "val": {
            "accuracy": 0.870312511920929,
            "precision": 0.870312511920929,
            "recall": 0.870312511920929,
            "f1": 0.8703124619209318,
            "classification_report": {
                "chihuahua": {
                    "precision": 0.8592814371257484,
                    "recall": 0.8885448916408669,
                    "f1-score": 0.8736681887366818,
                    "support": 323
                },
                "muffin": {
                    "precision": 0.8823529411764706,
                    "recall": 0.8517350157728707,
                    "f1-score": 0.8667736757624398,
                    "support": 317
                },
                "micro avg": {
                    "precision": 0.8703125,
                    "recall": 0.8703125,
                    "f1-score": 0.8703125,
                    "support": 640
                },
                "macro avg": {
                    "precision": 0.8708171891511095,
                    "recall": 0.8701399537068688,
                    "f1-score": 0.8702209322495609,
                    "support": 640
                },
                "weighted avg": {
                    "precision": 0.8707090414758717,
                    "recall": 0.8703125,
                    "f1-score": 0.8702532502791275,
                    "support": 640
                },
                "samples avg": {
                    "precision": 0.8703125,
                    "recall": 0.8703125,
                    "f1-score": 0.8703125,
                    "support": 640
                }
            }
        },
        "test": {
            "accuracy": 0.8689809441566467,
            "precision": 0.8689809441566467,
            "recall": 0.8689809441566467,
            "f1": 0.8689808941566496,
            "classification_report": {
                "chihuahua": {
                    "precision": 0.871900826446281,
                    "recall": 0.8846960167714885,
                    "f1-score": 0.8782518210197711,
                    "support": 477
                },
                "muffin": {
                    "precision": 0.8655256723716381,
                    "recall": 0.8509615384615384,
                    "f1-score": 0.8581818181818182,
                    "support": 416
                },
                "micro avg": {
                    "precision": 0.8689809630459127,
                    "recall": 0.8689809630459127,
                    "f1-score": 0.8689809630459127,
                    "support": 893
                },
                "macro avg": {
                    "precision": 0.8687132494089596,
                    "recall": 0.8678287776165134,
                    "f1-score": 0.8682168196007947,
                    "support": 893
                },
                "weighted avg": {
                    "precision": 0.8689309898336814,
                    "recall": 0.8689809630459127,
                    "f1-score": 0.8689023012206799,
                    "support": 893
                },
                "samples avg": {
                    "precision": 0.8689809630459127,
                    "recall": 0.8689809630459127,
                    "f1-score": 0.8689809630459127,
                    "support": 893
                }
            }
        }
    },
    "training_history": {
        "accuracy": [
            0.5868750214576721,
            0.6796875,
            0.7253124713897705,
            0.7481250166893005,
            0.7634375095367432,
            0.7853124737739563,
            0.7993749976158142,
            0.8100000023841858,
            0.8187500238418579,
            0.8240625262260437,
            0.8353124856948853,
            0.8418750166893005,
            0.8471875190734863,
            0.8534374833106995,
            0.856249988079071,
            0.8568750023841858,
            0.8646875023841858,
            0.8671875,
            0.8715624809265137,
            0.8709375262260437,
            0.8746874928474426,
            0.8793749809265137,
            0.8790624737739563,
            0.8865625262260437,
            0.8918750286102295
        ],
        "loss": [
            0.6776369214057922,
            0.6378322839736938,
            0.5843673348426819,
            0.5378293395042419,
            0.5018200874328613,
            0.4732849597930908,
            0.4496503174304962,
            0.4309013783931732,
            0.41353392601013184,
            0.4003555178642273,
            0.38702285289764404,
            0.376750648021698,
            0.3675619065761566,
            0.3575775921344757,
            0.3504258990287781,
            0.34249764680862427,
            0.3345411419868469,
            0.3276546895503998,
            0.3191342055797577,
            0.31295737624168396,
            0.3077664077281952,
            0.29922011494636536,
            0.2934426963329315,
            0.2875339984893799,
            0.28186503052711487
        ],