{
    "name": "trial_26",
    "start_time": "2024-10-24 13:09:50.013",
    "duration": "0:05:44.935",
    "directory": "/home/krakerlu/github/ImageMLResearch/demo/chihuahua_vs_muffin/experiments/experiment_04/output/trial_26",
    "hyperparameters": {
        "normalization": "mean",
        "batch_size": 128,
        "learning_rate": 5.979451031301974e-05
    },
    "figures": {
        "training_history": "/home/krakerlu/github/ImageMLResearch/demo/chihuahua_vs_muffin/experiments/experiment_04/output/trial_26/training_history.png"
    },
    "evaluation_metrics": {
        "train": {
            "accuracy": 0.9298219084739685,
            "precision": 0.9298219084739685,
            "recall": 0.9298219084739685,
            "f1": 0.9298218584739711,
            "classification_report": {
                "chihuahua": {
                    "precision": 0.9292847503373819,
                    "recall": 0.9443225452550741,
                    "f1-score": 0.9367433002312611,
                    "support": 3646
                },
                "muffin": {
                    "precision": 0.9305032523108524,
                    "recall": 0.9120805369127517,
                    "f1-score": 0.9211997966446365,
                    "support": 2980
                },
                "micro avg": {
                    "precision": 0.9298219136734078,
                    "recall": 0.9298219136734078,
                    "f1-score": 0.9298219136734078,
                    "support": 6626
                },
                "macro avg": {
                    "precision": 0.9298940013241171,
                    "recall": 0.9282015410839128,
                    "f1-score": 0.9289715484379488,
                    "support": 6626
                },
                "weighted avg": {
                    "precision": 0.9298327636004278,
                    "recall": 0.9298219136734078,
                    "f1-score": 0.9297527115370048,
                    "support": 6626
                },
                "samples avg": {
                    "precision": 0.9298219136734078,
                    "recall": 0.9298219136734078,
                    "f1-score": 0.9298219136734078,
                    "support": 6626
                }
            }
        },
        "val": {
            "accuracy": 0.8434414863586426,
            "precision": 0.8434414863586426,
            "recall": 0.8434414863586426,
            "f1": 0.8434414363586455,
            "classification_report": {
                "chihuahua": {
                    "precision": 0.9563636363636364,
                    "recall": 0.7265193370165746,
                    "f1-score": 0.82574568288854,
                    "support": 362
                },
                "muffin": {
                    "precision": 0.771889400921659,
                    "recall": 0.9654178674351584,
                    "f1-score": 0.8578745198463509,
                    "support": 347
                },
                "micro avg": {
                    "precision": 0.843441466854725,
                    "recall": 0.843441466854725,
                    "f1-score": 0.843441466854725,
                    "support": 709
                },
                "macro avg": {
                    "precision": 0.8641265186426477,
                    "recall": 0.8459686022258666,
                    "f1-score": 0.8418101013674455,
                    "support": 709
                },
                "weighted avg": {
                    "precision": 0.8660779386226406,
                    "recall": 0.843441466854725,
                    "f1-score": 0.8414702335575955,
                    "support": 709
                },
                "samples avg": {
                    "precision": 0.843441466854725,
                    "recall": 0.843441466854725,
                    "f1-score": 0.843441466854725,
                    "support": 709
                }
            }
        },
        "test": {
            "accuracy": 0.8635724186897278,
            "precision": 0.8635724186897278,
            "recall": 0.8635724186897278,
            "f1": 0.8635723686897306,
            "classification_report": {
                "chihuahua": {
                    "precision": 0.9540983606557377,
                    "recall": 0.7780748663101604,
                    "f1-score": 0.8571428571428571,
                    "support": 374
                },
                "muffin": {
                    "precision": 0.7955665024630542,
                    "recall": 0.9584569732937686,
                    "f1-score": 0.8694481830417228,
                    "support": 337
                },
                "micro avg": {
                    "precision": 0.8635724331926864,
                    "recall": 0.8635724331926864,
                    "f1-score": 0.8635724331926864,
                    "support": 711
                },
                "macro avg": {
                    "precision": 0.8748324315593959,
                    "recall": 0.8682659198019644,
                    "f1-score": 0.8632955200922899,
                    "support": 711
                },
                "weighted avg": {
                    "precision": 0.8789573814561114,
                    "recall": 0.8635724331926864,
                    "f1-score": 0.8629753393199565,
                    "support": 711
                },
                "samples avg": {
                    "precision": 0.8635724331926864,
                    "recall": 0.8635724331926864,
                    "f1-score": 0.8635724331926864,
                    "support": 711
                }
            }
        }
    },
    "training_history": {
        "accuracy": [
            0.6949894428253174,
            0.7597343921661377,
            0.7938424348831177,
            0.8198007941246033,
            0.8362511396408081,
            0.8525505661964417,
            0.8705101013183594,
            0.8795653581619263,
            0.8868095278739929,
            0.8932991027832031,
            0.8960157036781311,
            0.900241494178772,
            0.9108059406280518,
            0.9153335094451904,
            0.9186537861824036
        ],
        "loss": [
            0.5801773071289062,
            0.5020594000816345,
            0.4538756012916565,
            0.4170423448085785,
            0.3922259211540222,
            0.3575718402862549,
            0.32253578305244446,
            0.2958115041255951,
            0.2849191427230835,
            0.2668865919113159,
            0.25654342770576477,
            0.24654394388198853,
            0.22819440066814423,
            0.21561966836452484,
            0.20486077666282654
        ],
        "val_accuracy": [
            0.7799717783927917,
            0.8152326941490173,
            0.8392101526260376,
            0.8363893032073975,
            0.8335683941841125,
            0.8406205773353577,
            0.8081805109977722,
            0.8095909953117371,
            0.798307478427887,
            0.8011283278465271,
            0.798307478427887,
            0.8053596615791321,
            0.8152326941490173,
            0.8265162110328674,
            0.8434414863586426
        ],
        "val_loss": [
            0.49439406394958496,
            0.42471253871917725,
            0.3921053409576416,
            0.38692232966423035,
            0.37591633200645447,
            0.38023146986961365,
            0.4611026644706726,
            0.4538050889968872,
            0.47811201214790344,
            0.4688127934932709,
            0.4717521667480469,
            0.45196250081062317,
            0.4424169361591339,
            0.3921143710613251,
            0.37458187341690063
        ]
    }
}