{
    "name": "trial_32",
    "start_time": "2024-10-20 11:51:53.431",
    "duration": "25.289",
    "directory": "/home/krakerlu/github/ImageMLResearch/demo/chihuahua_vs_muffin/experiments/experiment_03/output/trial_32",
    "hyperparameters": {
        "units1": 128,
        "kernel_size1": 3,
        "units2": 64,
        "kernel_size2": 3,
        "dense_units": 128,
        "dropout_rate": 0.08804036278119495,
        "learning_rate": 0.0001432259142361093
    },
    "figures": {
        "model_summary": "/home/krakerlu/github/ImageMLResearch/demo/chihuahua_vs_muffin/experiments/experiment_03/output/trial_32/model_summary.png",
        "confusion_matrix": "/home/krakerlu/github/ImageMLResearch/demo/chihuahua_vs_muffin/experiments/experiment_03/output/trial_32/confusion_matrix.png",
        "training_history": "/home/krakerlu/github/ImageMLResearch/demo/chihuahua_vs_muffin/experiments/experiment_03/output/trial_32/training_history.png"
    },
    "evaluation_metrics": {
        "train": {
            "accuracy": 0.9765625,
            "precision": 0.9765625,
            "recall": 0.9765625,
            "f1": 0.9765624500000025,
            "classification_report": {
                "chihuahua": {
                    "precision": 0.9677777777777777,
                    "recall": 0.9903354178510517,
                    "f1-score": 0.9789266647934813,
                    "support": 1759
                },
                "muffin": {
                    "precision": 0.9878571428571429,
                    "recall": 0.9597501734906315,
                    "f1-score": 0.9736008447729673,
                    "support": 1441
                },
                "micro avg": {
                    "precision": 0.9765625,
                    "recall": 0.9765625,
                    "f1-score": 0.9765625,
                    "support": 3200
                },
                "macro avg": {
                    "precision": 0.9778174603174603,
                    "recall": 0.9750427956708416,
                    "f1-score": 0.9762637547832242,
                    "support": 3200
                },
                "weighted avg": {
                    "precision": 0.9768197668650793,
                    "recall": 0.9765625,
                    "f1-score": 0.9765283814654936,
                    "support": 3200
                },
                "samples avg": {
                    "precision": 0.9765625,
                    "recall": 0.9765625,
                    "f1-score": 0.9765625,
                    "support": 3200
                }
            }
        },
        "val": {
            "accuracy": 0.887499988079071,
            "precision": 0.887499988079071,
            "recall": 0.887499988079071,
            "f1": 0.8874999380790738,
            "classification_report": {
                "chihuahua": {
                    "precision": 0.861671469740634,
                    "recall": 0.9256965944272446,
                    "f1-score": 0.8925373134328358,
                    "support": 323
                },
                "muffin": {
                    "precision": 0.9180887372013652,
                    "recall": 0.8485804416403786,
                    "f1-score": 0.8819672131147541,
                    "support": 317
                },
                "micro avg": {
                    "precision": 0.8875,
                    "recall": 0.8875,
                    "f1-score": 0.8875,
                    "support": 640
                },
                "macro avg": {
                    "precision": 0.8898801034709996,
                    "recall": 0.8871385180338116,
                    "f1-score": 0.8872522632737949,
                    "support": 640
                },
                "weighted avg": {
                    "precision": 0.8896156475297776,
                    "recall": 0.8875,
                    "f1-score": 0.887301810619036,
                    "support": 640
                },
                "samples avg": {
                    "precision": 0.8875,
                    "recall": 0.8875,
                    "f1-score": 0.8875,
                    "support": 640
                }
            }
        },
        "test": {
            "accuracy": 0.8958566784858704,
            "precision": 0.8958566784858704,
            "recall": 0.8958566784858704,
            "f1": 0.8958566284858731,
            "classification_report": {
                "chihuahua": {
                    "precision": 0.884,
                    "recall": 0.9266247379454927,
                    "f1-score": 0.9048106448311156,
                    "support": 477
                },
                "muffin": {
                    "precision": 0.910941475826972,
                    "recall": 0.8605769230769231,
                    "f1-score": 0.8850432632880099,
                    "support": 416
                },
                "micro avg": {
                    "precision": 0.8958566629339306,
                    "recall": 0.8958566629339306,
                    "f1-score": 0.8958566629339306,
                    "support": 893
                },
                "macro avg": {
                    "precision": 0.8974707379134861,
                    "recall": 0.893600830511208,
                    "f1-score": 0.8949269540595628,
                    "support": 893
                },
                "weighted avg": {
                    "precision": 0.8965505643270106,
                    "recall": 0.8958566629339306,
                    "f1-score": 0.8956020997897585,
                    "support": 893
                },
                "samples avg": {
                    "precision": 0.8958566629339306,
                    "recall": 0.8958566629339306,
                    "f1-score": 0.8958566629339306,
                    "support": 893
                }
            }
        }
    },
    "training_history": {
        "accuracy": [
            0.6524999737739563,
            0.778124988079071,
            0.824999988079071,
            0.8374999761581421,
            0.8571875095367432,
            0.8715624809265137,
            0.879687488079071,
            0.8909375071525574,
            0.9046875238418579,
            0.9121875166893005,
            0.9193750023841858,
            0.9318749904632568,
            0.9284374713897705,
            0.9371874928474426,
            0.9481250047683716,
            0.9471874833106995,
            0.957812488079071,
            0.9521874785423279,
            0.9296875,
            0.9431250095367432,
            0.957812488079071,
            0.9681249856948853,
            0.9671875238418579,
            0.9574999809265137,
            0.9543750286102295
        ],
        "loss": [
            0.6344481706619263,
            0.48487281799316406,
            0.40568068623542786,
            0.36270371079444885,
            0.32431986927986145,
            0.30790260434150696,
            0.28968724608421326,
            0.26920804381370544,
            0.2457544356584549,
            0.2274562418460846,
            0.21372079849243164,
            0.19561845064163208,
            0.19152961671352386,
            0.17198818922042847,
            0.1559220850467682,
            0.15161441266536713,
            0.13274486362934113,
            0.13115009665489197,
            0.17447786033153534,
            0.15750300884246826,
            0.11910834908485413,
            0.10601648688316345,
            0.10106465220451355,
            0.11523648351430893,
            0.1214722990989685
        ],