{
    "name": "trial_36",
    "start_time": "2024-10-24 14:07:23.132",
    "duration": "0:05:47.086",
    "directory": "/home/krakerlu/github/ImageMLResearch/demo/chihuahua_vs_muffin/experiments/experiment_04/output/trial_36",
    "hyperparameters": {
        "normalization": "standard",
        "batch_size": 64,
        "learning_rate": 9.395264280263828e-05
    },
    "figures": {
        "training_history": "/home/krakerlu/github/ImageMLResearch/demo/chihuahua_vs_muffin/experiments/experiment_04/output/trial_36/training_history.png"
    },
    "evaluation_metrics": {
        "train": {
            "accuracy": 0.9876245260238647,
            "precision": 0.9876245260238647,
            "recall": 0.9876245260238647,
            "f1": 0.9876244760238673,
            "classification_report": {
                "chihuahua": {
                    "precision": 0.9824038982133189,
                    "recall": 0.9953373560065826,
                    "f1-score": 0.9888283378746594,
                    "support": 3646
                },
                "muffin": {
                    "precision": 0.9942019099590723,
                    "recall": 0.9781879194630873,
                    "f1-score": 0.9861299052774019,
                    "support": 2980
                },
                "micro avg": {
                    "precision": 0.9876245095079987,
                    "recall": 0.9876245095079987,
                    "f1-score": 0.9876245095079987,
                    "support": 6626
                },
                "macro avg": {
                    "precision": 0.9883029040861956,
                    "recall": 0.9867626377348349,
                    "f1-score": 0.9874791215760306,
                    "support": 6626
                },
                "weighted avg": {
                    "precision": 0.9877099765414723,
                    "recall": 0.9876245095079987,
                    "f1-score": 0.9876147355293791,
                    "support": 6626
                },
                "samples avg": {
                    "precision": 0.9876245095079987,
                    "recall": 0.9876245095079987,
                    "f1-score": 0.9876245095079987,
                    "support": 6626
                }
            }
        },
        "val": {
            "accuracy": 0.8645980358123779,
            "precision": 0.8645980358123779,
            "recall": 0.8645980358123779,
            "f1": 0.8645979858123808,
            "classification_report": {
                "chihuahua": {
                    "precision": 0.9493243243243243,
                    "recall": 0.7762430939226519,
                    "f1-score": 0.8541033434650456,
                    "support": 362
                },
                "muffin": {
                    "precision": 0.8038740920096852,
                    "recall": 0.9567723342939481,
                    "f1-score": 0.8736842105263158,
                    "support": 347
                },
                "micro avg": {
                    "precision": 0.8645980253878702,
                    "recall": 0.8645980253878702,
                    "f1-score": 0.8645980253878702,
                    "support": 709
                },
                "macro avg": {
                    "precision": 0.8765992081670048,
                    "recall": 0.8665077141083,
                    "f1-score": 0.8638937769956807,
                    "support": 709
                },
                "weighted avg": {
                    "precision": 0.8781378213438169,
                    "recall": 0.8645980253878702,
                    "f1-score": 0.8636866451156249,
                    "support": 709
                },
                "samples avg": {
                    "precision": 0.8645980253878702,
                    "recall": 0.8645980253878702,
                    "f1-score": 0.8645980253878702,
                    "support": 709
                }
            }
        },
        "test": {
            "accuracy": 0.8748241662979126,
            "precision": 0.8748241662979126,
            "recall": 0.8748241662979126,
            "f1": 0.8748241162979155,
            "classification_report": {
                "chihuahua": {
                    "precision": 0.9495268138801262,
                    "recall": 0.8048128342245989,
                    "f1-score": 0.8712011577424024,
                    "support": 374
                },
                "muffin": {
                    "precision": 0.8147208121827412,
                    "recall": 0.9525222551928784,
                    "f1-score": 0.8782489740082079,
                    "support": 337
                },
                "micro avg": {
                    "precision": 0.8748241912798875,
                    "recall": 0.8748241912798875,
                    "f1-score": 0.8748241912798875,
                    "support": 711
                },
                "macro avg": {
                    "precision": 0.8821238130314337,
                    "recall": 0.8786675447087386,
                    "f1-score": 0.8747250658753052,
                    "support": 711
                },
                "weighted avg": {
                    "precision": 0.8856314234834755,
                    "recall": 0.8748241912798875,
                    "f1-score": 0.8745416838768277,
                    "support": 711
                },
                "samples avg": {
                    "precision": 0.8748241912798875,
                    "recall": 0.8748241912798875,
                    "f1-score": 0.8748241912798875,
                    "support": 711
                }
            }
        }
    },
    "training_history": {
        "accuracy": [
            0.7250226140022278,
            0.8125566244125366,
            0.8581346273422241,
            0.8762450814247131,
            0.8928463459014893,
            0.9064292311668396,
            0.9174464344978333,
            0.930576503276825,
            0.9373679161071777,
            0.9446121454238892,
            0.940235435962677,
            0.9532145857810974,
            0.9536673426628113,
            0.9566857814788818,
            0.9735888838768005
        ],
        "loss": [
            0.5415332317352295,
            0.42445528507232666,
            0.35287031531333923,
            0.3087300658226013,
            0.26907509565353394,
            0.23908448219299316,
            0.2122347205877304,
            0.18194808065891266,
            0.16376939415931702,
            0.14515887200832367,
            0.15320517122745514,
            0.1235586628317833,
            0.11722834408283234,
            0.10592693835496902,
            0.0705799087882042
        ],
        "val_accuracy": [
            0.798307478427887,
            0.8236953616142273,
            0.8194640278816223,
            0.8067700862884521,
            0.8321579694747925,
            0.8589562773704529,
            0.8730606436729431,
            0.8744710683822632,
            0.8857545852661133,
            0.9026798009872437,
            0.8787024021148682,
            0.8913963437080383,
            0.8533145189285278,
            0.8547249436378479,
            0.8645980358123779
        ],
        "val_loss": [
            0.4509805142879486,
            0.4015846848487854,
            0.41826605796813965,
            0.4347607493400574,
            0.42038214206695557,
            0.3591706156730652,
            0.3416675925254822,
            0.3271597921848297,
            0.28478777408599854,
            0.29118695855140686,
            0.32319948077201843,
            0.30810990929603577,
            0.44156980514526367,
            0.4866882562637329,
            0.40191206336021423
        ]
    }
}