{
    "name": "trial_53",
    "start_time": "2024-10-23 08:41:53.371",
    "duration": "20.874",
    "directory": "/home/krakerlu/github/ImageMLResearch/demo/chihuahua_vs_muffin/experiments/experiment_05/output/trial_53",
    "hyperparameters": {
        "dense_units": 256,
        "dropout_rate": 0.42479549383515847,
        "learning_rate": 4.627558308920554e-05
    },
    "figures": {
        "model_summary": "/home/krakerlu/github/ImageMLResearch/demo/chihuahua_vs_muffin/experiments/experiment_05/output/trial_53/model_summary.png",
        "confusion_matrix": "/home/krakerlu/github/ImageMLResearch/demo/chihuahua_vs_muffin/experiments/experiment_05/output/trial_53/confusion_matrix.png",
        "training_history": "/home/krakerlu/github/ImageMLResearch/demo/chihuahua_vs_muffin/experiments/experiment_05/output/trial_53/training_history.png"
    },
    "evaluation_metrics": {
        "train": {
            "accuracy": 0.9981250166893005,
            "precision": 0.9981250166893005,
            "recall": 0.9981250166893005,
            "f1": 0.9981249666893031,
            "classification_report": {
                "chihuahua": {
                    "precision": 0.9982944855031268,
                    "recall": 0.9982944855031268,
                    "f1-score": 0.9982944855031268,
                    "support": 1759
                },
                "muffin": {
                    "precision": 0.9979181124219292,
                    "recall": 0.9979181124219292,
                    "f1-score": 0.9979181124219292,
                    "support": 1441
                },
                "micro avg": {
                    "precision": 0.998125,
                    "recall": 0.998125,
                    "f1-score": 0.998125,
                    "support": 3200
                },
                "macro avg": {
                    "precision": 0.998106298962528,
                    "recall": 0.998106298962528,
                    "f1-score": 0.998106298962528,
                    "support": 3200
                },
                "weighted avg": {
                    "precision": 0.998125,
                    "recall": 0.998125,
                    "f1-score": 0.998125,
                    "support": 3200
                },
                "samples avg": {
                    "precision": 0.998125,
                    "recall": 0.998125,
                    "f1-score": 0.998125,
                    "support": 3200
                }
            }
        },
        "val": {
            "accuracy": 0.989062488079071,
            "precision": 0.989062488079071,
            "recall": 0.989062488079071,
            "f1": 0.9890624380790736,
            "classification_report": {
                "chihuahua": {
                    "precision": 0.9906832298136646,
                    "recall": 0.9876160990712074,
                    "f1-score": 0.9891472868217054,
                    "support": 323
                },
                "muffin": {
                    "precision": 0.9874213836477987,
                    "recall": 0.9905362776025236,
                    "f1-score": 0.988976377952756,
                    "support": 317
                },
                "micro avg": {
                    "precision": 0.9890625,
                    "recall": 0.9890625,
                    "f1-score": 0.9890625,
                    "support": 640
                },
                "macro avg": {
                    "precision": 0.9890523067307317,
                    "recall": 0.9890761883368655,
                    "f1-score": 0.9890618323872307,
                    "support": 640
                },
                "weighted avg": {
                    "precision": 0.9890675966346342,
                    "recall": 0.9890625,
                    "f1-score": 0.9890626335225537,
                    "support": 640
                },
                "samples avg": {
                    "precision": 0.9890625,
                    "recall": 0.9890625,
                    "f1-score": 0.9890625,
                    "support": 640
                }
            }
        },
        "test": {
            "accuracy": 0.9854423403739929,
            "precision": 0.9854423403739929,
            "recall": 0.9854423403739929,
            "f1": 0.9854422903739954,
            "classification_report": {
                "chihuahua": {
                    "precision": 0.9833333333333333,
                    "recall": 0.989517819706499,
                    "f1-score": 0.9864158829676071,
                    "support": 477
                },
                "muffin": {
                    "precision": 0.9878934624697336,
                    "recall": 0.9807692307692307,
                    "f1-score": 0.9843184559710495,
                    "support": 416
                },
                "micro avg": {
                    "precision": 0.9854423292273237,
                    "recall": 0.9854423292273237,
                    "f1-score": 0.9854423292273237,
                    "support": 893
                },
                "macro avg": {
                    "precision": 0.9856133979015335,
                    "recall": 0.9851435252378649,
                    "f1-score": 0.9853671694693282,
                    "support": 893
                },
                "weighted avg": {
                    "precision": 0.9854576488100886,
                    "recall": 0.9854423292273237,
                    "f1-score": 0.9854388061136675,
                    "support": 893
                },
                "samples avg": {
                    "precision": 0.9854423292273237,
                    "recall": 0.9854423292273237,
                    "f1-score": 0.9854423292273237,
                    "support": 893
                }
            }
        }
    },
    "training_history": {
        "accuracy": [
            0.6381250023841858,
            0.8915625214576721,
            0.9443749785423279,
            0.9609375,
            0.9631249904632568,
            0.9750000238418579,
            0.9765625,
            0.9756249785423279,
            0.9800000190734863,
            0.9815624952316284,
            0.9818750023841858,
            0.9821875095367432,
            0.981249988079071,
            0.9862499833106995,
            0.9884374737739563,
            0.9903125166893005,
            0.9884374737739563,
            0.9906250238418579,
            0.989062488079071,
            0.9903125166893005,
            0.9921875,
            0.9918749928474426,
            0.9921875,
            0.9931250214576721,
            0.9946874976158142
        ],
        "loss": [
            0.7455564737319946,
            0.2712041735649109,
            0.15246839821338654,
            0.11674803495407104,
            0.10380300879478455,
            0.08513771742582321,
            0.07659543305635452,
            0.07013187557458878,
            0.058468397706747055,
            0.055211350321769714,
            0.0514717735350132,
            0.0475877970457077,
            0.04804513603448868,
            0.04232987016439438,
            0.03490661829710007,
            0.03244250640273094,
            0.03690338134765625,
            0.03059220500290394,
            0.03352919965982437,
            0.029223226010799408,
            0.025983519852161407,
            0.025060975924134254,
            0.02596132829785347,
            0.020081406459212303,
            0.02131960541009903
        ],