{
    "name": "trial_31",
    "start_time": "2024-10-20 11:51:23.272",
    "duration": "29.423",
    "directory": "/home/krakerlu/github/ImageMLResearch/demo/chihuahua_vs_muffin/experiments/experiment_03/output/trial_31",
    "hyperparameters": {
        "units1": 128,
        "kernel_size1": 3,
        "units2": 64,
        "kernel_size2": 5,
        "dense_units": 128,
        "dropout_rate": 0.20512330309146576,
        "learning_rate": 0.0002757843354855997
    },
    "figures": {
        "model_summary": "/home/krakerlu/github/ImageMLResearch/demo/chihuahua_vs_muffin/experiments/experiment_03/output/trial_31/model_summary.png",
        "confusion_matrix": "/home/krakerlu/github/ImageMLResearch/demo/chihuahua_vs_muffin/experiments/experiment_03/output/trial_31/confusion_matrix.png",
        "training_history": "/home/krakerlu/github/ImageMLResearch/demo/chihuahua_vs_muffin/experiments/experiment_03/output/trial_31/training_history.png"
    },
    "evaluation_metrics": {
        "train": {
            "accuracy": 0.9878125190734863,
            "precision": 0.9878125190734863,
            "recall": 0.9878125190734863,
            "f1": 0.9878124690734889,
            "classification_report": {
                "chihuahua": {
                    "precision": 0.9971098265895953,
                    "recall": 0.9806708357021034,
                    "f1-score": 0.9888220120378332,
                    "support": 1759
                },
                "muffin": {
                    "precision": 0.9768707482993197,
                    "recall": 0.9965301873698821,
                    "f1-score": 0.9866025420817588,
                    "support": 1441
                },
                "micro avg": {
                    "precision": 0.9878125,
                    "recall": 0.9878125,
                    "f1-score": 0.9878125,
                    "support": 3200
                },
                "macro avg": {
                    "precision": 0.9869902874444576,
                    "recall": 0.9886005115359928,
                    "f1-score": 0.9877122770597959,
                    "support": 3200
                },
                "weighted avg": {
                    "precision": 0.9879959166470056,
                    "recall": 0.9878125,
                    "f1-score": 0.9878225569732385,
                    "support": 3200
                },
                "samples avg": {
                    "precision": 0.9878125,
                    "recall": 0.9878125,
                    "f1-score": 0.9878125,
                    "support": 3200
                }
            }
        },
        "val": {
            "accuracy": 0.8890625238418579,
            "precision": 0.8890625238418579,
            "recall": 0.8890625238418579,
            "f1": 0.8890624738418607,
            "classification_report": {
                "chihuahua": {
                    "precision": 0.92,
                    "recall": 0.8544891640866873,
                    "f1-score": 0.8860353130016051,
                    "support": 323
                },
                "muffin": {
                    "precision": 0.861764705882353,
                    "recall": 0.9242902208201893,
                    "f1-score": 0.8919330289193302,
                    "support": 317
                },
                "micro avg": {
                    "precision": 0.8890625,
                    "recall": 0.8890625,
                    "f1-score": 0.8890625,
                    "support": 640
                },
                "macro avg": {
                    "precision": 0.8908823529411765,
                    "recall": 0.8893896924534384,
                    "f1-score": 0.8889841709604677,
                    "support": 640
                },
                "weighted avg": {
                    "precision": 0.891155330882353,
                    "recall": 0.8890625,
                    "f1-score": 0.8889565254171033,
                    "support": 640
                },
                "samples avg": {
                    "precision": 0.8890625,
                    "recall": 0.8890625,
                    "f1-score": 0.8890625,
                    "support": 640
                }
            }
        },
        "test": {
            "accuracy": 0.892497181892395,
            "precision": 0.892497181892395,
            "recall": 0.892497181892395,
            "f1": 0.8924971318923978,
            "classification_report": {
                "chihuahua": {
                    "precision": 0.9205298013245033,
                    "recall": 0.8742138364779874,
                    "f1-score": 0.896774193548387,
                    "support": 477
                },
                "muffin": {
                    "precision": 0.8636363636363636,
                    "recall": 0.9134615384615384,
                    "f1-score": 0.8878504672897196,
                    "support": 416
                },
                "micro avg": {
                    "precision": 0.8924972004479284,
                    "recall": 0.8924972004479284,
                    "f1-score": 0.8924972004479284,
                    "support": 893
                },
                "macro avg": {
                    "precision": 0.8920830824804336,
                    "recall": 0.8938376874697629,
                    "f1-score": 0.8923123304190533,
                    "support": 893
                },
                "weighted avg": {
                    "precision": 0.8940262514048325,
                    "recall": 0.8924972004479284,
                    "f1-score": 0.8926171161423337,
                    "support": 893
                },
                "samples avg": {
                    "precision": 0.8924972004479284,
                    "recall": 0.8924972004479284,
                    "f1-score": 0.8924972004479284,
                    "support": 893
                }
            }
        }
    },
    "training_history": {
        "accuracy": [
            0.6306250095367432,
            0.7718750238418579,
            0.8206250071525574,
            0.8324999809265137,
            0.8621875047683716,
            0.8731250166893005,
            0.8790624737739563,
            0.8828125,
            0.9012500047683716,
            0.9137499928474426,
            0.9115625023841858,
            0.9146875143051147,
            0.9284374713897705,
            0.9378125071525574,
            0.9496874809265137,
            0.9534375071525574,
            0.949999988079071,
            0.9509375095367432,
            0.9665625095367432,
            0.9706249833106995,
            0.9628124833106995,
            0.932812511920929,
            0.9474999904632568,
            0.9737499952316284,
            0.981249988079071
        ],
        "loss": [
            0.6269510984420776,
            0.4835384786128998,
            0.4218534827232361,
            0.39462050795555115,
            0.338174045085907,
            0.3067815601825714,
            0.30107441544532776,
            0.28288066387176514,
            0.2408648133277893,
            0.22719188034534454,
            0.2338341921567917,
            0.21932587027549744,
            0.1940312534570694,
            0.16991356015205383,
            0.1463300585746765,
            0.12492990493774414,
            0.12760816514492035,
            0.12404234707355499,
            0.09233635663986206,
            0.07873161137104034,
            0.09567086398601532,
            0.16786080598831177,
            0.13511896133422852,
            0.07376314699649811,
            0.04808755964040756
        ],