{
    "name": "trial_3",
    "start_time": "2024-10-17 15:49:37.575",
    "duration": "20.060",
    "directory": "/home/krakerlu/github/ImageMLResearch/demo/chihuahua_vs_muffin/experiments/experiment_02/output/trial_3",
    "hyperparameters": {
        "units1": 64,
        "kernel_size1": 3,
        "units2": 128,
        "kernel_size2": 3,
        "units3": 64,
        "learning_rate": 0.0001560299181170092
    },
    "figures": {
        "model_summary": "/home/krakerlu/github/ImageMLResearch/demo/chihuahua_vs_muffin/experiments/experiment_02/output/trial_3/model_summary.png",
        "confusion_matrix": "/home/krakerlu/github/ImageMLResearch/demo/chihuahua_vs_muffin/experiments/experiment_02/output/trial_3/confusion_matrix.png",
        "training_history": "/home/krakerlu/github/ImageMLResearch/demo/chihuahua_vs_muffin/experiments/experiment_02/output/trial_3/training_history.png"
    },
    "evaluation_metrics": {
        "train": {
            "accuracy": 0.9568750262260437,
            "precision": 0.9568750262260437,
            "recall": 0.9568750262260437,
            "f1": 0.9568749762260463,
            "classification_report": {
                "chihuahua": {
                    "precision": 0.9515320334261839,
                    "recall": 0.9710062535531552,
                    "f1-score": 0.9611705120990434,
                    "support": 1759
                },
                "muffin": {
                    "precision": 0.9637010676156583,
                    "recall": 0.9396252602359473,
                    "f1-score": 0.9515108924806747,
                    "support": 1441
                },
                "micro avg": {
                    "precision": 0.956875,
                    "recall": 0.956875,
                    "f1-score": 0.956875,
                    "support": 3200
                },
                "macro avg": {
                    "precision": 0.9576165505209211,
                    "recall": 0.9553157568945512,
                    "f1-score": 0.956340702289859,
                    "support": 3200
                },
                "weighted avg": {
                    "precision": 0.9570119016346317,
                    "recall": 0.956875,
                    "f1-score": 0.9568206646396468,
                    "support": 3200
                },
                "samples avg": {
                    "precision": 0.956875,
                    "recall": 0.956875,
                    "f1-score": 0.956875,
                    "support": 3200
                }
            }
        },
        "val": {
            "accuracy": 0.890625,
            "precision": 0.890625,
            "recall": 0.890625,
            "f1": 0.8906249500000027,
            "classification_report": {
                "chihuahua": {
                    "precision": 0.8798798798798799,
                    "recall": 0.9071207430340558,
                    "f1-score": 0.8932926829268293,
                    "support": 323
                },
                "muffin": {
                    "precision": 0.9022801302931596,
                    "recall": 0.8738170347003155,
                    "f1-score": 0.8878205128205128,
                    "support": 317
                },
                "micro avg": {
                    "precision": 0.890625,
                    "recall": 0.890625,
                    "f1-score": 0.890625,
                    "support": 640
                },
                "macro avg": {
                    "precision": 0.8910800050865197,
                    "recall": 0.8904688888671857,
                    "f1-score": 0.890556597873671,
                    "support": 640
                },
                "weighted avg": {
                    "precision": 0.8909750039127076,
                    "recall": 0.890625,
                    "f1-score": 0.8905822486710445,
                    "support": 640
                },
                "samples avg": {
                    "precision": 0.890625,
                    "recall": 0.890625,
                    "f1-score": 0.890625,
                    "support": 640
                }
            }
        },
        "test": {
            "accuracy": 0.8779395222663879,
            "precision": 0.8779395222663879,
            "recall": 0.8779395222663879,
            "f1": 0.8779394722663908,
            "classification_report": {
                "chihuahua": {
                    "precision": 0.8650793650793651,
                    "recall": 0.9140461215932913,
                    "f1-score": 0.8888888888888888,
                    "support": 477
                },
                "muffin": {
                    "precision": 0.8946015424164524,
                    "recall": 0.8365384615384616,
                    "f1-score": 0.8645962732919255,
                    "support": 416
                },
                "micro avg": {
                    "precision": 0.8779395296752519,
                    "recall": 0.8779395296752519,
                    "f1-score": 0.8779395296752519,
                    "support": 893
                },
                "macro avg": {
                    "precision": 0.8798404537479088,
                    "recall": 0.8752922915658765,
                    "f1-score": 0.8767425810904071,
                    "support": 893
                },
                "weighted avg": {
                    "precision": 0.8788321375006735,
                    "recall": 0.8779395296752519,
                    "f1-score": 0.8775722840867201,
                    "support": 893
                },
                "samples avg": {
                    "precision": 0.8779395296752519,
                    "recall": 0.8779395296752519,
                    "f1-score": 0.8779395296752519,
                    "support": 893
                }
            }
        }
    },
    "training_history": {
        "accuracy": [
            0.604687511920929,
            0.7581250071525574,
            0.8224999904632568,
            0.8440625071525574,
            0.8634374737739563,
            0.8799999952316284,
            0.8934375047683716,
            0.8993750214576721,
            0.9100000262260437,
            0.9150000214576721,
            0.921875,
            0.9309375286102295,
            0.9368749856948853,
            0.9390624761581421,
            0.9428125023841858,
            0.948437511920929,
            0.9521874785423279,
            0.9556249976158142,
            0.9581249952316284,
            0.9609375,
            0.9587500095367432
        ],
        "loss": [
            0.6920925378799438,
            0.521502673625946,
            0.4218083620071411,
            0.3667437732219696,
            0.3272421360015869,
            0.3007213771343231,
            0.2783350646495819,
            0.26082441210746765,
            0.2431563138961792,
            0.23055249452590942,
            0.21731941401958466,
            0.20333480834960938,
            0.192759707570076,
            0.18395976722240448,
            0.174598827958107,
            0.16288428008556366,
            0.1532088816165924,
            0.14545315504074097,
            0.1384790688753128,
            0.13331125676631927,
            0.13266022503376007
        ],
        "val_accuracy": [
            0.714062511920929,
            0.801562488079071,
            0.8359375,
            0.859375,
            0.864062488079071,
            0.8765624761581421,
            0.875,
            0.878125011920929,
            0.878125011920929,
            0.8734375238418579,
            0.878125011920929,
            0.8765624761581421,
            0.8765624761581421,
            0.878125011920929,
            0.8843749761581421,
            0.890625,
            0.890625,
            0.8890625238418579,
            0.887499988079071,
            0.8812500238418579,
            0.8687499761581421
        ],