{
    "name": "trial_30",
    "start_time": "2024-10-20 11:50:52.877",
    "duration": "29.679",
    "directory": "/home/krakerlu/github/ImageMLResearch/demo/chihuahua_vs_muffin/experiments/experiment_03/output/trial_30",
    "hyperparameters": {
        "units1": 128,
        "kernel_size1": 3,
        "units2": 64,
        "kernel_size2": 5,
        "dense_units": 128,
        "dropout_rate": 0.07956713490452443,
        "learning_rate": 0.00012679780551011754
    },
    "figures": {
        "model_summary": "/home/krakerlu/github/ImageMLResearch/demo/chihuahua_vs_muffin/experiments/experiment_03/output/trial_30/model_summary.png",
        "confusion_matrix": "/home/krakerlu/github/ImageMLResearch/demo/chihuahua_vs_muffin/experiments/experiment_03/output/trial_30/confusion_matrix.png",
        "training_history": "/home/krakerlu/github/ImageMLResearch/demo/chihuahua_vs_muffin/experiments/experiment_03/output/trial_30/training_history.png"
    },
    "evaluation_metrics": {
        "train": {
            "accuracy": 0.9728124737739563,
            "precision": 0.9728124737739563,
            "recall": 0.9728124737739563,
            "f1": 0.9728124237739588,
            "classification_report": {
                "chihuahua": {
                    "precision": 0.9782608695652174,
                    "recall": 0.9721432632177374,
                    "f1-score": 0.9751924721984602,
                    "support": 1759
                },
                "muffin": {
                    "precision": 0.9662534435261708,
                    "recall": 0.9736294240111034,
                    "f1-score": 0.9699274109920498,
                    "support": 1441
                },
                "micro avg": {
                    "precision": 0.9728125,
                    "recall": 0.9728125,
                    "f1-score": 0.9728125,
                    "support": 3200
                },
                "macro avg": {
                    "precision": 0.9722571565456941,
                    "recall": 0.9728863436144204,
                    "f1-score": 0.972559941595255,
                    "support": 3200
                },
                "weighted avg": {
                    "precision": 0.9728537755270094,
                    "recall": 0.9728125,
                    "f1-score": 0.9728215493239486,
                    "support": 3200
                },
                "samples avg": {
                    "precision": 0.9728125,
                    "recall": 0.9728125,
                    "f1-score": 0.9728125,
                    "support": 3200
                }
            }
        },
        "val": {
            "accuracy": 0.903124988079071,
            "precision": 0.903124988079071,
            "recall": 0.903124988079071,
            "f1": 0.9031249380790738,
            "classification_report": {
                "chihuahua": {
                    "precision": 0.8990825688073395,
                    "recall": 0.9102167182662538,
                    "f1-score": 0.9046153846153846,
                    "support": 323
                },
                "muffin": {
                    "precision": 0.9073482428115016,
                    "recall": 0.8958990536277602,
                    "f1-score": 0.9015873015873016,
                    "support": 317
                },
                "micro avg": {
                    "precision": 0.903125,
                    "recall": 0.903125,
                    "f1-score": 0.903125,
                    "support": 640
                },
                "macro avg": {
                    "precision": 0.9032154058094206,
                    "recall": 0.9030578859470071,
                    "f1-score": 0.903101343101343,
                    "support": 640
                },
                "weighted avg": {
                    "precision": 0.9031766604625261,
                    "recall": 0.903125,
                    "f1-score": 0.9031155372405373,
                    "support": 640
                },
                "samples avg": {
                    "precision": 0.903125,
                    "recall": 0.903125,
                    "f1-score": 0.903125,
                    "support": 640
                }
            }
        },
        "test": {
            "accuracy": 0.9059350490570068,
            "precision": 0.9059350490570068,
            "recall": 0.9059350490570068,
            "f1": 0.9059349990570096,
            "classification_report": {
                "chihuahua": {
                    "precision": 0.9085239085239085,
                    "recall": 0.9161425576519916,
                    "f1-score": 0.9123173277661796,
                    "support": 477
                },
                "muffin": {
                    "precision": 0.9029126213592233,
                    "recall": 0.8942307692307693,
                    "f1-score": 0.8985507246376812,
                    "support": 416
                },
                "micro avg": {
                    "precision": 0.9059350503919373,
                    "recall": 0.9059350503919373,
                    "f1-score": 0.9059350503919373,
                    "support": 893
                },
                "macro avg": {
                    "precision": 0.9057182649415659,
                    "recall": 0.9051866634413804,
                    "f1-score": 0.9054340262019304,
                    "support": 893
                },
                "weighted avg": {
                    "precision": 0.9059099158469668,
                    "recall": 0.9059350503919373,
                    "f1-score": 0.9059042181340907,
                    "support": 893
                },
                "samples avg": {
                    "precision": 0.9059350503919373,
                    "recall": 0.9059350503919373,
                    "f1-score": 0.9059350503919373,
                    "support": 893
                }
            }
        }
    },
    "training_history": {
        "accuracy": [
            0.6678125262260437,
            0.7721874713897705,
            0.8153125047683716,
            0.8368750214576721,
            0.8428124785423279,
            0.8575000166893005,
            0.8709375262260437,
            0.8803125023841858,
            0.8881250023841858,
            0.8946874737739563,
            0.9040625095367432,
            0.9125000238418579,
            0.9115625023841858,
            0.9221875071525574,
            0.9193750023841858,
            0.9287499785423279,
            0.9375,
            0.9356250166893005,
            0.9434375166893005,
            0.9481250047683716,
            0.9487500190734863,
            0.9356250166893005,
            0.9181249737739563,
            0.9515625238418579,
            0.9434375166893005
        ],
        "loss": [
            0.6137998104095459,
            0.48475414514541626,
            0.4207307696342468,
            0.38020119071006775,
            0.3545852601528168,
            0.3315389156341553,
            0.31360965967178345,
            0.2882350981235504,
            0.27203214168548584,
            0.2580035328865051,
            0.24233461916446686,
            0.22689186036586761,
            0.22663117945194244,
            0.19434118270874023,
            0.20348592102527618,
            0.17856673896312714,
            0.16048404574394226,
            0.1651563197374344,
            0.15511095523834229,
            0.14053110778331757,
            0.14160415530204773,
            0.16226939857006073,
            0.1979827731847763,
            0.1370144486427307,
            0.1466345340013504
        ],